row_id,case,profile,n_sites,local_dimension_product,seconds,peak_rss_mb,settings,sector_dimension,initial_energy,initial_residual,preparation_seconds,initial_variance,calibration_energy_error,norm_drift,energy_drift,continuity_quadrature_residual,continuity_without_source,number_change,spin_change
dimer_calibration_baseline,dimer_calibration,baseline,2,16,0.846880106953904,150.58203125,"{""bond"": 16, ""cutoff"": 1e-12, ""eig_tol"": 1e-09, ""energy_tol"": 1e-08, ""exact_limit"": 0, ""method"": ""two-site DMRG and two-site TDVP"", ""normalization_during_evolution"": false, ""optimize_layout"": false, ""sector"": {""kind"": ""number_sz"", ""twosz"": 0, ""value"": 2}, ""sector_dimension"": 4, ""seed"": 1729, ""step"": 0.12, ""sweeps"": 8, ""tensor_layout"": [1, 0], ""threads"": 2}",4,-1.2360679774997898,,0.807589017029386,,0.0,1.1102230246251565e-16,2.220446049250313e-16,1.8033201244586952e-16,1.8033201244586952e-16,0.0,0.0
dimer_calibration_legacy,dimer_calibration,legacy,2,16,1.1048631140147336,153.52734375,"{""bond"": 24, ""method"": ""legacy SZ QC-integral MPS"", ""repair_U"": false, ""repair_clock"": false, ""step"": 0.1, ""sweeps"": 8}",,-1.5615528128088307,,,,0.32548483530904093,2.220446049250313e-16,0.0,2.8066148372201387e-16,2.8066148372201387e-16,0.0,0.0
dimer_calibration_legacy_clock_U,dimer_calibration,legacy_clock_U,2,16,0.7651445630472153,154.09375,"{""bond"": 24, ""method"": ""legacy SZ QC-integral MPS"", ""repair_U"": true, ""repair_clock"": true, ""step"": 0.1, ""sweeps"": 8}",,-1.23606797749979,,,,2.220446049250313e-16,2.220446049250313e-16,2.220446049250313e-16,1.321997325921604e-16,1.321997325921604e-16,0.0,0.0
dimer_calibration_production,dimer_calibration,production,2,16,0.06819422397529706,57.50390625,"{""bond"": 128, ""cutoff"": 1e-16, ""davidson_tol"": 1e-15, ""eig_tol"": 2e-12, ""energy_tol"": 1e-11, ""estimated_sparse_mb"": 100.00361633300781, ""exact_limit"": 600000, ""general_symmetry"": false, ""krylov_tol"": 1e-18, ""method"": ""sector sparse diagonalization and exponential action"", ""normalization_during_evolution"": false, ""number_as_sz"": false, ""one_site_after"": null, ""optimize_layout"": true, ""sector"": {""kind"": ""number_sz"", ""twosz"": 0, ""value"": 2}, ""sector_dimension"": 4, ""seed"": 1729, ""sparse_memory_limit_mb"": 2600, ""spin_orbitals"": false, ""step"": 0.1, ""sweeps"": 14, ""threads"": 2}",4,-1.2360679774997898,3.6821932062951477e-16,0.0057072999770753086,,0.0,6.661338147750939e-16,2.220446049250313e-16,2.2631567000683483e-16,2.2631567000683483e-16,6.661338147750939e-16,0.0
impurity_dev_baseline,impurity_dev,baseline,6,4096,1.405256771016866,154.33203125,"{""bond"": 16, ""cutoff"": 1e-12, ""davidson_tol"": 1e-12, ""eig_tol"": 1e-09, ""energy_tol"": 1e-08, ""estimated_sparse_mb"": 100.49896240234375, ""exact_limit"": 0, ""general_symmetry"": true, ""krylov_tol"": 1e-14, ""method"": ""two-site DMRG and two-site TDVP"", ""normalization_during_evolution"": false, ""number_as_sz"": false, ""one_site_after"": null, ""optimize_layout"": false, ""sector"": {""kind"": ""number_sz"", ""twosz"": 0, ""value"": 6}, ""sector_dimension"": 400, ""seed"": 1729, ""sparse_memory_limit_mb"": 2600, ""spin_orbitals"": false, ""step"": 0.12, ""sweeps"": 8, ""symmetry_implementation"": ""general Abelian"", ""tensor_layout"": [0, 1, 2, 3, 4, 5], ""threads"": 2}",400,-6.003394240947076,,0.6087872550124303,,,6.791781498094451e-05,3.744859767262909e-05,0.00047636096900424696,0.00047636096900424696,2.6645352591003757e-15,0.0
impurity_dev_dense_grid,impurity_dev,production,6,4096,0.11990545899607241,59.69140625,"{""bond"": 128, ""cutoff"": 1e-16, ""davidson_tol"": 1e-15, ""eig_tol"": 2e-12, ""energy_tol"": 1e-11, ""estimated_sparse_mb"": 100.49896240234375, ""exact_limit"": 600000, ""general_symmetry"": false, ""krylov_tol"": 1e-18, ""method"": ""sector sparse diagonalization and exponential action"", ""normalization_during_evolution"": false, ""number_as_sz"": false, ""one_site_after"": null, ""optimize_layout"": true, ""sector"": {""kind"": ""number_sz"", ""twosz"": 0, ""value"": 6}, ""sector_dimension"": 400, ""seed"": 1729, ""sparse_memory_limit_mb"": 2600, ""spin_orbitals"": false, ""step"": 0.1, ""sweeps"": 14, ""threads"": 2}",400,-6.003666073018525,6.775241138365588e-15,0.016947316005825996,,,5.10702591327572e-15,3.552713678800501e-15,8.333929573042798e-06,8.333929573042798e-06,3.552713678800501e-15,0.0
impurity_dev_final_tensor,impurity_dev,production,6,4096,1.6916367019875906,177.14453125,"{""bond"": 128, ""cutoff"": 1e-16, ""davidson_tol"": 1e-15, ""eig_tol"": 2e-12, ""energy_tol"": 1e-11, ""estimated_sparse_mb"": 100.49896240234375, ""exact_limit"": 0, ""general_symmetry"": false, ""krylov_tol"": 1e-18, ""method"": ""two-site DMRG and two-site TDVP"", ""normalization_during_evolution"": false, ""number_as_sz"": false, ""one_site_after"": null, ""optimize_layout"": true, ""sector"": {""kind"": ""number_sz"", ""twosz"": 0, ""value"": 6}, ""sector_dimension"": 400, ""seed"": 1729, ""sparse_memory_limit_mb"": 2600, ""spin_orbitals"": false, ""step"": 0.1, ""sweeps"": 14, ""symmetry_implementation"": ""specialized SZ"", ""tensor_layout"": [0, 1, 2, 3, 4, 5], ""threads"": 2}",400,-6.00366607301853,,1.0853384940419346,,,2.2670754162845697e-13,7.105427357601002e-15,0.0005343013481646786,0.0005343013481646786,7.105427357601002e-15,0.0
impurity_dev_legacy,impurity_dev,legacy,6,4096,1.5105952550075017,157.546875,"{""bond"": 24, ""method"": ""legacy SZ QC-integral MPS"", ""repair_U"": false, ""repair_clock"": false, ""step"": 0.1, ""sweeps"": 8}",,-6.165166852130115,,,,,1.8454517763943912e-06,3.98391674316656e-07,0.19283397328724305,0.19283397328724305,4.440892098500626e-15,0.0
impurity_dev_legacy_clock,impurity_dev,legacy_clock,6,4096,1.5357350389822386,157.10546875,"{""bond"": 24, ""method"": ""legacy SZ QC-integral MPS"", ""repair_U"": false, ""repair_clock"": true, ""step"": 0.1, ""sweeps"": 8}",,-6.165166852130114,,,,,3.2154470874790064e-07,3.0696170938426803e-08,0.0004750230104273445,0.0004750230104273445,2.6645352591003757e-15,0.0
impurity_dev_legacy_clock_U,impurity_dev,legacy_clock_U,6,4096,1.912880830001086,158.88671875,"{""bond"": 48, ""method"": ""legacy SZ QC-integral MPS"", ""repair_U"": true, ""repair_clock"": true, ""step"": 0.05, ""sweeps"": 12}",,-6.003666072989652,,,,,3.399391879099767e-11,9.277911772187508e-12,0.0005343048144850204,0.0005343048144850204,6.217248937900877e-15,0.0
impurity_dev_production,impurity_dev,production,6,4096,0.09105901303701103,59.625,"{""bond"": 128, ""cutoff"": 1e-16, ""davidson_tol"": 1e-15, ""eig_tol"": 2e-12, ""energy_tol"": 1e-11, ""estimated_sparse_mb"": 100.49896240234375, ""exact_limit"": 600000, ""general_symmetry"": false, ""krylov_tol"": 1e-18, ""method"": ""sector sparse diagonalization and exponential action"", ""normalization_during_evolution"": false, ""number_as_sz"": false, ""one_site_after"": null, ""optimize_layout"": true, ""sector"": {""kind"": ""number_sz"", ""twosz"": 0, ""value"": 6}, ""sector_dimension"": 400, ""seed"": 1729, ""sparse_memory_limit_mb"": 2600, ""spin_orbitals"": false, ""step"": 0.1, ""sweeps"": 14, ""threads"": 2}",400,-6.003666073018525,6.775241138365588e-15,0.01906527701066807,,,1.1102230246251565e-16,1.7763568394002505e-15,0.0005343013508767591,0.0005343013508767591,1.7763568394002505e-15,0.0
impurity_dev_refined,impurity_dev,refined,6,4096,0.07932804600568488,59.859375,"{""bond"": 192, ""cutoff"": 1e-18, ""davidson_tol"": 1e-17, ""eig_tol"": 2e-13, ""energy_tol"": 1e-12, ""estimated_sparse_mb"": 100.49896240234375, ""exact_limit"": 1000000, ""general_symmetry"": false, ""krylov_tol"": 1e-20, ""method"": ""sector sparse diagonalization and exponential action"", ""normalization_during_evolution"": false, ""number_as_sz"": false, ""one_site_after"": null, ""optimize_layout"": true, ""sector"": {""kind"": ""number_sz"", ""twosz"": 0, ""value"": 6}, ""sector_dimension"": 400, ""seed"": 1729, ""sparse_memory_limit_mb"": 2600, ""spin_orbitals"": false, ""step"": 0.05, ""sweeps"": 20, ""threads"": 2}",400,-6.003666073018525,6.775241138365588e-15,0.016535617993213236,,,1.1102230246251565e-16,1.7763568394002505e-15,0.0005343013508767591,0.0005343013508767591,1.7763568394002505e-15,0.0
impurity_dev_tensor160,impurity_dev,production,6,4096,4.244413783948403,155.9765625,"{""bond"": 160, ""cutoff"": 1e-16, ""eig_tol"": 2e-12, ""energy_tol"": 1e-10, ""exact_limit"": 0, ""method"": ""two-site DMRG and two-site TDVP"", ""normalization_during_evolution"": false, ""optimize_layout"": true, ""sector"": {""kind"": ""number_sz"", ""twosz"": 0, ""value"": 6}, ""sector_dimension"": 400, ""seed"": 1729, ""step"": 0.04, ""sweeps"": 14, ""tensor_layout"": [0, 1, 2, 3, 4, 5], ""threads"": 2}",400,-6.003666073018424,,1.3255672309896909,,,3.5493830097266255e-13,1.0658141036401503e-14,0.0005343014290309644,0.0005343014290309644,4.440892098500626e-15,0.0
impurity_scale_10_baseline,impurity_scale_10,baseline,10,1048576,6.342362030001823,155.20703125,"{""bond"": 16, ""cutoff"": 1e-12, ""eig_tol"": 1e-09, ""energy_tol"": 1e-08, ""exact_limit"": 0, ""method"": ""two-site DMRG and two-site TDVP"", ""normalization_during_evolution"": false, ""optimize_layout"": false, ""sector"": {""kind"": ""number_sz"", ""twosz"": 0, ""value"": 10}, ""sector_dimension"": 63504, ""seed"": 1729, ""step"": 0.12, ""sweeps"": 8, ""tensor_layout"": [0, 1, 2, 3, 4, 5, 6, 7, 8, 9], ""threads"": 2}",63504,-12.361488594534219,,1.5216005130205303,,,0.006795492632306388,0.0001736603983513163,0.017877219170147063,0.017877219170147063,7.105427357601002e-15,0.0
impurity_scale_10_exact,impurity_scale_10,production,10,1048576,1.33603755797958,173.43359375,"{""bond"": 160, ""cutoff"": 1e-16, ""eig_tol"": 2e-12, ""energy_tol"": 1e-10, ""exact_limit"": 1000000, ""method"": ""sector sparse diagonalization and exponential action"", ""normalization_during_evolution"": false, ""optimize_layout"": true, ""sector"": {""kind"": ""number_sz"", ""twosz"": 0, ""value"": 10}, ""sector_dimension"": 63504, ""seed"": 1729, ""step"": 0.04, ""sweeps"": 14, ""threads"": 2}",63504,-12.388603825964426,8.691367670932021e-13,0.8998840489657596,,,1.965094753586527e-14,3.730349362740526e-14,0.017524098244134145,0.017524098244134145,1.5987211554602254e-14,0.0
impurity_scale_10_pilot160,impurity_scale_10,production,10,1048576,74.56874401401728,198.50390625,"{""bond"": 160, ""cutoff"": 1e-16, ""eig_tol"": 2e-12, ""energy_tol"": 1e-10, ""exact_limit"": 60000, ""method"": ""two-site DMRG and two-site TDVP"", ""normalization_during_evolution"": false, ""optimize_layout"": true, ""sector"": {""kind"": ""number_sz"", ""twosz"": 0, ""value"": 10}, ""sector_dimension"": 63504, ""seed"": 1729, ""step"": 0.04, ""sweeps"": 14, ""tensor_layout"": [0, 1, 2, 3, 4, 5, 6, 7, 8, 9], ""threads"": 2}",63504,-12.388603822134181,,2.484053917985875,,,7.357053521950263e-09,1.7112226302629097e-08,0.017524098738887828,0.017524098738887828,8.881784197001252e-15,5.123738786221039e-22
impurity_scale_10_production,impurity_scale_10,production,10,1048576,0.8882148379925638,152.4140625,"{""bond"": 128, ""cutoff"": 1e-16, ""davidson_tol"": 1e-15, ""eig_tol"": 2e-12, ""energy_tol"": 1e-11, ""estimated_sparse_mb"": 201.01763916015625, ""exact_limit"": 600000, ""general_symmetry"": false, ""krylov_tol"": 1e-18, ""method"": ""sector sparse diagonalization and exponential action"", ""normalization_during_evolution"": false, ""number_as_sz"": false, ""one_site_after"": null, ""optimize_layout"": true, ""sector"": {""kind"": ""number_sz"", ""twosz"": 0, ""value"": 10}, ""sector_dimension"": 63504, ""seed"": 1729, ""sparse_memory_limit_mb"": 2600, ""spin_orbitals"": false, ""step"": 0.1, ""sweeps"": 14, ""threads"": 2}",63504,-12.388603825964402,1.2725094994208273e-12,0.4904079659609124,,,1.7763568394002505e-14,4.263256414560601e-14,0.017524098244126818,0.017524098244126818,8.881784197001252e-15,0.0
impurity_scale_12_exact,impurity_scale_12,production,12,16777216,23.798850192979444,1552.02734375,"{""bond"": 160, ""cutoff"": 1e-16, ""eig_tol"": 2e-12, ""energy_tol"": 1e-10, ""exact_limit"": 1000000, ""method"": ""sector sparse diagonalization and exponential action"", ""normalization_during_evolution"": false, ""optimize_layout"": true, ""sector"": {""kind"": ""number_sz"", ""twosz"": 0, ""value"": 12}, ""sector_dimension"": 853776, ""seed"": 1729, ""step"": 0.04, ""sweeps"": 14, ""threads"": 2}",853776,-14.927410606192018,4.3667686200154686e-13,15.846979595953599,,,7.549516567451064e-15,2.4158453015843406e-13,0.01310176910209393,0.01310176910209393,8.881784197001252e-14,0.0
impurity_scale_12_pilot160,impurity_scale_12,production,12,16777216,99.03173162904568,204.5390625,"{""bond"": 160, ""cutoff"": 1e-16, ""eig_tol"": 2e-12, ""energy_tol"": 1e-10, ""exact_limit"": 60000, ""method"": ""two-site DMRG and two-site TDVP"", ""normalization_during_evolution"": false, ""optimize_layout"": true, ""sector"": {""kind"": ""number_sz"", ""twosz"": 0, ""value"": 12}, ""sector_dimension"": 853776, ""seed"": 1729, ""step"": 0.04, ""sweeps"": 14, ""tensor_layout"": [0, 1, 2, 3, 4, 5, 6, 7, 8, 9, 10, 11], ""threads"": 2}",853776,-14.927410549155669,,4.3029400310479105,,,7.439996729807774e-08,7.202608109935227e-08,0.01310176489666065,0.01310176489666065,1.0658141036401503e-14,2.720701110369604e-22
impurity_scale_12_production,impurity_scale_12,production,12,16777216,17.703307587013114,1472.421875,"{""bond"": 128, ""bond_schedule"": [32, 32, 64, 64, 128], ""cutoff"": 1e-16, ""davidson_tol"": 1e-15, ""eig_tol"": 2e-12, ""energy_tol"": 1e-11, ""estimated_sparse_mb"": 1604.6864013671875, ""exact_limit"": 1000000, ""general_symmetry"": false, ""initial_bond"": 32, ""krylov_tol"": 1e-18, ""method"": ""sector sparse diagonalization and exponential action"", ""normalization_during_evolution"": false, ""number_as_sz"": false, ""one_site_after"": null, ""optimize_layout"": true, ""sector"": {""kind"": ""number_sz"", ""twosz"": 0, ""value"": 12}, ""sector_dimension"": 853776, ""seed"": 1729, ""sparse_memory_limit_mb"": 2600, ""spin_orbitals"": false, ""step"": 0.1, ""sweeps"": 14, ""threads"": 2}",853776,-14.927410606191932,2.892902546982147e-13,10.041864069993608,,,8.881784197001252e-15,2.611244553918368e-13,0.01310176910211161,0.01310176910211161,1.2079226507921703e-13,0.0
impurity_scale_12_tensor128,impurity_scale_12,production,12,16777216,45.515226768970024,206.74609375,"{""bond"": 128, ""cutoff"": 1e-16, ""davidson_tol"": 1e-15, ""eig_tol"": 2e-12, ""energy_tol"": 1e-11, ""estimated_sparse_mb"": 1604.6864013671875, ""exact_limit"": 600000, ""general_symmetry"": false, ""krylov_tol"": 1e-18, ""method"": ""two-site DMRG and two-site TDVP"", ""normalization_during_evolution"": false, ""number_as_sz"": false, ""one_site_after"": null, ""optimize_layout"": true, ""sector"": {""kind"": ""number_sz"", ""twosz"": 0, ""value"": 12}, ""sector_dimension"": 853776, ""seed"": 1729, ""sparse_memory_limit_mb"": 2600, ""spin_orbitals"": false, ""step"": 0.1, ""sweeps"": 14, ""symmetry_implementation"": ""specialized SZ"", ""tensor_layout"": [0, 1, 2, 3, 4, 5, 6, 7, 8, 9, 10, 11], ""threads"": 2}",853776,-14.927410080015378,,3.214895893994253,,,5.89475905421466e-07,6.121031965733437e-07,0.013101725875024783,0.013101725875024783,1.2434497875801753e-14,7.194367222080714e-22
impurity_scale_14_fast96,impurity_scale_14,production,14,268435456,31.15165746101411,178.734375,"{""bond"": 96, ""cutoff"": 1e-16, ""eig_tol"": 2e-12, ""energy_tol"": 1e-10, ""exact_limit"": 0, ""method"": ""two-site DMRG and two-site TDVP"", ""normalization_during_evolution"": false, ""optimize_layout"": true, ""sector"": {""kind"": ""number_sz"", ""twosz"": 0, ""value"": 14}, ""sector_dimension"": 11778624, ""seed"": 1729, ""step"": 0.1, ""sweeps"": 14, ""symmetry_implementation"": ""specialized SZ"", ""tensor_layout"": [0, 1, 2, 3, 4, 5, 6, 7, 8, 9, 10, 11, 12, 13], ""threads"": 2}",11778624,-17.468795348400494,,3.958855753997341,,,7.340642095954308e-06,5.775856021017489e-06,0.016817343761025172,0.016817343761025172,7.105427357601002e-15,2.0877371755355143e-20
impurity_scale_14_pilot160,impurity_scale_14,production,14,268435456,135.46093391696922,209.046875,"{""bond"": 160, ""cutoff"": 1e-16, ""eig_tol"": 2e-12, ""energy_tol"": 1e-10, ""exact_limit"": 60000, ""method"": ""two-site DMRG and two-site TDVP"", ""normalization_during_evolution"": false, ""optimize_layout"": true, ""sector"": {""kind"": ""number_sz"", ""twosz"": 0, ""value"": 14}, ""sector_dimension"": 11778624, ""seed"": 1729, ""step"": 0.04, ""sweeps"": 14, ""symmetry_implementation"": ""specialized SZ"", ""tensor_layout"": [0, 1, 2, 3, 4, 5, 6, 7, 8, 9, 10, 11, 12, 13], ""threads"": 2}",11778624,-17.46880200656484,,4.172883572988212,,,2.4521892771911524e-07,1.660254191904187e-07,0.016817213884408877,0.016817213884408877,8.881784197001252e-15,1.1245635679903537e-20
impurity_scale_14_production,impurity_scale_14,production,14,268435456,44.637699447979685,208.85546875,"{""bond"": 128, ""cutoff"": 1e-16, ""davidson_tol"": 1e-15, ""eig_tol"": 2e-12, ""energy_tol"": 1e-11, ""estimated_sparse_mb"": 22880.465576171875, ""exact_limit"": 600000, ""general_symmetry"": false, ""krylov_tol"": 1e-18, ""method"": ""two-site DMRG and two-site TDVP"", ""normalization_during_evolution"": false, ""number_as_sz"": false, ""one_site_after"": null, ""optimize_layout"": true, ""sector"": {""kind"": ""number_sz"", ""twosz"": 0, ""value"": 14}, ""sector_dimension"": 11778624, ""seed"": 1729, ""sparse_memory_limit_mb"": 2600, ""spin_orbitals"": false, ""step"": 0.1, ""sweeps"": 14, ""symmetry_implementation"": ""specialized SZ"", ""tensor_layout"": [0, 1, 2, 3, 4, 5, 6, 7, 8, 9, 10, 11, 12, 13], ""threads"": 2}",11778624,-17.468800321630184,,10.276796624006238,,,2.2585377889017266e-06,1.3652024151156184e-06,0.016817049588339295,0.016817049588339295,8.881784197001252e-15,1.6177886333572287e-20
ladder_dev_baseline,ladder_dev,baseline,6,4096,1.8755215400015004,155.2265625,"{""bond"": 16, ""cutoff"": 1e-12, ""davidson_tol"": 1e-12, ""eig_tol"": 1e-09, ""energy_tol"": 1e-08, ""estimated_sparse_mb"": 100.35791397094727, ""exact_limit"": 0, ""general_symmetry"": true, ""krylov_tol"": 1e-14, ""method"": ""two-site DMRG and two-site TDVP"", ""normalization_during_evolution"": false, ""number_as_sz"": false, ""one_site_after"": null, ""optimize_layout"": false, ""sector"": {""kind"": ""number_sz"", ""twosz"": 0, ""value"": 4}, ""sector_dimension"": 225, ""seed"": 1729, ""sparse_memory_limit_mb"": 2600, ""spin_orbitals"": false, ""step"": 0.12, ""sweeps"": 8, ""symmetry_implementation"": ""general Abelian"", ""tensor_layout"": [0, 1, 2, 3, 4, 5], ""threads"": 2}",225,-4.211505715730232,,0.9465499549987726,,,0.005013147154098507,0.0005543671441161635,0.00418205292646473,0.00418205292646473,0.0,0.0
ladder_dev_bond48,ladder_dev,baseline,6,4096,1.520950379956048,172.56640625,"{""bond"": 48, ""cutoff"": 1e-12, ""davidson_tol"": 1e-12, ""eig_tol"": 1e-09, ""energy_tol"": 1e-08, ""estimated_sparse_mb"": 100.35791397094727, ""exact_limit"": 0, ""general_symmetry"": true, ""krylov_tol"": 1e-14, ""method"": ""two-site DMRG and two-site TDVP"", ""normalization_during_evolution"": false, ""number_as_sz"": false, ""one_site_after"": null, ""optimize_layout"": true, ""sector"": {""kind"": ""number_sz"", ""twosz"": 0, ""value"": 4}, ""sector_dimension"": 225, ""seed"": 1729, ""sparse_memory_limit_mb"": 2600, ""spin_orbitals"": false, ""step"": 0.12, ""sweeps"": 8, ""symmetry_implementation"": ""general Abelian"", ""tensor_layout"": [4, 5, 2, 3, 0, 1], ""threads"": 2}",225,-4.230673885658986,,0.6741240329574794,,,1.0913492332065289e-13,1.7763568394002505e-15,0.006308227740711325,0.006308227740711325,4.440892098500626e-16,0.0
ladder_dev_final_tensor,ladder_dev,production,6,4096,1.7800756950164214,177.09765625,"{""bond"": 128, ""cutoff"": 1e-16, ""davidson_tol"": 1e-15, ""eig_tol"": 2e-12, ""energy_tol"": 1e-11, ""estimated_sparse_mb"": 100.35791397094727, ""exact_limit"": 0, ""general_symmetry"": false, ""krylov_tol"": 1e-18, ""method"": ""two-site DMRG and two-site TDVP"", ""normalization_during_evolution"": false, ""number_as_sz"": false, ""one_site_after"": null, ""optimize_layout"": true, ""sector"": {""kind"": ""number_sz"", ""twosz"": 0, ""value"": 4}, ""sector_dimension"": 225, ""seed"": 1729, ""sparse_memory_limit_mb"": 2600, ""spin_orbitals"": false, ""step"": 0.1, ""sweeps"": 14, ""symmetry_implementation"": ""specialized SZ"", ""tensor_layout"": [4, 5, 2, 3, 0, 1], ""threads"": 2}",225,-4.230673885659049,,1.0417903480120003,,,6.80566714095221e-14,1.7763568394002505e-15,0.0063082285981409525,0.0063082285981409525,8.881784197001252e-16,0.0
ladder_dev_legacy,ladder_dev,legacy,6,4096,1.5318132729735225,158.07421875,"{""bond"": 24, ""method"": ""legacy SZ QC-integral MPS"", ""repair_U"": false, ""repair_clock"": false, ""step"": 0.1, ""sweeps"": 8}",,-5.0350202201891925,,,,,6.30095899165628e-05,0.00017506875811612588,0.2858393685225959,0.2858393685225959,1.7763568394002505e-15,0.0
ladder_dev_more_sweeps16,ladder_dev,baseline,6,4096,1.4784916320350021,154.48046875,"{""bond"": 16, ""cutoff"": 1e-12, ""davidson_tol"": 1e-12, ""eig_tol"": 1e-09, ""energy_tol"": 1e-13, ""estimated_sparse_mb"": 100.35791397094727, ""exact_limit"": 0, ""general_symmetry"": true, ""krylov_tol"": 1e-14, ""method"": ""two-site DMRG and two-site TDVP"", ""normalization_during_evolution"": false, ""number_as_sz"": false, ""one_site_after"": null, ""optimize_layout"": false, ""sector"": {""kind"": ""number_sz"", ""twosz"": 0, ""value"": 4}, ""sector_dimension"": 225, ""seed"": 1729, ""sparse_memory_limit_mb"": 2600, ""spin_orbitals"": false, ""step"": 0.12, ""sweeps"": 24, ""symmetry_implementation"": ""general Abelian"", ""tensor_layout"": [0, 1, 2, 3, 4, 5], ""threads"": 2}",225,-4.211471889832017,,0.9000550509663299,,,0.005043159796709551,0.0005449267236610211,0.004387877677101526,0.004387877677101526,8.881784197001252e-16,0.0
ladder_dev_production,ladder_dev,production,6,4096,0.09017788601340726,58.421875,"{""bond"": 128, ""cutoff"": 1e-16, ""davidson_tol"": 1e-15, ""eig_tol"": 2e-12, ""energy_tol"": 1e-11, ""estimated_sparse_mb"": 100.35791397094727, ""exact_limit"": 600000, ""general_symmetry"": false, ""krylov_tol"": 1e-18, ""method"": ""sector sparse diagonalization and exponential action"", ""normalization_during_evolution"": false, ""number_as_sz"": false, ""one_site_after"": null, ""optimize_layout"": true, ""sector"": {""kind"": ""number_sz"", ""twosz"": 0, ""value"": 4}, ""sector_dimension"": 225, ""seed"": 1729, ""sparse_memory_limit_mb"": 2600, ""spin_orbitals"": false, ""step"": 0.1, ""sweeps"": 14, ""threads"": 2}",225,-4.230673885659045,8.70021834191645e-15,0.02539901895215735,,,2.220446049250313e-16,8.881784197001252e-16,0.0063082286164996,0.0063082286164996,8.881784197001252e-16,0.0
ladder_dev_refined,ladder_dev,refined,6,4096,0.09490391600411385,58.51953125,"{""bond"": 192, ""cutoff"": 1e-18, ""davidson_tol"": 1e-17, ""eig_tol"": 2e-13, ""energy_tol"": 1e-12, ""estimated_sparse_mb"": 100.35791397094727, ""exact_limit"": 1000000, ""general_symmetry"": false, ""krylov_tol"": 1e-20, ""method"": ""sector sparse diagonalization and exponential action"", ""normalization_during_evolution"": false, ""number_as_sz"": false, ""one_site_after"": null, ""optimize_layout"": true, ""sector"": {""kind"": ""number_sz"", ""twosz"": 0, ""value"": 4}, ""sector_dimension"": 225, ""seed"": 1729, ""sparse_memory_limit_mb"": 2600, ""spin_orbitals"": false, ""step"": 0.05, ""sweeps"": 20, ""threads"": 2}",225,-4.230673885659045,8.70021834191645e-15,0.026225543988402933,,,2.220446049250313e-16,8.881784197001252e-16,0.0063082286164996,0.0063082286164996,8.881784197001252e-16,0.0
ladder_dev_smallstep16,ladder_dev,baseline,6,4096,2.900193441018928,154.80859375,"{""bond"": 16, ""cutoff"": 1e-12, ""davidson_tol"": 1e-12, ""eig_tol"": 1e-09, ""energy_tol"": 1e-08, ""estimated_sparse_mb"": 100.35791397094727, ""exact_limit"": 0, ""general_symmetry"": true, ""krylov_tol"": 1e-14, ""method"": ""two-site DMRG and two-site TDVP"", ""normalization_during_evolution"": false, ""number_as_sz"": false, ""one_site_after"": null, ""optimize_layout"": false, ""sector"": {""kind"": ""number_sz"", ""twosz"": 0, ""value"": 4}, ""sector_dimension"": 225, ""seed"": 1729, ""sparse_memory_limit_mb"": 2600, ""spin_orbitals"": false, ""step"": 0.03, ""sweeps"": 8, ""symmetry_implementation"": ""general Abelian"", ""tensor_layout"": [0, 1, 2, 3, 4, 5], ""threads"": 2}",225,-4.211505715730231,,0.8452177839935757,,,0.0014614114111620724,0.00015860538514811395,0.005382469943871537,0.005382469943871537,4.440892098500626e-16,0.0
ladder_dev_tensor160,ladder_dev,production,6,4096,3.8233624169952236,155.6484375,"{""bond"": 160, ""cutoff"": 1e-16, ""eig_tol"": 2e-12, ""energy_tol"": 1e-10, ""exact_limit"": 0, ""method"": ""two-site DMRG and two-site TDVP"", ""normalization_during_evolution"": false, ""optimize_layout"": true, ""sector"": {""kind"": ""number_sz"", ""twosz"": 0, ""value"": 4}, ""sector_dimension"": 225, ""seed"": 1729, ""step"": 0.04, ""sweeps"": 14, ""tensor_layout"": [1, 0, 3, 2, 5, 4], ""threads"": 2}",225,-4.2306738856589625,,1.4768560490338132,,,9.392486788328824e-14,2.6645352591003757e-15,0.006308228877313082,0.006308228877313082,8.881784197001252e-16,0.0
ladder_scale_10_final_tensor,ladder_scale_10,production,10,1048576,21.043663073971402,206.6875,"{""bond"": 128, ""cutoff"": 1e-16, ""davidson_tol"": 1e-15, ""eig_tol"": 2e-12, ""energy_tol"": 1e-11, ""estimated_sparse_mb"": 132.794189453125, ""exact_limit"": 0, ""general_symmetry"": false, ""krylov_tol"": 1e-18, ""method"": ""two-site DMRG and two-site TDVP"", ""normalization_during_evolution"": false, ""number_as_sz"": false, ""one_site_after"": null, ""optimize_layout"": true, ""sector"": {""kind"": ""number_sz"", ""twosz"": 0, ""value"": 6}, ""sector_dimension"": 14400, ""seed"": 1729, ""sparse_memory_limit_mb"": 2600, ""spin_orbitals"": false, ""step"": 0.1, ""sweeps"": 14, ""symmetry_implementation"": ""specialized SZ"", ""tensor_layout"": [8, 9, 6, 7, 4, 5, 2, 3, 0, 1], ""threads"": 2}",14400,-7.843531442888894,,7.102032767958008,,,4.660240096487911e-06,9.785118368910162e-07,0.02114915662808059,0.02114915662808059,4.440892098500626e-15,1.9508098069678214e-19
ladder_scale_10_production,ladder_scale_10,production,10,1048576,0.38561510399449617,91.9609375,"{""bond"": 128, ""cutoff"": 1e-16, ""davidson_tol"": 1e-15, ""eig_tol"": 2e-12, ""energy_tol"": 1e-11, ""estimated_sparse_mb"": 132.794189453125, ""exact_limit"": 600000, ""general_symmetry"": false, ""krylov_tol"": 1e-18, ""method"": ""sector sparse diagonalization and exponential action"", ""normalization_during_evolution"": false, ""number_as_sz"": false, ""one_site_after"": null, ""optimize_layout"": true, ""sector"": {""kind"": ""number_sz"", ""twosz"": 0, ""value"": 6}, ""sector_dimension"": 14400, ""seed"": 1729, ""sparse_memory_limit_mb"": 2600, ""spin_orbitals"": false, ""step"": 0.1, ""sweeps"": 14, ""threads"": 2}",14400,-7.84353854382647,4.0494162580599746e-13,0.2517962679849006,,,6.8833827526759706e-15,8.881784197001252e-15,0.021148331735552528,0.021148331735552528,2.6645352591003757e-15,0.0
ladder_scale_14_production,ladder_scale_14,production,14,268435456,52.39947453100467,218.3046875,"{""bond"": 128, ""cutoff"": 1e-16, ""davidson_tol"": 1e-15, ""eig_tol"": 2e-12, ""energy_tol"": 1e-11, ""estimated_sparse_mb"": 3069.9507789611816, ""exact_limit"": 600000, ""general_symmetry"": false, ""krylov_tol"": 1e-18, ""method"": ""two-site DMRG and two-site TDVP"", ""normalization_during_evolution"": false, ""number_as_sz"": false, ""one_site_after"": null, ""optimize_layout"": true, ""sector"": {""kind"": ""number_sz"", ""twosz"": 0, ""value"": 8}, ""sector_dimension"": 1002001, ""seed"": 1729, ""sparse_memory_limit_mb"": 2600, ""spin_orbitals"": false, ""step"": 0.1, ""sweeps"": 14, ""symmetry_implementation"": ""specialized SZ"", ""tensor_layout"": [12, 13, 10, 11, 8, 9, 6, 7, 4, 5, 2, 3, 0, 1], ""threads"": 2}",1002001,-11.395249450031738,,24.858436312992126,,,0.0003183390123724372,4.94773431416462e-05,0.021871276710129672,0.021871276710129672,1.7763568394002505e-15,3.0712330955296705e-17
ladder_scale_14_refined,ladder_scale_14,refined,14,268435456,109.38845058396691,241.28515625,"{""bond"": 160, ""cutoff"": 1e-18, ""davidson_tol"": 1e-17, ""eig_tol"": 2e-13, ""energy_tol"": 1e-12, ""estimated_sparse_mb"": 3069.9507789611816, ""exact_limit"": 1000000, ""general_symmetry"": false, ""krylov_tol"": 1e-20, ""method"": ""two-site DMRG and two-site TDVP"", ""normalization_during_evolution"": false, ""number_as_sz"": false, ""one_site_after"": null, ""optimize_layout"": true, ""sector"": {""kind"": ""number_sz"", ""twosz"": 0, ""value"": 8}, ""sector_dimension"": 1002001, ""seed"": 1729, ""sparse_memory_limit_mb"": 2600, ""spin_orbitals"": false, ""step"": 0.1, ""sweeps"": 20, ""symmetry_implementation"": ""specialized SZ"", ""tensor_layout"": [12, 13, 10, 11, 8, 9, 6, 7, 4, 5, 2, 3, 0, 1], ""threads"": 2}",1002001,-11.395774987892962,,58.714636426011566,,,0.00013516643639577275,1.7252915737842045e-05,0.0218903546951561,0.0218903546951561,5.329070518200751e-15,1.968201413642132e-17
ladder_zero_density_production,ladder_zero_density,production,6,4096,0.09057359403232113,58.63671875,"{""bond"": 128, ""cutoff"": 1e-16, ""davidson_tol"": 1e-15, ""eig_tol"": 2e-12, ""energy_tol"": 1e-11, ""estimated_sparse_mb"": 100.35791397094727, ""exact_limit"": 600000, ""general_symmetry"": false, ""krylov_tol"": 1e-18, ""method"": ""sector sparse diagonalization and exponential action"", ""normalization_during_evolution"": false, ""number_as_sz"": false, ""one_site_after"": null, ""optimize_layout"": true, ""sector"": {""kind"": ""number_sz"", ""twosz"": 0, ""value"": 4}, ""sector_dimension"": 225, ""seed"": 1729, ""sparse_memory_limit_mb"": 2600, ""spin_orbitals"": false, ""step"": 0.1, ""sweeps"": 14, ""threads"": 2}",225,-4.534768083178202,1.1865282602971536e-14,0.02483857801416889,,,2.220446049250313e-16,8.881784197001252e-16,0.005993852974523317,0.005993852974523317,4.440892098500626e-16,0.0
mixed_nonlocal_odd_production,mixed_nonlocal_odd,production,6,4096,0.14205040800152346,64.87109375,"{""bond"": 160, ""cutoff"": 1e-16, ""eig_tol"": 2e-12, ""energy_tol"": 1e-10, ""exact_limit"": 60000, ""method"": ""sector sparse diagonalization and exponential action"", ""normalization_during_evolution"": false, ""optimize_layout"": true, ""sector"": {""kind"": ""parity"", ""value"": 1}, ""sector_dimension"": 2048, ""seed"": 1729, ""step"": 0.04, ""sweeps"": 14, ""threads"": 2}",2048,-5.991862548020296,5.829543117958125e-13,0.061409764050040394,,,4.440892098500626e-16,2.6645352591003757e-15,0.0033641642592538157,0.0769544597767683,0.059311046758798724,0.07066947463958428
mixed_nonlocal_odd_tensor160,mixed_nonlocal_odd,production,6,4096,11.13003427698277,171.34765625,"{""bond"": 160, ""cutoff"": 1e-16, ""eig_tol"": 2e-12, ""energy_tol"": 1e-10, ""exact_limit"": 0, ""method"": ""two-site DMRG and two-site TDVP"", ""normalization_during_evolution"": false, ""optimize_layout"": false, ""sector"": {""kind"": ""parity"", ""value"": 1}, ""sector_dimension"": 2048, ""seed"": 1729, ""step"": 0.04, ""sweeps"": 14, ""tensor_layout"": [4, 1, 5, 0, 3, 2], ""threads"": 2}",2048,-5.9918625480200935,,1.1281575619941577,,,1.5765166949677223e-14,6.217248937900877e-15,0.0033641649649674144,0.07695445398356238,0.05931104662984499,0.07066948649311877
onsite_pair_analytic_baseline,onsite_pair_analytic,baseline,1,4,0.06770562299061567,57.5546875,"{""bond"": 16, ""bond_schedule"": [16, 16, 16, 16, 16], ""cutoff"": 1e-12, ""davidson_tol"": 1e-12, ""eig_tol"": 1e-09, ""energy_tol"": 1e-08, ""estimated_sparse_mb"": 100.00172233581543, ""exact_limit"": 0, ""general_symmetry"": true, ""initial_bond"": 16, ""krylov_tol"": 1e-14, ""method"": ""sector sparse diagonalization and exponential action"", ""normalization_during_evolution"": false, ""number_as_sz"": false, ""one_site_after"": null, ""optimize_layout"": false, ""sector"": {""kind"": ""parity"", ""value"": 0}, ""sector_dimension"": 2, ""seed"": 1729, ""single_tensor_fallback"": true, ""sparse_memory_limit_mb"": 2600, ""spin_orbitals"": false, ""step"": 0.12, ""sweeps"": 8, ""threads"": 2}",2,-1.0,0.0,0.004582812020089477,,,2.220446049250313e-16,0.0,0.01494257987805181,0.8414709848078963,0.8414709848078963,0.0
onsite_pair_analytic_production,onsite_pair_analytic,production,1,4,0.06688321300316602,57.54296875,"{""bond"": 96, ""bond_schedule"": [32, 32, 64, 64, 96], ""cutoff"": 1e-16, ""davidson_tol"": 1e-15, ""eig_tol"": 2e-12, ""energy_tol"": 1e-11, ""estimated_sparse_mb"": 100.00172233581543, ""exact_limit"": 1000000, ""general_symmetry"": false, ""initial_bond"": 32, ""krylov_tol"": 1e-18, ""method"": ""sector sparse diagonalization and exponential action"", ""normalization_during_evolution"": false, ""number_as_sz"": false, ""one_site_after"": 0.25, ""optimize_layout"": true, ""sector"": {""kind"": ""parity"", ""value"": 0}, ""sector_dimension"": 2, ""seed"": 1729, ""sparse_memory_limit_mb"": 2600, ""spin_orbitals"": true, ""step"": 0.15, ""sweeps"": 14, ""threads"": 2}",2,-1.0,0.0,0.004248614015523344,,,2.220446049250313e-16,0.0,0.01494257987805181,0.8414709848078963,0.8414709848078963,0.0
paired_dev_baseline,paired_dev,baseline,6,4096,9.057378928991966,156.05859375,"{""bond"": 16, ""cutoff"": 1e-12, ""davidson_tol"": 1e-12, ""eig_tol"": 1e-09, ""energy_tol"": 1e-08, ""estimated_sparse_mb"": 103.9609375, ""exact_limit"": 0, ""general_symmetry"": true, ""krylov_tol"": 1e-14, ""method"": ""two-site DMRG and two-site TDVP"", ""normalization_during_evolution"": false, ""number_as_sz"": false, ""one_site_after"": null, ""optimize_layout"": false, ""sector"": {""kind"": ""parity"", ""value"": 0}, ""sector_dimension"": 2048, ""seed"": 1729, ""sparse_memory_limit_mb"": 2600, ""spin_orbitals"": false, ""step"": 0.12, ""sweeps"": 8, ""symmetry_implementation"": ""general Abelian"", ""tensor_layout"": [0, 1, 2, 3, 4, 5], ""threads"": 2}",2048,-6.254636908393947,,0.928272143995855,,,0.00017890818623189642,4.718517191015792e-05,0.006817544655790764,0.45482158361760255,0.09759613549907709,3.1422382109210844e-14
paired_dev_bond48,paired_dev,baseline,6,4096,3.5593144689919427,180.73046875,"{""bond"": 48, ""cutoff"": 1e-12, ""davidson_tol"": 1e-12, ""eig_tol"": 1e-09, ""energy_tol"": 1e-08, ""estimated_sparse_mb"": 103.9609375, ""exact_limit"": 0, ""general_symmetry"": true, ""krylov_tol"": 1e-14, ""method"": ""two-site DMRG and two-site TDVP"", ""normalization_during_evolution"": false, ""number_as_sz"": false, ""one_site_after"": null, ""optimize_layout"": true, ""sector"": {""kind"": ""parity"", ""value"": 0}, ""sector_dimension"": 2048, ""seed"": 1729, ""sparse_memory_limit_mb"": 2600, ""spin_orbitals"": false, ""step"": 0.12, ""sweeps"": 8, ""symmetry_implementation"": ""general Abelian"", ""tensor_layout"": [0, 1, 2, 3, 4, 5], ""threads"": 2}",2048,-6.2553413762718355,,1.0717924389755353,,,3.819212501809943e-09,1.0497123170694067e-09,0.0067871851801254435,0.45355040161580906,0.09727708121287826,7.975002809524722e-10
paired_dev_dense_grid,paired_dev,production,6,4096,0.24626931204693392,62.16015625,"{""bond"": 96, ""cutoff"": 1e-16, ""davidson_tol"": 1e-15, ""eig_tol"": 2e-12, ""energy_tol"": 1e-11, ""estimated_sparse_mb"": 103.9609375, ""exact_limit"": 600000, ""general_symmetry"": false, ""krylov_tol"": 1e-18, ""method"": ""sector sparse diagonalization and exponential action"", ""normalization_during_evolution"": false, ""number_as_sz"": false, ""one_site_after"": 0.25, ""optimize_layout"": true, ""sector"": {""kind"": ""parity"", ""value"": 0}, ""sector_dimension"": 2048, ""seed"": 1729, ""sparse_memory_limit_mb"": 2600, ""spin_orbitals"": true, ""step"": 0.15, ""sweeps"": 14, ""threads"": 2}",2048,-6.255341385625103,6.989733906385104e-15,0.054855406982824206,,,5.551115123125783e-15,6.217248937900877e-15,0.00010573476647157687,0.4512213525355379,0.09727709869227308,2.8449465006019636e-16
paired_dev_final_tensor,paired_dev,production,6,4096,3.285628524958156,176.203125,"{""bond"": 96, ""cutoff"": 1e-16, ""davidson_tol"": 1e-15, ""eig_tol"": 2e-12, ""energy_tol"": 1e-11, ""estimated_sparse_mb"": 103.9609375, ""exact_limit"": 0, ""general_symmetry"": false, ""krylov_tol"": 1e-18, ""local_electronic_dimension"": 2, ""method"": ""two-site DMRG and two-site TDVP; one-site TDVP after 0.25"", ""normalization_during_evolution"": false, ""number_as_sz"": false, ""one_site_after"": 0.25, ""optimize_layout"": true, ""sector"": {""kind"": ""parity"", ""value"": 0}, ""sector_dimension"": 2048, ""seed"": 1729, ""sparse_memory_limit_mb"": 2600, ""spin_orbitals"": true, ""step"": 0.15, ""sweeps"": 14, ""symmetry_implementation"": ""general Abelian modes"", ""tensor_layout"": [0, 1, 2, 3, 4, 5, 6, 7, 8, 9, 10, 11], ""threads"": 2}",2048,-6.255341385625101,,1.3685887400060892,,,6.296374532865912e-11,2.0119905741466937e-11,0.0067871834264855435,0.4535503607596935,0.09727709301647103,5.3774939354074325e-11
paired_dev_legacy,paired_dev,legacy,6,4096,1.3705310889636166,156.77734375,"{""bond"": 24, ""method"": ""legacy SZ QC-integral MPS"", ""repair_U"": false, ""repair_clock"": false, ""step"": 0.1, ""sweeps"": 8}",,-6.211875999690907,,,,,8.547905434386216e-05,3.0300456026921552e-05,0.2588723536711499,0.2588723536711499,4.440892098500626e-15,0.0
paired_dev_modes96,paired_dev,production,6,4096,4.734282153018285,176.2109375,"{""bond"": 96, ""cutoff"": 1e-16, ""eig_tol"": 2e-12, ""energy_tol"": 1e-10, ""exact_limit"": 0, ""local_electronic_dimension"": 2, ""method"": ""two-site DMRG and two-site TDVP"", ""normalization_during_evolution"": false, ""optimize_layout"": true, ""sector"": {""kind"": ""parity"", ""value"": 0}, ""sector_dimension"": 2048, ""seed"": 1729, ""spin_orbitals"": true, ""step"": 0.1, ""sweeps"": 14, ""symmetry_implementation"": ""general Abelian modes"", ""tensor_layout"": [0, 1, 2, 3, 4, 5, 6, 7, 8, 9, 10, 11], ""threads"": 2}",2048,-6.255341385625106,,1.9123776699998416,,,5.63615820681207e-12,1.7035262089848402e-12,0.00678718342487683,0.453550360751393,0.09727709300822429,5.377308667710862e-11
paired_dev_more_sweeps16,paired_dev,baseline,6,4096,1.6282464689575136,156.4375,"{""bond"": 16, ""cutoff"": 1e-12, ""davidson_tol"": 1e-12, ""eig_tol"": 1e-09, ""energy_tol"": 1e-13, ""estimated_sparse_mb"": 103.9609375, ""exact_limit"": 0, ""general_symmetry"": true, ""krylov_tol"": 1e-14, ""method"": ""two-site DMRG and two-site TDVP"", ""normalization_during_evolution"": false, ""number_as_sz"": false, ""one_site_after"": null, ""optimize_layout"": false, ""sector"": {""kind"": ""parity"", ""value"": 0}, ""sector_dimension"": 2048, ""seed"": 1729, ""sparse_memory_limit_mb"": 2600, ""spin_orbitals"": false, ""step"": 0.12, ""sweeps"": 24, ""symmetry_implementation"": ""general Abelian"", ""tensor_layout"": [0, 1, 2, 3, 4, 5], ""threads"": 2}",2048,-6.254636911543084,,0.8372898760135286,,,0.0001790438426825247,4.598838501035374e-05,0.006819242429103145,0.45478904414166565,0.09755872739645799,3.114005047430243e-16
paired_dev_production,paired_dev,production,6,4096,0.11942117800936103,62.67578125,"{""bond"": 96, ""cutoff"": 1e-16, ""davidson_tol"": 1e-15, ""eig_tol"": 2e-12, ""energy_tol"": 1e-11, ""estimated_sparse_mb"": 103.9609375, ""exact_limit"": 600000, ""general_symmetry"": false, ""krylov_tol"": 1e-18, ""method"": ""sector sparse diagonalization and exponential action"", ""normalization_during_evolution"": false, ""number_as_sz"": false, ""one_site_after"": 0.25, ""optimize_layout"": true, ""sector"": {""kind"": ""parity"", ""value"": 0}, ""sector_dimension"": 2048, ""seed"": 1729, ""sparse_memory_limit_mb"": 2600, ""spin_orbitals"": true, ""step"": 0.15, ""sweeps"": 14, ""threads"": 2}",2048,-6.255341385625103,6.989733906385104e-15,0.04486712295329198,,,9.992007221626409e-16,3.552713678800501e-15,0.006787183442810818,0.45355036448668135,0.09727709869227308,2.8102520310824275e-16
paired_dev_refined,paired_dev,refined,6,4096,0.12378598202485591,62.5390625,"{""bond"": 160, ""cutoff"": 1e-18, ""davidson_tol"": 1e-17, ""eig_tol"": 2e-13, ""energy_tol"": 1e-12, ""estimated_sparse_mb"": 103.9609375, ""exact_limit"": 1000000, ""general_symmetry"": false, ""krylov_tol"": 1e-20, ""method"": ""sector sparse diagonalization and exponential action"", ""normalization_during_evolution"": false, ""number_as_sz"": false, ""one_site_after"": null, ""optimize_layout"": true, ""sector"": {""kind"": ""parity"", ""value"": 0}, ""sector_dimension"": 2048, ""seed"": 1729, ""sparse_memory_limit_mb"": 2600, ""spin_orbitals"": true, ""step"": 0.075, ""sweeps"": 20, ""threads"": 2}",2048,-6.255341385625103,6.989733906385104e-15,0.04820877802558243,,,9.992007221626409e-16,3.552713678800501e-15,0.006787183442810818,0.45355036448668135,0.09727709869227308,2.8102520310824275e-16
paired_dev_smallstep16,paired_dev,baseline,6,4096,10.592502610001247,155.96484375,"{""bond"": 16, ""cutoff"": 1e-12, ""davidson_tol"": 1e-12, ""eig_tol"": 1e-09, ""energy_tol"": 1e-08, ""estimated_sparse_mb"": 103.9609375, ""exact_limit"": 0, ""general_symmetry"": true, ""krylov_tol"": 1e-14, ""method"": ""two-site DMRG and two-site TDVP"", ""normalization_during_evolution"": false, ""number_as_sz"": false, ""one_site_after"": null, ""optimize_layout"": false, ""sector"": {""kind"": ""parity"", ""value"": 0}, ""sector_dimension"": 2048, ""seed"": 1729, ""sparse_memory_limit_mb"": 2600, ""spin_orbitals"": false, ""step"": 0.03, ""sweeps"": 8, ""symmetry_implementation"": ""general Abelian"", ""tensor_layout"": [0, 1, 2, 3, 4, 5], ""threads"": 2}",2048,-6.254636908393945,,1.0521820209687576,,,5.168411899769687e-05,1.3213600665196168e-05,0.006793560797880516,0.4547436979058668,0.09756642922261438,3.083525769868066e-14
paired_dev_tensor160,paired_dev,production,6,4096,9.078295807004906,168.453125,"{""bond"": 160, ""cutoff"": 1e-16, ""eig_tol"": 2e-12, ""energy_tol"": 1e-10, ""exact_limit"": 0, ""method"": ""two-site DMRG and two-site TDVP"", ""normalization_during_evolution"": false, ""optimize_layout"": true, ""sector"": {""kind"": ""parity"", ""value"": 0}, ""sector_dimension"": 2048, ""seed"": 1729, ""step"": 0.04, ""sweeps"": 14, ""tensor_layout"": [0, 1, 2, 3, 4, 5], ""threads"": 2}",2048,-6.255341385624888,,1.5101237120106816,,,2.4935609133081016e-13,7.105427357601002e-15,0.006787184725652207,0.4535504269167615,0.09727694499283412,6.194495979528526e-10
paired_scale_10_baseline,paired_scale_10,baseline,10,1048576,7.473473076010123,156.73046875,"{""bond"": 16, ""cutoff"": 1e-12, ""eig_tol"": 1e-09, ""energy_tol"": 1e-08, ""exact_limit"": 0, ""method"": ""two-site DMRG and two-site TDVP"", ""normalization_during_evolution"": false, ""optimize_layout"": false, ""sector"": {""kind"": ""parity"", ""value"": 0}, ""sector_dimension"": 524288, ""seed"": 1729, ""step"": 0.12, ""sweeps"": 8, ""symmetry_implementation"": ""general Abelian"", ""tensor_layout"": [0, 1, 2, 3, 4, 5, 6, 7, 8, 9], ""threads"": 2}",524288,-10.72178319993559,,1.8972178580006585,,,0.00046816298971463777,0.00010122701798742639,0.028785612185995735,0.6385858755919218,0.22530388923431488,1.797123449542924e-05
paired_scale_10_exact,paired_scale_10,production,10,1048576,17.238210431998596,1545.46484375,"{""bond"": 160, ""cutoff"": 1e-16, ""eig_tol"": 2e-12, ""energy_tol"": 1e-10, ""exact_limit"": 1000000, ""method"": ""sector sparse diagonalization and exponential action"", ""normalization_during_evolution"": false, ""optimize_layout"": true, ""sector"": {""kind"": ""parity"", ""value"": 0}, ""sector_dimension"": 524288, ""seed"": 1729, ""step"": 0.04, ""sweeps"": 14, ""threads"": 2}",524288,-10.723626809629058,3.366977239580687e-13,9.750143348006532,,,5.440092820663267e-15,9.769962616701378e-14,0.028658588628574844,0.6362639323568041,0.22480981580829962,1.394717674685353e-15
paired_scale_10_modes96,paired_scale_10,production,10,1048576,84.62614571402082,207.75,"{""bond"": 96, ""cutoff"": 1e-16, ""eig_tol"": 2e-12, ""energy_tol"": 1e-10, ""exact_limit"": 0, ""local_electronic_dimension"": 2, ""method"": ""two-site DMRG and two-site TDVP"", ""normalization_during_evolution"": false, ""optimize_layout"": true, ""sector"": {""kind"": ""parity"", ""value"": 0}, ""sector_dimension"": 524288, ""seed"": 1729, ""spin_orbitals"": true, ""step"": 0.1, ""sweeps"": 14, ""symmetry_implementation"": ""general Abelian modes"", ""tensor_layout"": [0, 1, 2, 3, 4, 5, 6, 7, 8, 9, 10, 11, 12, 13, 14, 15, 16, 17, 18, 19], ""threads"": 2}",524288,-10.723626791275294,,3.239991545036901,,,5.926257851118777e-08,9.11836401940036e-08,0.02865858917086217,0.6362639703080761,0.22480982711121378,2.604425714633353e-09
paired_scale_10_production,paired_scale_10,production,10,1048576,16.588294516026508,1545.05078125,"{""bond"": 96, ""cutoff"": 1e-16, ""davidson_tol"": 1e-15, ""eig_tol"": 2e-12, ""energy_tol"": 1e-11, ""estimated_sparse_mb"": 1564.0, ""exact_limit"": 600000, ""general_symmetry"": false, ""krylov_tol"": 1e-18, ""method"": ""sector sparse diagonalization and exponential action"", ""normalization_during_evolution"": false, ""number_as_sz"": false, ""one_site_after"": 0.25, ""optimize_layout"": true, ""sector"": {""kind"": ""parity"", ""value"": 0}, ""sector_dimension"": 524288, ""seed"": 1729, ""sparse_memory_limit_mb"": 2600, ""spin_orbitals"": true, ""step"": 0.15, ""sweeps"": 14, ""threads"": 2}",524288,-10.723626809629058,3.366977239580687e-13,9.276223911030684,,,5.440092820663267e-15,9.769962616701378e-14,0.028658588628574844,0.6362639323568041,0.22480981580829962,1.394717674685353e-15
paired_scale_14_modes96_hybrid,paired_scale_14,production,14,268435456,91.7221176729654,209.45703125,"{""bond"": 96, ""cutoff"": 1e-16, ""davidson_tol"": 1e-15, ""eig_tol"": 2e-12, ""energy_tol"": 1e-11, ""estimated_sparse_mb"": 490084.0, ""exact_limit"": 0, ""general_symmetry"": false, ""krylov_tol"": 1e-18, ""local_electronic_dimension"": 2, ""method"": ""two-site DMRG and two-site TDVP; one-site TDVP after 0.25"", ""normalization_during_evolution"": false, ""number_as_sz"": false, ""one_site_after"": 0.25, ""optimize_layout"": true, ""sector"": {""kind"": ""parity"", ""value"": 0}, ""sector_dimension"": 134217728, ""seed"": 1729, ""sparse_memory_limit_mb"": 2600, ""spin_orbitals"": true, ""step"": 0.15, ""sweeps"": 14, ""symmetry_implementation"": ""general Abelian modes"", ""tensor_layout"": [0, 1, 2, 3, 4, 5, 6, 7, 8, 9, 10, 11, 12, 13, 14, 15, 16, 17, 18, 19, 20, 21, 22, 23, 24, 25, 26, 27], ""threads"": 2}",134217728,-15.20221859152722,,8.36985542398179,,,1.507806468570294e-08,3.4730955889017423e-09,0.031533977690838544,0.9420822249172208,0.34373437185119826,3.1029454962955996e-08
paired_scale_14_production,paired_scale_14,production,14,268435456,93.05226739001228,210.26171875,"{""bond"": 96, ""cutoff"": 1e-16, ""davidson_tol"": 1e-15, ""eig_tol"": 2e-12, ""energy_tol"": 1e-11, ""estimated_sparse_mb"": 490084.0, ""exact_limit"": 600000, ""general_symmetry"": false, ""krylov_tol"": 1e-18, ""local_electronic_dimension"": 2, ""method"": ""two-site DMRG and two-site TDVP; one-site TDVP after 0.25"", ""normalization_during_evolution"": false, ""number_as_sz"": false, ""one_site_after"": 0.25, ""optimize_layout"": true, ""sector"": {""kind"": ""parity"", ""value"": 0}, ""sector_dimension"": 134217728, ""seed"": 1729, ""sparse_memory_limit_mb"": 2600, ""spin_orbitals"": true, ""step"": 0.15, ""sweeps"": 14, ""symmetry_implementation"": ""general Abelian modes"", ""tensor_layout"": [0, 1, 2, 3, 4, 5, 6, 7, 8, 9, 10, 11, 12, 13, 14, 15, 16, 17, 18, 19, 20, 21, 22, 23, 24, 25, 26, 27], ""threads"": 2}",134217728,-15.202218591527215,,11.495717466983479,,,1.669816307448002e-08,5.88418025415649e-09,0.03153397756087151,0.9420822242132807,0.3437343718703154,3.094550093938739e-08
paired_zero_pairing_production,paired_zero_pairing,production,6,4096,0.11448831402231008,62.21875,"{""bond"": 96, ""cutoff"": 1e-16, ""davidson_tol"": 1e-15, ""eig_tol"": 2e-12, ""energy_tol"": 1e-11, ""estimated_sparse_mb"": 103.43359375, ""exact_limit"": 600000, ""general_symmetry"": false, ""krylov_tol"": 1e-18, ""method"": ""sector sparse diagonalization and exponential action"", ""normalization_during_evolution"": false, ""number_as_sz"": false, ""one_site_after"": 0.25, ""optimize_layout"": true, ""sector"": {""kind"": ""parity"", ""value"": 0}, ""sector_dimension"": 2048, ""seed"": 1729, ""sparse_memory_limit_mb"": 2600, ""spin_orbitals"": true, ""step"": 0.15, ""sweeps"": 14, ""threads"": 2}",2048,-5.752111166921411,5.9613010206666094e-15,0.03719155600992963,,,6.661338147750939e-16,3.552713678800501e-15,0.002637702252269225,0.002637702252269225,3.552713678800501e-15,2.5673907444456745e-16
renamed_mixed_contact_production,renamed_mixed_contact,production,4,65536,0.4930950329871848,101.0234375,"{""bond"": 96, ""cutoff"": 1e-16, ""davidson_tol"": 1e-15, ""eig_tol"": 2e-12, ""energy_tol"": 1e-11, ""estimated_sparse_mb"": 161.96875, ""exact_limit"": 600000, ""general_symmetry"": false, ""krylov_tol"": 1e-18, ""method"": ""sector sparse diagonalization and exponential action"", ""normalization_during_evolution"": false, ""number_as_sz"": false, ""one_site_after"": 0.25, ""optimize_layout"": true, ""sector"": {""kind"": ""parity"", ""value"": 1}, ""sector_dimension"": 32768, ""seed"": 1729, ""sparse_memory_limit_mb"": 2600, ""spin_orbitals"": true, ""step"": 0.15, ""sweeps"": 14, ""threads"": 2}",32768,-4.724632021261035,1.4693989834175185e-12,0.31545097299385816,,,2.220446049250313e-15,2.6645352591003757e-14,0.0046707559379468855,0.028299966500659315,0.05732549281104138,0.020760291194711525
renamed_mixed_contact_tensor160,renamed_mixed_contact,production,4,65536,91.30064343503909,270.2890625,"{""bond"": 160, ""cutoff"": 1e-16, ""davidson_tol"": 1e-15, ""eig_tol"": 2e-12, ""energy_tol"": 1e-11, ""estimated_sparse_mb"": 161.96875, ""exact_limit"": 0, ""general_symmetry"": false, ""krylov_tol"": 1e-18, ""local_electronic_dimension"": 2, ""method"": ""two-site DMRG and two-site TDVP"", ""normalization_during_evolution"": false, ""number_as_sz"": false, ""one_site_after"": null, ""optimize_layout"": false, ""sector"": {""kind"": ""parity"", ""value"": 1}, ""sector_dimension"": 32768, ""seed"": 1729, ""sparse_memory_limit_mb"": 2600, ""spin_orbitals"": true, ""step"": 0.04, ""sweeps"": 14, ""symmetry_implementation"": ""general Abelian modes"", ""tensor_layout"": [9, 6, 7, 2, 3, 10, 0, 1, 8, 11, 4, 5], ""threads"": 2}",32768,-4.724632021259818,,4.573514981020708,,,5.739853037312059e-14,1.5987211554602254e-14,0.004670756153898489,0.02829994676931509,0.05732542256354156,0.020760289631001502
spin_orbit_dev_baseline,spin_orbit_dev,baseline,6,4096,2.550803338002879,153.82421875,"{""bond"": 16, ""cutoff"": 1e-12, ""davidson_tol"": 1e-12, ""eig_tol"": 1e-09, ""energy_tol"": 1e-08, ""estimated_sparse_mb"": 100.91486930847168, ""exact_limit"": 0, ""general_symmetry"": true, ""krylov_tol"": 1e-14, ""method"": ""two-site DMRG and two-site TDVP"", ""normalization_during_evolution"": false, ""number_as_sz"": false, ""one_site_after"": null, ""optimize_layout"": false, ""sector"": {""kind"": ""number"", ""value"": 4}, ""sector_dimension"": 495, ""seed"": 1729, ""sparse_memory_limit_mb"": 2600, ""spin_orbitals"": false, ""step"": 0.12, ""sweeps"": 8, ""symmetry_implementation"": ""general Abelian"", ""tensor_layout"": [0, 1, 2, 3, 4, 5], ""threads"": 2}",495,-5.349731014087273,,1.0750463629956357,,,0.00037378186930725477,9.019709776580953e-05,0.0060889298299061645,0.0060889298299061645,0.0,0.0016259634012647517
spin_orbit_dev_final_tensor,spin_orbit_dev,production,6,4096,1.8534573170472868,179.1171875,"{""bond"": 160, ""cutoff"": 1e-16, ""davidson_tol"": 1e-15, ""eig_tol"": 2e-12, ""energy_tol"": 1e-11, ""estimated_sparse_mb"": 100.91486930847168, ""exact_limit"": 0, ""general_symmetry"": false, ""krylov_tol"": 1e-18, ""method"": ""two-site DMRG and two-site TDVP; one-site TDVP after 0.25"", ""normalization_during_evolution"": false, ""number_as_sz"": true, ""one_site_after"": 0.25, ""optimize_layout"": true, ""sector"": {""kind"": ""number"", ""value"": 4}, ""sector_dimension"": 495, ""seed"": 1729, ""sparse_memory_limit_mb"": 2600, ""spin_orbitals"": false, ""step"": 0.15, ""sweeps"": 14, ""symmetry_implementation"": ""specialized SZ with redundant (N,N), not physical Sz"", ""tensor_layout"": [3, 4, 2, 5, 1, 0], ""threads"": 2}",495,-5.351724128144107,,1.0793365749996156,,,2.8288035802681577e-08,1.6170167427276283e-09,0.006223027745527798,0.006223027745527798,1.7763568394002505e-15,0.002254989240298877
spin_orbit_dev_legacy,spin_orbit_dev,legacy,6,4096,1.1632392180035822,157.8515625,"{""bond"": 24, ""method"": ""legacy SZ QC-integral MPS"", ""repair_U"": false, ""repair_clock"": false, ""step"": 0.1, ""sweeps"": 8}",,-4.938470337637199,,,,,2.3066633907387057e-06,3.958153679484155e-06,0.3275309619362612,0.3275309619362612,1.7763568394002505e-15,0.0
spin_orbit_dev_modes96,spin_orbit_dev,production,6,4096,4.164599495998118,158.6953125,"{""bond"": 96, ""cutoff"": 1e-16, ""eig_tol"": 2e-12, ""energy_tol"": 1e-10, ""exact_limit"": 0, ""local_electronic_dimension"": 2, ""method"": ""two-site DMRG and two-site TDVP"", ""normalization_during_evolution"": false, ""optimize_layout"": true, ""sector"": {""kind"": ""number"", ""value"": 4}, ""sector_dimension"": 495, ""seed"": 1729, ""spin_orbitals"": true, ""step"": 0.1, ""sweeps"": 14, ""symmetry_implementation"": ""specialized SGF modes"", ""tensor_layout"": [2, 3, 4, 5, 0, 1, 6, 7, 10, 11, 8, 9], ""threads"": 2}",495,-5.351724128144107,,2.0532804220565595,,,4.028132960520736e-08,1.6342509567834895e-09,0.006226466786111606,0.006226466786111606,1.7763568394002505e-15,0.002255089467347371
spin_orbit_dev_production,spin_orbit_dev,production,6,4096,0.1006962190149352,60.34765625,"{""bond"": 160, ""cutoff"": 1e-16, ""davidson_tol"": 1e-15, ""eig_tol"": 2e-12, ""energy_tol"": 1e-11, ""estimated_sparse_mb"": 100.91486930847168, ""exact_limit"": 600000, ""general_symmetry"": false, ""krylov_tol"": 1e-18, ""method"": ""sector sparse diagonalization and exponential action"", ""normalization_during_evolution"": false, ""number_as_sz"": true, ""one_site_after"": 0.25, ""optimize_layout"": true, ""sector"": {""kind"": ""number"", ""value"": 4}, ""sector_dimension"": 495, ""seed"": 1729, ""sparse_memory_limit_mb"": 2600, ""spin_orbitals"": false, ""step"": 0.15, ""sweeps"": 14, ""threads"": 2}",495,-5.351724128144112,7.419236015609729e-13,0.03503654396627098,,,6.661338147750939e-16,2.6645352591003757e-15,0.006226475136767884,0.006226475136767884,8.881784197001252e-16,0.0022552224911025487
spin_orbit_dev_redundant,spin_orbit_dev,production,6,4096,3.465259321965277,179.23828125,"{""bond"": 128, ""cutoff"": 1e-16, ""eig_tol"": 2e-12, ""energy_tol"": 1e-10, ""exact_limit"": 0, ""method"": ""two-site DMRG and two-site TDVP"", ""normalization_during_evolution"": false, ""number_as_sz"": true, ""optimize_layout"": true, ""sector"": {""kind"": ""number"", ""value"": 4}, ""sector_dimension"": 495, ""seed"": 1729, ""step"": 0.1, ""sweeps"": 14, ""symmetry_implementation"": ""specialized SZ with redundant (N,N), not physical Sz"", ""tensor_layout"": [3, 4, 2, 5, 1, 0], ""threads"": 2}",495,-5.351724128144106,,1.3778671099571511,,,8.770761894538737e-14,5.329070518200751e-15,0.006226475127438014,0.006226475127438014,1.3322676295501878e-15,0.0022552231992802874
spin_orbit_dev_refined,spin_orbit_dev,refined,6,4096,0.10006277699721977,60.60546875,"{""bond"": 224, ""cutoff"": 1e-18, ""davidson_tol"": 1e-17, ""eig_tol"": 2e-13, ""energy_tol"": 1e-12, ""estimated_sparse_mb"": 100.91486930847168, ""exact_limit"": 1000000, ""general_symmetry"": false, ""krylov_tol"": 1e-20, ""method"": ""sector sparse diagonalization and exponential action"", ""normalization_during_evolution"": false, ""number_as_sz"": true, ""one_site_after"": null, ""optimize_layout"": true, ""sector"": {""kind"": ""number"", ""value"": 4}, ""sector_dimension"": 495, ""seed"": 1729, ""sparse_memory_limit_mb"": 2600, ""spin_orbitals"": false, ""step"": 0.075, ""sweeps"": 20, ""threads"": 2}",495,-5.351724128144112,7.419236015609729e-13,0.03466216695960611,,,6.661338147750939e-16,2.6645352591003757e-15,0.006226475136767884,0.006226475136767884,8.881784197001252e-16,0.0022552224911025487
spin_orbit_dev_tensor160,spin_orbit_dev,production,6,4096,3.3008855980006047,158.87890625,"{""bond"": 160, ""cutoff"": 1e-16, ""eig_tol"": 2e-12, ""energy_tol"": 1e-10, ""exact_limit"": 0, ""method"": ""two-site DMRG and two-site TDVP"", ""normalization_during_evolution"": false, ""optimize_layout"": true, ""sector"": {""kind"": ""number"", ""value"": 4}, ""sector_dimension"": 495, ""seed"": 1729, ""step"": 0.04, ""sweeps"": 14, ""tensor_layout"": [1, 2, 0, 3, 5, 4], ""threads"": 2}",495,-5.3517241281439025,,1.1340822390047833,,,4.5630166312093934e-14,2.6645352591003757e-15,0.0062264760403629715,0.0062264760403629715,0.0,0.0022553643685889746
spin_orbit_real_hopping_production,spin_orbit_real_hopping,production,6,4096,0.0991139390389435,58.84765625,"{""bond"": 160, ""cutoff"": 1e-16, ""davidson_tol"": 1e-15, ""eig_tol"": 2e-12, ""energy_tol"": 1e-11, ""estimated_sparse_mb"": 100.91486930847168, ""exact_limit"": 600000, ""general_symmetry"": false, ""krylov_tol"": 1e-18, ""method"": ""sector sparse diagonalization and exponential action"", ""normalization_during_evolution"": false, ""number_as_sz"": false, ""one_site_after"": 0.25, ""optimize_layout"": true, ""sector"": {""kind"": ""number"", ""value"": 4}, ""sector_dimension"": 495, ""seed"": 1729, ""sparse_memory_limit_mb"": 2600, ""spin_orbitals"": true, ""step"": 0.15, ""sweeps"": 14, ""threads"": 2}",495,-5.350874735865976,5.383009495976879e-13,0.030819142994005233,,,6.661338147750939e-16,1.7763568394002505e-15,0.006367827008185223,0.006367827008185223,1.3322676295501878e-15,0.0025093675518942926
spin_orbit_scale_10_baseline,spin_orbit_scale_10,baseline,10,1048576,3.7383432709611952,155.7421875,"{""bond"": 16, ""cutoff"": 1e-12, ""eig_tol"": 1e-09, ""energy_tol"": 1e-08, ""exact_limit"": 0, ""method"": ""two-site DMRG and two-site TDVP"", ""normalization_during_evolution"": false, ""optimize_layout"": false, ""sector"": {""kind"": ""number"", ""value"": 8}, ""sector_dimension"": 125970, ""seed"": 1729, ""step"": 0.12, ""sweeps"": 8, ""symmetry_implementation"": ""general Abelian"", ""tensor_layout"": [0, 1, 2, 3, 4, 5, 6, 7, 8, 9], ""threads"": 2}",125970,-8.510728832807755,,1.631841943017207,,,0.06617613844708525,0.0016902280766739608,0.01400131035584895,0.01400131035584895,3.552713678800501e-15,0.00521257009664039
spin_orbit_scale_10_exact,spin_orbit_scale_10,production,10,1048576,4.658223923004698,399.7890625,"{""bond"": 160, ""cutoff"": 1e-16, ""eig_tol"": 2e-12, ""energy_tol"": 1e-10, ""exact_limit"": 1000000, ""method"": ""sector sparse diagonalization and exponential action"", ""normalization_during_evolution"": false, ""optimize_layout"": true, ""sector"": {""kind"": ""number"", ""value"": 8}, ""sector_dimension"": 125970, ""seed"": 1729, ""step"": 0.04, ""sweeps"": 14, ""threads"": 2}",125970,-8.77945315275421,1.2652873574023059e-12,3.0189544309978373,,,4.6629367034256575e-15,2.842170943040401e-14,0.019373154389537184,0.019373154389537184,2.398081733190338e-14,0.005934609053269202
spin_orbit_scale_10_modes96,spin_orbit_scale_10,production,10,1048576,39.3711919139605,172.9609375,"{""bond"": 96, ""cutoff"": 1e-16, ""eig_tol"": 2e-12, ""energy_tol"": 1e-10, ""exact_limit"": 0, ""local_electronic_dimension"": 2, ""method"": ""two-site DMRG and two-site TDVP"", ""normalization_during_evolution"": false, ""optimize_layout"": true, ""sector"": {""kind"": ""number"", ""value"": 8}, ""sector_dimension"": 125970, ""seed"": 1729, ""spin_orbitals"": true, ""step"": 0.1, ""sweeps"": 14, ""symmetry_implementation"": ""specialized SGF modes"", ""tensor_layout"": [4, 5, 6, 7, 2, 3, 8, 9, 0, 1, 10, 11, 12, 13, 18, 19, 14, 15, 16, 17], ""threads"": 2}",125970,-8.77651310223226,,6.938724116014782,,,0.0009458515391940203,0.00017118691324036206,0.019401915761981914,0.019401915761981914,6.217248937900877e-15,0.005670801231698663
spin_orbit_scale_10_production,spin_orbit_scale_10,production,10,1048576,4.250026175985113,399.94140625,"{""bond"": 160, ""cutoff"": 1e-16, ""davidson_tol"": 1e-15, ""eig_tol"": 2e-12, ""energy_tol"": 1e-11, ""estimated_sparse_mb"": 419.31711196899414, ""exact_limit"": 600000, ""general_symmetry"": false, ""krylov_tol"": 1e-18, ""method"": ""sector sparse diagonalization and exponential action"", ""normalization_during_evolution"": false, ""number_as_sz"": false, ""one_site_after"": 0.25, ""optimize_layout"": true, ""sector"": {""kind"": ""number"", ""value"": 8}, ""sector_dimension"": 125970, ""seed"": 1729, ""sparse_memory_limit_mb"": 2600, ""spin_orbitals"": true, ""step"": 0.15, ""sweeps"": 14, ""threads"": 2}",125970,-8.77945315275421,1.2652873574023059e-12,2.8039066990022548,,,4.6629367034256575e-15,2.842170943040401e-14,0.019373154389537184,0.019373154389537184,2.398081733190338e-14,0.005934609053269202
spin_orbit_scale_10_rcm_modes128,spin_orbit_scale_10,production,10,1048576,57.92619911499787,202.7265625,"{""bond"": 128, ""cutoff"": 1e-16, ""eig_tol"": 2e-12, ""energy_tol"": 1e-10, ""exact_limit"": 0, ""local_electronic_dimension"": 2, ""method"": ""two-site DMRG and two-site TDVP"", ""normalization_during_evolution"": false, ""optimize_layout"": true, ""sector"": {""kind"": ""number"", ""value"": 8}, ""sector_dimension"": 125970, ""seed"": 1729, ""spin_orbitals"": true, ""step"": 0.15, ""sweeps"": 14, ""symmetry_implementation"": ""specialized SGF modes"", ""tensor_layout"": [10, 11, 12, 13, 8, 9, 14, 15, 6, 7, 16, 17, 4, 5, 18, 19, 2, 3, 0, 1], ""threads"": 2}",125970,-8.778426160090978,,14.62993972300319,,,0.00041049346822441546,0.00010155070065387406,0.019481635434407618,0.019481635434407618,2.6645352591003757e-15,0.005696543802948095
spin_orbit_scale_10_rcm_modes192,spin_orbit_scale_10,production,10,1048576,64.3019872289733,246.1484375,"{""bond"": 192, ""cutoff"": 1e-16, ""eig_tol"": 2e-12, ""energy_tol"": 1e-10, ""exact_limit"": 0, ""local_electronic_dimension"": 2, ""method"": ""two-site DMRG and two-site TDVP"", ""normalization_during_evolution"": false, ""one_site_after"": 0.25, ""optimize_layout"": true, ""sector"": {""kind"": ""number"", ""value"": 8}, ""sector_dimension"": 125970, ""seed"": 1729, ""spin_orbitals"": true, ""step"": 0.15, ""sweeps"": 14, ""symmetry_implementation"": ""specialized SGF modes"", ""tensor_layout"": [10, 11, 12, 13, 8, 9, 14, 15, 6, 7, 16, 17, 4, 5, 18, 19, 2, 3, 0, 1], ""threads"": 2}",125970,-8.779325620794031,,10.601182450016495,,,2.9066330613503055e-06,2.003827136221048e-06,0.019385260796693393,0.019385260796693393,7.105427357601002e-15,0.005857848087219009
spin_orbit_scale_10_redundant128,spin_orbit_scale_10,production,10,1048576,92.10785924695665,280.890625,"{""bond"": 128, ""cutoff"": 1e-16, ""eig_tol"": 2e-12, ""energy_tol"": 1e-10, ""exact_limit"": 0, ""method"": ""two-site DMRG and two-site TDVP"", ""normalization_during_evolution"": false, ""number_as_sz"": true, ""optimize_layout"": true, ""sector"": {""kind"": ""number"", ""value"": 8}, ""sector_dimension"": 125970, ""seed"": 1729, ""step"": 0.1, ""sweeps"": 14, ""symmetry_implementation"": ""specialized SZ with redundant (N,N), not physical Sz"", ""tensor_layout"": [5, 6, 4, 7, 3, 8, 2, 9, 1, 0], ""threads"": 2}",125970,-8.778845682167402,,10.491608512995299,,,0.0002144385356389611,9.098430692588977e-05,0.019464897822009608,0.019464897822009608,5.329070518200751e-15,0.005876253864007752
spin_orbit_scale_10_spatial192_hybrid,spin_orbit_scale_10,production,10,1048576,76.12406828801613,388.86328125,"{""bond"": 192, ""cutoff"": 1e-16, ""eig_tol"": 2e-12, ""energy_tol"": 1e-10, ""exact_limit"": 0, ""method"": ""two-site DMRG and two-site TDVP"", ""normalization_during_evolution"": false, ""number_as_sz"": true, ""one_site_after"": 0.25, ""optimize_layout"": true, ""sector"": {""kind"": ""number"", ""value"": 8}, ""sector_dimension"": 125970, ""seed"": 1729, ""step"": 0.15, ""sweeps"": 14, ""symmetry_implementation"": ""specialized SZ with redundant (N,N), not physical Sz"", ""tensor_layout"": [5, 6, 4, 7, 3, 8, 2, 9, 1, 0], ""threads"": 2}",125970,-8.779385996871772,,12.977912052010652,,,1.081284147219641e-06,4.963655069190054e-07,0.019382875438138714,0.019382875438138714,5.329070518200751e-15,0.005898443612041893
spin_orbit_scale_14_fast96,spin_orbit_scale_14,production,14,268435456,160.1105373330065,226.58203125,"{""bond"": 96, ""cutoff"": 1e-16, ""eig_tol"": 2e-12, ""energy_tol"": 1e-10, ""exact_limit"": 0, ""method"": ""two-site DMRG and two-site TDVP"", ""normalization_during_evolution"": false, ""optimize_layout"": true, ""sector"": {""kind"": ""number"", ""value"": 12}, ""sector_dimension"": 30421755, ""seed"": 1729, ""step"": 0.1, ""sweeps"": 14, ""symmetry_implementation"": ""general Abelian"", ""tensor_layout"": [2, 1, 3, 4, 0, 5, 6, 7, 13, 8, 9, 12, 10, 11], ""threads"": 2}",30421755,-11.627294942932714,,44.0679849240114,,,0.006465190660968179,0.0008393939333313227,0.02033549458389683,0.02033549458389683,1.5987211554602254e-14,0.010479408736510987
spin_orbit_scale_14_modes96,spin_orbit_scale_14,production,14,268435456,102.96559530799277,174.27734375,"{""bond"": 96, ""cutoff"": 1e-16, ""eig_tol"": 2e-12, ""energy_tol"": 1e-10, ""exact_limit"": 0, ""local_electronic_dimension"": 2, ""method"": ""two-site DMRG and two-site TDVP"", ""normalization_during_evolution"": false, ""optimize_layout"": true, ""sector"": {""kind"": ""number"", ""value"": 12}, ""sector_dimension"": 30421755, ""seed"": 1729, ""spin_orbitals"": true, ""step"": 0.1, ""sweeps"": 14, ""symmetry_implementation"": ""specialized SGF modes"", ""tensor_layout"": [4, 5, 2, 3, 6, 7, 8, 9, 0, 1, 10, 11, 12, 13, 14, 15, 26, 27, 16, 17, 18, 19, 24, 25, 20, 21, 22, 23], ""threads"": 2}",30421755,-11.620537626194453,,20.083526962960605,,,0.006367368697820397,0.000528959434417331,0.020466631927000545,0.020466631927000545,7.105427357601002e-15,0.008455951111946025
spin_orbit_scale_14_production,spin_orbit_scale_14,production,14,268435456,137.63095160399098,225.2578125,"{""bond"": 160, ""cutoff"": 1e-16, ""davidson_tol"": 1e-15, ""eig_tol"": 2e-12, ""energy_tol"": 1e-11, ""estimated_sparse_mb"": 98104.04395103455, ""exact_limit"": 600000, ""general_symmetry"": false, ""krylov_tol"": 1e-18, ""local_electronic_dimension"": 2, ""method"": ""two-site DMRG and two-site TDVP; one-site TDVP after 0.25"", ""normalization_during_evolution"": false, ""number_as_sz"": false, ""one_site_after"": 0.25, ""optimize_layout"": true, ""sector"": {""kind"": ""number"", ""value"": 12}, ""sector_dimension"": 30421755, ""seed"": 1729, ""sparse_memory_limit_mb"": 2600, ""spin_orbitals"": true, ""step"": 0.15, ""sweeps"": 14, ""symmetry_implementation"": ""specialized SGF modes"", ""tensor_layout"": [14, 15, 16, 17, 12, 13, 18, 19, 10, 11, 20, 21, 8, 9, 22, 23, 6, 7, 24, 25, 4, 5, 26, 27, 2, 3, 0, 1], ""threads"": 2}",30421755,-11.638964594970773,,51.34345361997839,,,0.00025830641286428424,4.7020084091187186e-05,0.020439024254059523,0.020439024254059523,1.0658141036401503e-14,0.00903368653167072
vibronic_dev_baseline,vibronic_dev,baseline,4,65536,2.9182744140271097,159.8515625,"{""bond"": 16, ""cutoff"": 1e-12, ""davidson_tol"": 1e-12, ""eig_tol"": 1e-09, ""energy_tol"": 1e-08, ""estimated_sparse_mb"": 116.2421875, ""exact_limit"": 0, ""general_symmetry"": true, ""krylov_tol"": 1e-14, ""method"": ""two-site DMRG and two-site TDVP"", ""normalization_during_evolution"": false, ""number_as_sz"": false, ""one_site_after"": null, ""optimize_layout"": false, ""sector"": {""kind"": ""number_sz"", ""twosz"": 0, ""value"": 4}, ""sector_dimension"": 9216, ""seed"": 1729, ""sparse_memory_limit_mb"": 2600, ""spin_orbitals"": false, ""step"": 0.12, ""sweeps"": 8, ""symmetry_implementation"": ""general Abelian"", ""tensor_layout"": [0, 1, 2, 3, 4, 5, 6, 7], ""threads"": 2}",9216,-5.2653177187402775,,0.8525643509929068,,,5.7222950305302334e-05,3.650186185577553e-05,0.002838145756589555,0.002838145756589555,0.0,0.0
vibronic_dev_bond48,vibronic_dev,baseline,4,65536,4.505213344004005,178.8203125,"{""bond"": 48, ""cutoff"": 1e-12, ""davidson_tol"": 1e-12, ""eig_tol"": 1e-09, ""energy_tol"": 1e-08, ""estimated_sparse_mb"": 116.2421875, ""exact_limit"": 0, ""general_symmetry"": true, ""krylov_tol"": 1e-14, ""method"": ""two-site DMRG and two-site TDVP"", ""normalization_during_evolution"": false, ""number_as_sz"": false, ""one_site_after"": null, ""optimize_layout"": true, ""sector"": {""kind"": ""number_sz"", ""twosz"": 0, ""value"": 4}, ""sector_dimension"": 9216, ""seed"": 1729, ""sparse_memory_limit_mb"": 2600, ""spin_orbitals"": false, ""step"": 0.12, ""sweeps"": 8, ""symmetry_implementation"": ""general Abelian"", ""tensor_layout"": [0, 4, 1, 5, 2, 6, 3, 7], ""threads"": 2}",9216,-5.265438720144538,,1.3280136759858578,,,9.817547996782139e-09,2.5606650133624953e-08,0.002831904273118774,0.002831904273118774,8.881784197001252e-16,0.0
vibronic_dev_dense_grid,vibronic_dev,production,4,65536,0.3399399159825407,67.953125,"{""bond"": 128, ""cutoff"": 1e-16, ""davidson_tol"": 1e-15, ""eig_tol"": 2e-12, ""energy_tol"": 1e-11, ""estimated_sparse_mb"": 116.2421875, ""exact_limit"": 600000, ""general_symmetry"": false, ""krylov_tol"": 1e-18, ""method"": ""sector sparse diagonalization and exponential action"", ""normalization_during_evolution"": false, ""number_as_sz"": false, ""one_site_after"": null, ""optimize_layout"": true, ""sector"": {""kind"": ""number_sz"", ""twosz"": 0, ""value"": 4}, ""sector_dimension"": 9216, ""seed"": 1729, ""sparse_memory_limit_mb"": 2600, ""spin_orbitals"": false, ""step"": 0.1, ""sweeps"": 14, ""threads"": 2}",9216,-5.2654387208598665,7.881294438242329e-15,0.05711172899464145,,,4.884981308350689e-15,3.552713678800501e-14,4.400084538383475e-05,4.400084538383475e-05,1.7319479184152442e-14,0.0
vibronic_dev_final_tensor,vibronic_dev,production,4,65536,5.976036767009646,191.6484375,"{""bond"": 128, ""cutoff"": 1e-16, ""davidson_tol"": 1e-15, ""eig_tol"": 2e-12, ""energy_tol"": 1e-11, ""estimated_sparse_mb"": 116.2421875, ""exact_limit"": 0, ""general_symmetry"": false, ""krylov_tol"": 1e-18, ""method"": ""two-site DMRG and two-site TDVP"", ""normalization_during_evolution"": false, ""number_as_sz"": false, ""one_site_after"": null, ""optimize_layout"": true, ""sector"": {""kind"": ""number_sz"", ""twosz"": 0, ""value"": 4}, ""sector_dimension"": 9216, ""seed"": 1729, ""sparse_memory_limit_mb"": 2600, ""spin_orbitals"": false, ""step"": 0.1, ""sweeps"": 14, ""symmetry_implementation"": ""specialized SZ"", ""tensor_layout"": [0, 4, 1, 5, 2, 6, 3, 7], ""threads"": 2}",9216,-5.265438720859722,,1.2456259980099276,,,9.459100169806334e-14,1.0391687510491465e-13,0.002831903390142193,0.002831903390142193,8.881784197001252e-16,0.0
vibronic_dev_legacy,vibronic_dev,legacy,4,65536,2.5618207969819196,156.88671875,"{""bond"": 24, ""method"": ""legacy SZ QC-integral MPS"", ""repair_U"": false, ""repair_clock"": false, ""step"": 0.1, ""sweeps"": 8}",,-5.741044913306163,,,,,4.3298697960381105e-15,6.217248937900877e-15,0.2260472883983545,0.2260472883983545,0.0,0.0
vibronic_dev_more_sweeps16,vibronic_dev,baseline,4,65536,3.1576380789629184,158.99609375,"{""bond"": 16, ""cutoff"": 1e-12, ""davidson_tol"": 1e-12, ""eig_tol"": 1e-09, ""energy_tol"": 1e-13, ""estimated_sparse_mb"": 116.2421875, ""exact_limit"": 0, ""general_symmetry"": true, ""krylov_tol"": 1e-14, ""method"": ""two-site DMRG and two-site TDVP"", ""normalization_during_evolution"": false, ""number_as_sz"": false, ""one_site_after"": null, ""optimize_layout"": false, ""sector"": {""kind"": ""number_sz"", ""twosz"": 0, ""value"": 4}, ""sector_dimension"": 9216, ""seed"": 1729, ""sparse_memory_limit_mb"": 2600, ""spin_orbitals"": false, ""step"": 0.12, ""sweeps"": 24, ""symmetry_implementation"": ""general Abelian"", ""tensor_layout"": [0, 1, 2, 3, 4, 5, 6, 7], ""threads"": 2}",9216,-5.265317758440275,,1.4679897210444324,,,5.719629445599672e-05,3.6538101508831744e-05,0.0028381352224203793,0.0028381352224203793,4.440892098500626e-16,0.0
vibronic_dev_production,vibronic_dev,production,4,65536,0.16247940697940066,68.265625,"{""bond"": 128, ""cutoff"": 1e-16, ""davidson_tol"": 1e-15, ""eig_tol"": 2e-12, ""energy_tol"": 1e-11, ""estimated_sparse_mb"": 116.2421875, ""exact_limit"": 600000, ""general_symmetry"": false, ""krylov_tol"": 1e-18, ""method"": ""sector sparse diagonalization and exponential action"", ""normalization_during_evolution"": false, ""number_as_sz"": false, ""one_site_after"": null, ""optimize_layout"": true, ""sector"": {""kind"": ""number_sz"", ""twosz"": 0, ""value"": 4}, ""sector_dimension"": 9216, ""seed"": 1729, ""sparse_memory_limit_mb"": 2600, ""spin_orbitals"": false, ""step"": 0.1, ""sweeps"": 14, ""threads"": 2}",9216,-5.2654387208598665,7.881294438242329e-15,0.04961907601682469,,,2.7755575615628914e-15,2.6645352591003757e-14,0.0028319033972383223,0.0028319033972383223,1.1546319456101628e-14,0.0
vibronic_dev_refined,vibronic_dev,refined,4,65536,0.14916228101355955,68.3984375,"{""bond"": 192, ""cutoff"": 1e-18, ""davidson_tol"": 1e-17, ""eig_tol"": 2e-13, ""energy_tol"": 1e-12, ""estimated_sparse_mb"": 116.2421875, ""exact_limit"": 1000000, ""general_symmetry"": false, ""krylov_tol"": 1e-20, ""method"": ""sector sparse diagonalization and exponential action"", ""normalization_during_evolution"": false, ""number_as_sz"": false, ""one_site_after"": null, ""optimize_layout"": true, ""sector"": {""kind"": ""number_sz"", ""twosz"": 0, ""value"": 4}, ""sector_dimension"": 9216, ""seed"": 1729, ""sparse_memory_limit_mb"": 2600, ""spin_orbitals"": false, ""step"": 0.05, ""sweeps"": 20, ""threads"": 2}",9216,-5.2654387208598665,7.881294438242329e-15,0.04943772096885368,,,2.7755575615628914e-15,2.6645352591003757e-14,0.0028319033972383223,0.0028319033972383223,1.1546319456101628e-14,0.0
vibronic_dev_smallstep16,vibronic_dev,baseline,4,65536,5.260024517017882,159.07421875,"{""bond"": 16, ""cutoff"": 1e-12, ""davidson_tol"": 1e-12, ""eig_tol"": 1e-09, ""energy_tol"": 1e-08, ""estimated_sparse_mb"": 116.2421875, ""exact_limit"": 0, ""general_symmetry"": true, ""krylov_tol"": 1e-14, ""method"": ""two-site DMRG and two-site TDVP"", ""normalization_during_evolution"": false, ""number_as_sz"": false, ""one_site_after"": null, ""optimize_layout"": false, ""sector"": {""kind"": ""number_sz"", ""twosz"": 0, ""value"": 4}, ""sector_dimension"": 9216, ""seed"": 1729, ""sparse_memory_limit_mb"": 2600, ""spin_orbitals"": false, ""step"": 0.03, ""sweeps"": 8, ""symmetry_implementation"": ""general Abelian"", ""tensor_layout"": [0, 1, 2, 3, 4, 5, 6, 7], ""threads"": 2}",9216,-5.2653177187402775,,0.965152668999508,,,1.660935878211589e-05,1.0667769997141363e-05,0.0028322042397686265,0.0028322042397686265,8.881784197001252e-16,0.0
vibronic_dev_specialized,vibronic_dev,production,4,65536,7.025510780978948,174.234375,"{""bond"": 64, ""cutoff"": 1e-16, ""eig_tol"": 2e-12, ""energy_tol"": 1e-10, ""exact_limit"": 0, ""method"": ""two-site DMRG and two-site TDVP"", ""normalization_during_evolution"": false, ""optimize_layout"": true, ""sector"": {""kind"": ""number_sz"", ""twosz"": 0, ""value"": 4}, ""sector_dimension"": 9216, ""seed"": 1729, ""step"": 0.08, ""sweeps"": 14, ""symmetry_implementation"": ""specialized SZ"", ""tensor_layout"": [0, 4, 1, 5, 2, 6, 3, 7], ""threads"": 2}",9216,-5.265438720828719,,1.6308939570444636,,,4.6433501488252205e-10,9.047340654433356e-10,0.002831903392452706,0.002831903392452706,1.7763568394002505e-15,0.0
vibronic_dev_tensor160,vibronic_dev,production,4,65536,14.555018467013724,173.83203125,"{""bond"": 160, ""cutoff"": 1e-16, ""eig_tol"": 2e-12, ""energy_tol"": 1e-10, ""exact_limit"": 0, ""method"": ""two-site DMRG and two-site TDVP"", ""normalization_during_evolution"": false, ""optimize_layout"": true, ""sector"": {""kind"": ""number_sz"", ""twosz"": 0, ""value"": 4}, ""sector_dimension"": 9216, ""seed"": 1729, ""step"": 0.04, ""sweeps"": 14, ""tensor_layout"": [0, 4, 1, 5, 2, 6, 3, 7], ""threads"": 2}",9216,-5.265438720858221,,1.6224502159748226,,,1.0147438445073931e-13,7.016609515630989e-14,0.002831903395923152,0.002831903395923152,2.220446049250313e-15,0.0
vibronic_scale_10_levels4_baseline,vibronic_scale_10_levels4,baseline,10,4294967296,9.041488874994684,159.515625,"{""bond"": 16, ""cutoff"": 1e-12, ""davidson_tol"": 1e-12, ""eig_tol"": 1e-09, ""energy_tol"": 1e-08, ""estimated_sparse_mb"": 681775.75, ""exact_limit"": 0, ""general_symmetry"": true, ""krylov_tol"": 1e-14, ""method"": ""two-site DMRG and two-site TDVP"", ""normalization_during_evolution"": false, ""number_as_sz"": false, ""one_site_after"": null, ""optimize_layout"": false, ""sector"": {""kind"": ""number_sz"", ""twosz"": 0, ""value"": 10}, ""sector_dimension"": 260112384, ""seed"": 1729, ""sparse_memory_limit_mb"": 2600, ""spin_orbitals"": false, ""step"": 0.12, ""sweeps"": 8, ""symmetry_implementation"": ""general Abelian"", ""tensor_layout"": [0, 1, 2, 3, 4, 5, 6, 7, 8, 9, 10, 11, 12, 13, 14, 15], ""threads"": 2}",260112384,-13.658449013380864,,1.6710984929814003,,,0.00816933969128264,0.0006034982670506395,0.014040466088904024,0.014040466088904024,8.881784197001252e-15,0.0
vibronic_scale_10_levels4_fast96,vibronic_scale_10_levels4,production,10,4294967296,56.72231142397504,187.4765625,"{""bond"": 96, ""cutoff"": 1e-16, ""eig_tol"": 2e-12, ""energy_tol"": 1e-10, ""exact_limit"": 0, ""method"": ""two-site DMRG and two-site TDVP"", ""normalization_during_evolution"": false, ""optimize_layout"": true, ""sector"": {""kind"": ""number_sz"", ""twosz"": 0, ""value"": 10}, ""sector_dimension"": 260112384, ""seed"": 1729, ""step"": 0.1, ""sweeps"": 14, ""symmetry_implementation"": ""specialized SZ"", ""tensor_layout"": [0, 10, 1, 11, 2, 12, 3, 13, 4, 14, 5, 15, 6, 7, 8, 9], ""threads"": 2}",260112384,-13.728757110713243,,4.869342257035896,,,4.925374128106341e-06,1.1244238784513527e-05,0.01396725147248723,0.01396725147248723,7.105427357601002e-15,5.0145943348188445e-21
vibronic_scale_10_levels4_pilot,vibronic_scale_10_levels4,production,10,4294967296,56.05677961203037,204.29296875,"{""bond"": 96, ""cutoff"": 1e-16, ""davidson_tol"": 1e-15, ""eig_tol"": 2e-12, ""energy_tol"": 1e-11, ""estimated_sparse_mb"": 681775.75, ""exact_limit"": 600000, ""general_symmetry"": false, ""krylov_tol"": 1e-18, ""method"": ""two-site DMRG and two-site TDVP"", ""normalization_during_evolution"": false, ""number_as_sz"": false, ""one_site_after"": null, ""optimize_layout"": true, ""sector"": {""kind"": ""number_sz"", ""twosz"": 0, ""value"": 10}, ""sector_dimension"": 260112384, ""seed"": 1729, ""sparse_memory_limit_mb"": 2600, ""spin_orbitals"": false, ""step"": 0.1, ""sweeps"": 14, ""symmetry_implementation"": ""specialized SZ"", ""tensor_layout"": [0, 10, 1, 11, 2, 12, 3, 13, 4, 14, 5, 15, 6, 7, 8, 9], ""threads"": 2}",260112384,-13.728757110701073,,11.38004987599561,,,4.925219340701226e-06,1.1243813361261346e-05,0.013967252824544057,0.013967252824544057,7.105427357601002e-15,5.713316273376363e-20
vibronic_scale_10_levels4_production,vibronic_scale_10_levels4,production,10,4294967296,38.39698236703407,207.41796875,"{""bond"": 96, ""bond_schedule"": [96], ""cutoff"": 1e-16, ""davidson_tol"": 1e-15, ""eig_tol"": 2e-12, ""energy_tol"": 1e-11, ""estimated_sparse_mb"": 681775.75, ""exact_limit"": 600000, ""general_symmetry"": false, ""initial_bond"": 96, ""krylov_tol"": 1e-18, ""method"": ""two-site DMRG and two-site TDVP"", ""normalization_during_evolution"": false, ""number_as_sz"": false, ""one_site_after"": null, ""optimize_layout"": true, ""sector"": {""kind"": ""number_sz"", ""twosz"": 0, ""value"": 10}, ""sector_dimension"": 260112384, ""seed"": 1729, ""sparse_memory_limit_mb"": 2600, ""spin_orbitals"": false, ""step"": 0.1, ""sweeps"": 14, ""symmetry_implementation"": ""specialized SZ"", ""tensor_layout"": [0, 10, 1, 11, 2, 12, 3, 13, 4, 14, 5, 15, 6, 7, 8, 9], ""threads"": 2}",260112384,-13.728913883166609,,6.2996843730215915,,,7.4981482240943365e-06,1.5329928249485647e-05,0.01396681341602174,0.01396681341602174,7.105427357601002e-15,4.2468461252283955e-20
vibronic_scale_10_levels4_warmup,vibronic_scale_10_levels4,production,10,4294967296,46.314711902989075,203.96484375,"{""bond"": 96, ""cutoff"": 1e-16, ""davidson_tol"": 1e-15, ""eig_tol"": 2e-12, ""energy_tol"": 1e-11, ""estimated_sparse_mb"": 681775.75, ""exact_limit"": 600000, ""general_symmetry"": false, ""krylov_tol"": 1e-18, ""method"": ""two-site DMRG and two-site TDVP"", ""normalization_during_evolution"": false, ""number_as_sz"": false, ""one_site_after"": null, ""optimize_layout"": true, ""sector"": {""kind"": ""number_sz"", ""twosz"": 0, ""value"": 10}, ""sector_dimension"": 260112384, ""seed"": 1729, ""sparse_memory_limit_mb"": 2600, ""spin_orbitals"": false, ""step"": 0.1, ""sweeps"": 14, ""symmetry_implementation"": ""specialized SZ"", ""tensor_layout"": [0, 10, 1, 11, 2, 12, 3, 13, 4, 14, 5, 15, 6, 7, 8, 9], ""threads"": 2}",260112384,-13.728757110701068,,7.19919056200888,,,4.92521947303981e-06,1.1243813800021485e-05,0.013967252824538229,0.013967252824538229,1.0658141036401503e-14,1.8633182279561415e-21
vibronic_scale_6_levels3_final_tensor,vibronic_scale_6_levels3,production,6,2985984,22.16915691801114,224.51171875,"{""bond"": 128, ""bond_schedule"": [128], ""cutoff"": 1e-16, ""davidson_tol"": 1e-15, ""eig_tol"": 2e-12, ""energy_tol"": 1e-11, ""estimated_sparse_mb"": 764.0823364257812, ""exact_limit"": 0, ""general_symmetry"": false, ""initial_bond"": 128, ""krylov_tol"": 1e-18, ""method"": ""two-site DMRG and two-site TDVP"", ""normalization_during_evolution"": false, ""number_as_sz"": false, ""one_site_after"": null, ""optimize_layout"": true, ""sector"": {""kind"": ""number_sz"", ""twosz"": 0, ""value"": 6}, ""sector_dimension"": 291600, ""seed"": 1729, ""sparse_memory_limit_mb"": 2600, ""spin_orbitals"": false, ""step"": 0.1, ""sweeps"": 14, ""symmetry_implementation"": ""specialized SZ"", ""tensor_layout"": [0, 6, 1, 7, 2, 8, 3, 9, 4, 10, 5, 11], ""threads"": 2}",291600,-8.093711365613398,,4.897446556016803,,,4.190837454842722e-09,9.730129590934666e-09,0.011480879899292862,0.011480879899292862,4.440892098500626e-15,3.3394438330288087e-22
vibronic_scale_6_levels3_general,vibronic_scale_6_levels3,production,6,2985984,12.290310311014764,217.41796875,"{""bond"": 128, ""bond_schedule"": [128], ""cutoff"": 1e-16, ""davidson_tol"": 1e-15, ""eig_tol"": 2e-12, ""energy_tol"": 1e-11, ""estimated_sparse_mb"": 764.0823364257812, ""exact_limit"": 0, ""general_symmetry"": true, ""initial_bond"": 128, ""krylov_tol"": 1e-18, ""measure_variance"": true, ""method"": ""two-site DMRG and two-site TDVP"", ""normalization_during_evolution"": false, ""number_as_sz"": false, ""one_site_after"": null, ""optimize_layout"": true, ""sector"": {""kind"": ""number_sz"", ""twosz"": 0, ""value"": 6}, ""sector_dimension"": 291600, ""seed"": 1729, ""sparse_memory_limit_mb"": 2600, ""spin_orbitals"": false, ""step"": 0.1, ""sweeps"": 14, ""symmetry_implementation"": ""general Abelian"", ""tensor_layout"": [0, 6, 1, 7, 2, 8, 3, 9, 4, 10, 5, 11], ""threads"": 2}",291600,-8.09371136561345,,12.094127626973204,3.6645531054091407e-09,,0.0,0.0,0.0,0.0,0.0,0.0
vibronic_scale_6_levels3_production,vibronic_scale_6_levels3,production,6,2985984,3.0420022399630398,417.12890625,"{""bond"": 128, ""cutoff"": 1e-16, ""davidson_tol"": 1e-15, ""eig_tol"": 2e-12, ""energy_tol"": 1e-11, ""estimated_sparse_mb"": 764.0823364257812, ""exact_limit"": 600000, ""general_symmetry"": false, ""krylov_tol"": 1e-18, ""method"": ""sector sparse diagonalization and exponential action"", ""normalization_during_evolution"": false, ""number_as_sz"": false, ""one_site_after"": null, ""optimize_layout"": true, ""sector"": {""kind"": ""number_sz"", ""twosz"": 0, ""value"": 6}, ""sector_dimension"": 291600, ""seed"": 1729, ""sparse_memory_limit_mb"": 2600, ""spin_orbitals"": false, ""step"": 0.1, ""sweeps"": 14, ""threads"": 2}",291600,-8.093711366222589,2.2180445365098915e-14,1.798370636999607,,,3.497202527569243e-14,1.5631940186722204e-13,0.011480875497975496,0.011480875497975496,2.1582735598713043e-13,0.0
vibronic_scale_6_levels3_refined,vibronic_scale_6_levels3,refined,6,2985984,66.66850538901053,277.01171875,"{""bond"": 192, ""bond_schedule"": [192], ""cutoff"": 1e-18, ""davidson_tol"": 1e-17, ""eig_tol"": 2e-13, ""energy_tol"": 1e-12, ""estimated_sparse_mb"": 764.0823364257812, ""exact_limit"": 0, ""general_symmetry"": false, ""initial_bond"": 192, ""krylov_tol"": 1e-20, ""method"": ""two-site DMRG and two-site TDVP"", ""normalization_during_evolution"": false, ""number_as_sz"": false, ""one_site_after"": null, ""optimize_layout"": true, ""sector"": {""kind"": ""number_sz"", ""twosz"": 0, ""value"": 6}, ""sector_dimension"": 291600, ""seed"": 1729, ""sparse_memory_limit_mb"": 2600, ""spin_orbitals"": false, ""step"": 0.05, ""sweeps"": 20, ""symmetry_implementation"": ""specialized SZ"", ""tensor_layout"": [0, 6, 1, 7, 2, 8, 3, 9, 4, 10, 5, 11], ""threads"": 2}",291600,-8.093711366215286,,7.397604330966715,,,1.0581313603097442e-10,3.1019276036658994e-10,0.011480875508386224,0.011480875508386224,5.329070518200751e-15,0.0
vibronic_scale_6_levels3_refined_warmup,vibronic_scale_6_levels3,refined,6,2985984,58.81323397497181,274.44921875,"{""bond"": 192, ""cutoff"": 1e-18, ""davidson_tol"": 1e-17, ""eig_tol"": 2e-13, ""energy_tol"": 1e-12, ""estimated_sparse_mb"": 764.0823364257812, ""exact_limit"": 0, ""general_symmetry"": false, ""krylov_tol"": 1e-20, ""method"": ""two-site DMRG and two-site TDVP"", ""normalization_during_evolution"": false, ""number_as_sz"": false, ""one_site_after"": null, ""optimize_layout"": true, ""sector"": {""kind"": ""number_sz"", ""twosz"": 0, ""value"": 6}, ""sector_dimension"": 291600, ""seed"": 1729, ""sparse_memory_limit_mb"": 2600, ""spin_orbitals"": false, ""step"": 0.05, ""sweeps"": 20, ""symmetry_implementation"": ""specialized SZ"", ""tensor_layout"": [0, 6, 1, 7, 2, 8, 3, 9, 4, 10, 5, 11], ""threads"": 2}",291600,-8.093710679361338,,2.7116355129983276,,,8.250811145416037e-11,2.447873015398727e-10,0.011480850140809906,0.011480850140809906,2.6645352591003757e-15,1.5922541400247525e-36
vibronic_scale_6_levels3_variance,vibronic_scale_6_levels3,production,6,2985984,2.013095646048896,222.56640625,"{""bond"": 128, ""cutoff"": 1e-16, ""davidson_tol"": 1e-15, ""eig_tol"": 2e-12, ""energy_tol"": 1e-11, ""estimated_sparse_mb"": 764.0823364257812, ""exact_limit"": 0, ""general_symmetry"": false, ""krylov_tol"": 1e-18, ""measure_variance"": true, ""method"": ""two-site DMRG and two-site TDVP"", ""normalization_during_evolution"": false, ""number_as_sz"": false, ""one_site_after"": null, ""optimize_layout"": true, ""sector"": {""kind"": ""number_sz"", ""twosz"": 0, ""value"": 6}, ""sector_dimension"": 291600, ""seed"": 1729, ""sparse_memory_limit_mb"": 2600, ""spin_orbitals"": false, ""step"": 0.1, ""sweeps"": 14, ""symmetry_implementation"": ""specialized SZ"", ""tensor_layout"": [0, 6, 1, 7, 2, 8, 3, 9, 4, 10, 5, 11], ""threads"": 2}",291600,-8.093710678854945,,1.9418519510072656,5.164140844726717e-06,,0.0,0.0,0.0,0.0,0.0,0.0
vibronic_scale_6_levels3_warmup,vibronic_scale_6_levels3,production,6,2985984,21.599575874977745,223.390625,"{""bond"": 128, ""cutoff"": 1e-16, ""davidson_tol"": 1e-15, ""eig_tol"": 2e-12, ""energy_tol"": 1e-11, ""estimated_sparse_mb"": 764.0823364257812, ""exact_limit"": 0, ""general_symmetry"": false, ""krylov_tol"": 1e-18, ""method"": ""two-site DMRG and two-site TDVP"", ""normalization_during_evolution"": false, ""number_as_sz"": false, ""one_site_after"": null, ""optimize_layout"": true, ""sector"": {""kind"": ""number_sz"", ""twosz"": 0, ""value"": 6}, ""sector_dimension"": 291600, ""seed"": 1729, ""sparse_memory_limit_mb"": 2600, ""spin_orbitals"": false, ""step"": 0.1, ""sweeps"": 14, ""symmetry_implementation"": ""specialized SZ"", ""tensor_layout"": [0, 6, 1, 7, 2, 8, 3, 9, 4, 10, 5, 11], ""threads"": 2}",291600,-8.09371067885495,,2.0194658469990827,,,3.3824119061165447e-09,8.981817956055238e-09,0.011480853256766399,0.011480853256766399,2.6645352591003757e-15,0.0
vibronic_scale_6_levels3_wide_start,vibronic_scale_6_levels3,production,6,2985984,5.253753933007829,223.8125,"{""bond"": 128, ""bond_schedule"": [128], ""cutoff"": 1e-16, ""davidson_tol"": 1e-15, ""eig_tol"": 2e-12, ""energy_tol"": 1e-11, ""estimated_sparse_mb"": 764.0823364257812, ""exact_limit"": 0, ""general_symmetry"": false, ""initial_bond"": 128, ""krylov_tol"": 1e-18, ""measure_variance"": true, ""method"": ""two-site DMRG and two-site TDVP"", ""normalization_during_evolution"": false, ""number_as_sz"": false, ""one_site_after"": null, ""optimize_layout"": true, ""sector"": {""kind"": ""number_sz"", ""twosz"": 0, ""value"": 6}, ""sector_dimension"": 291600, ""seed"": 1729, ""sparse_memory_limit_mb"": 2600, ""spin_orbitals"": false, ""step"": 0.1, ""sweeps"": 14, ""symmetry_implementation"": ""specialized SZ"", ""tensor_layout"": [0, 6, 1, 7, 2, 8, 3, 9, 4, 10, 5, 11], ""threads"": 2}",291600,-8.093711365613398,,5.143075236992445,3.665078907033603e-09,,0.0,0.0,0.0,0.0,0.0,0.0
vibronic_scale_6_levels4_baseline,vibronic_scale_6_levels4,baseline,6,16777216,14.979176650987938,162.546875,"{""bond"": 16, ""cutoff"": 1e-12, ""davidson_tol"": 1e-12, ""eig_tol"": 1e-09, ""energy_tol"": 1e-08, ""estimated_sparse_mb"": 3831.25, ""exact_limit"": 0, ""general_symmetry"": true, ""krylov_tol"": 1e-14, ""method"": ""two-site DMRG and two-site TDVP"", ""normalization_during_evolution"": false, ""number_as_sz"": false, ""one_site_after"": null, ""optimize_layout"": false, ""sector"": {""kind"": ""number_sz"", ""twosz"": 0, ""value"": 6}, ""sector_dimension"": 1638400, ""seed"": 1729, ""sparse_memory_limit_mb"": 2600, ""spin_orbitals"": false, ""step"": 0.12, ""sweeps"": 8, ""symmetry_implementation"": ""general Abelian"", ""tensor_layout"": [0, 1, 2, 3, 4, 5, 6, 7, 8, 9, 10, 11], ""threads"": 2}",1638400,-8.07445427429774,,1.3532285609981045,,,0.006013001163778897,0.0003621685111792061,0.015379317201743126,0.015379317201743126,7.993605777301127e-15,0.0
vibronic_scale_6_levels4_exact,vibronic_scale_6_levels4,production,6,16777216,29.190017874003388,1917.8203125,"{""bond"": 128, ""bond_schedule"": [128], ""cutoff"": 1e-16, ""davidson_tol"": 1e-15, ""eig_tol"": 2e-12, ""energy_tol"": 1e-11, ""estimated_sparse_mb"": 3831.25, ""exact_limit"": 2000000, ""general_symmetry"": false, ""initial_bond"": 128, ""krylov_tol"": 1e-18, ""method"": ""sector sparse diagonalization and exponential action"", ""normalization_during_evolution"": false, ""number_as_sz"": false, ""one_site_after"": null, ""optimize_layout"": true, ""sector"": {""kind"": ""number_sz"", ""twosz"": 0, ""value"": 6}, ""sector_dimension"": 1638400, ""seed"": 1729, ""sparse_memory_limit_mb"": 3900, ""spin_orbitals"": false, ""step"": 0.1, ""sweeps"": 14, ""threads"": 2}",1638400,-8.093743308333027,6.968269559039399e-13,13.213866778998636,,,1.6586731987899839e-13,1.2150280781497713e-12,0.014996928140080246,0.014996928140080246,1.1723955140041653e-12,0.0
vibronic_scale_6_levels4_fast64,vibronic_scale_6_levels4,production,6,16777216,14.308557217998896,176.05859375,"{""bond"": 64, ""cutoff"": 1e-16, ""eig_tol"": 2e-12, ""energy_tol"": 1e-10, ""exact_limit"": 0, ""method"": ""two-site DMRG and two-site TDVP"", ""normalization_during_evolution"": false, ""optimize_layout"": true, ""sector"": {""kind"": ""number_sz"", ""twosz"": 0, ""value"": 6}, ""sector_dimension"": 1638400, ""seed"": 1729, ""step"": 0.1, ""sweeps"": 14, ""symmetry_implementation"": ""specialized SZ"", ""tensor_layout"": [0, 6, 1, 7, 2, 8, 3, 9, 4, 10, 5, 11], ""threads"": 2}",1638400,-8.09371750260005,,1.4978661030181684,,,3.698670016039074e-06,8.217931439347126e-06,0.014996631309518366,0.014996631309518366,4.440892098500626e-15,1.8404097407920224e-34
vibronic_scale_6_levels4_fast96,vibronic_scale_6_levels4,production,6,16777216,29.38176962401485,187.34375,"{""bond"": 96, ""cutoff"": 1e-16, ""eig_tol"": 2e-12, ""energy_tol"": 1e-10, ""exact_limit"": 0, ""method"": ""two-site DMRG and two-site TDVP"", ""normalization_during_evolution"": false, ""optimize_layout"": true, ""sector"": {""kind"": ""number_sz"", ""twosz"": 0, ""value"": 6}, ""sector_dimension"": 1638400, ""seed"": 1729, ""step"": 0.1, ""sweeps"": 14, ""symmetry_implementation"": ""specialized SZ"", ""tensor_layout"": [0, 6, 1, 7, 2, 8, 3, 9, 4, 10, 5, 11], ""threads"": 2}",1638400,-8.093717693504955,,1.9845867230324075,,,5.061649576143523e-07,1.4407049100384484e-06,0.014996619674504497,0.014996619674504497,7.993605777301127e-15,1.6339531673373445e-26
vibronic_scale_6_levels4_pilot160,vibronic_scale_6_levels4,production,6,16777216,122.96691591700073,277.453125,"{""bond"": 160, ""cutoff"": 1e-16, ""eig_tol"": 2e-12, ""energy_tol"": 1e-10, ""exact_limit"": 60000, ""method"": ""two-site DMRG and two-site TDVP"", ""normalization_during_evolution"": false, ""optimize_layout"": true, ""sector"": {""kind"": ""number_sz"", ""twosz"": 0, ""value"": 6}, ""sector_dimension"": 1638400, ""seed"": 1729, ""step"": 0.04, ""sweeps"": 14, ""symmetry_implementation"": ""specialized SZ"", ""tensor_layout"": [0, 6, 1, 7, 2, 8, 3, 9, 4, 10, 5, 11], ""threads"": 2}",1638400,-8.093717701369513,,2.3945674389833584,,,9.527836963840741e-09,3.3760210627065135e-08,0.014996607045831223,0.014996607045831223,9.769962616701378e-15,3.1233626354976426e-35
vibronic_scale_6_levels4_production,vibronic_scale_6_levels4,production,6,16777216,45.50733675598167,241.57421875,"{""bond"": 128, ""bond_schedule"": [128], ""cutoff"": 1e-16, ""davidson_tol"": 1e-15, ""eig_tol"": 2e-12, ""energy_tol"": 1e-11, ""estimated_sparse_mb"": 3831.25, ""exact_limit"": 600000, ""general_symmetry"": false, ""initial_bond"": 128, ""krylov_tol"": 1e-18, ""method"": ""two-site DMRG and two-site TDVP"", ""normalization_during_evolution"": false, ""number_as_sz"": false, ""one_site_after"": null, ""optimize_layout"": true, ""sector"": {""kind"": ""number_sz"", ""twosz"": 0, ""value"": 6}, ""sector_dimension"": 1638400, ""seed"": 1729, ""sparse_memory_limit_mb"": 2600, ""spin_orbitals"": false, ""step"": 0.1, ""sweeps"": 14, ""symmetry_implementation"": ""specialized SZ"", ""tensor_layout"": [0, 6, 1, 7, 2, 8, 3, 9, 4, 10, 5, 11], ""threads"": 2}",1638400,-8.093743307700096,,6.85372512799222,,,1.2556130335461546e-07,3.696934083308179e-07,0.014996930010336279,0.014996930010336279,6.217248937900877e-15,1.3516486964933572e-21
vibronic_scale_6_levels4_warmup,vibronic_scale_6_levels4,production,6,16777216,57.70971341099357,228.10546875,"{""bond"": 128, ""cutoff"": 1e-16, ""davidson_tol"": 1e-15, ""eig_tol"": 2e-12, ""energy_tol"": 1e-11, ""estimated_sparse_mb"": 3831.25, ""exact_limit"": 600000, ""general_symmetry"": false, ""krylov_tol"": 1e-18, ""method"": ""two-site DMRG and two-site TDVP"", ""normalization_during_evolution"": false, ""number_as_sz"": false, ""one_site_after"": null, ""optimize_layout"": true, ""sector"": {""kind"": ""number_sz"", ""twosz"": 0, ""value"": 6}, ""sector_dimension"": 1638400, ""seed"": 1729, ""sparse_memory_limit_mb"": 2600, ""spin_orbitals"": false, ""step"": 0.1, ""sweeps"": 14, ""symmetry_implementation"": ""specialized SZ"", ""tensor_layout"": [0, 6, 1, 7, 2, 8, 3, 9, 4, 10, 5, 11], ""threads"": 2}",1638400,-8.093717700970624,,2.3163332829717547,,,9.759322205926679e-08,3.07950708489102e-07,0.014996607893345643,0.014996607893345643,3.552713678800501e-15,7.12112396834778e-24
vibronic_zero_coupling_production,vibronic_zero_coupling,production,4,65536,0.13395271002082154,65.21875,"{""bond"": 128, ""cutoff"": 1e-16, ""davidson_tol"": 1e-15, ""eig_tol"": 2e-12, ""energy_tol"": 1e-11, ""estimated_sparse_mb"": 116.2421875, ""exact_limit"": 600000, ""general_symmetry"": false, ""krylov_tol"": 1e-18, ""method"": ""sector sparse diagonalization and exponential action"", ""normalization_during_evolution"": false, ""number_as_sz"": false, ""one_site_after"": null, ""optimize_layout"": true, ""sector"": {""kind"": ""number_sz"", ""twosz"": 0, ""value"": 4}, ""sector_dimension"": 9216, ""seed"": 1729, ""sparse_memory_limit_mb"": 2600, ""spin_orbitals"": false, ""step"": 0.1, ""sweeps"": 14, ""threads"": 2}",9216,-5.226786262398331,5.20053063035251e-12,0.038129004009533674,,,1.1102230246251565e-15,2.6645352591003757e-15,0.0029453505150399684,0.0029453505150399684,1.3322676295501878e-15,0.0
