case_id,family,integral_id,order,profile,config_hash,seconds,work,estimated_error,trace_residual,strategy,uv_re,uv_im,ir2_re,ir2_im,ir1_re,ir1_im,finite_re,finite_im,relative_to_direct
weighted_release,massive_weighted_tensor,weighted,base,inherited_production,17345be71eb0e7083d42dc7844e50c44fb0e372154bfffd0563a471b6ef90a3e,0.00835648097563535,5184,9e-06,0.0,ported-epsilon-sampling,0.0,0.0,7.75726642175292e-11,-1.7185292370935537e-18,-5.27235913641831e-08,1.16782840027259e-15,0.0004979741677105746,-9.025365254144789e-12,0.08395111697781503
weighted_release,massive_weighted_tensor,metric,base,inherited_production,17345be71eb0e7083d42dc7844e50c44fb0e372154bfffd0563a471b6ef90a3e,4.49309591203928e-05,0,9e-06,0.0,ported-epsilon-sampling,0.0,0.0,7.75726642175292e-11,-1.7185292370935537e-18,-5.27235913641831e-08,1.16782840027259e-15,0.0004979741677105746,-9.025365254144789e-12,5.440166410307522
cut_release,massive_physical_cut,scalar,base,inherited_production,17345be71eb0e7083d42dc7844e50c44fb0e372154bfffd0563a471b6ef90a3e,0.0007820589817129076,5184,9e-06,0.0,ported-epsilon-sampling,0.0,0.0,7.036823396616334e-05,-2.8090364821907808e-05,-0.047675089135562114,0.018919414467182004,99.62105797979157,-3.9295902089969355,413.2149837612263
cut_release,massive_physical_cut,metric,base,inherited_production,17345be71eb0e7083d42dc7844e50c44fb0e372154bfffd0563a471b6ef90a3e,3.2190990168601274e-05,0,9e-06,0.0,ported-epsilon-sampling,0.0,0.0,7.036823396616334e-05,-2.8090364821907808e-05,-0.047675089135562114,0.018919414467182004,99.62105797979157,-3.9295902089969355,926.2329731903645
cut_release,massive_physical_cut,tensor,base,inherited_production,17345be71eb0e7083d42dc7844e50c44fb0e372154bfffd0563a471b6ef90a3e,3.0310009606182575e-05,0,9e-06,0.0,ported-epsilon-sampling,0.0,0.0,7.036823396616334e-05,-2.8090364821907808e-05,-0.047675089135562114,0.018919414467182004,99.62105797979157,-3.9295902089969355,10980.969457205383
ultraviolet_release,uv_dimensional_trace,scalar,base,inherited_production,17345be71eb0e7083d42dc7844e50c44fb0e372154bfffd0563a471b6ef90a3e,0.0004857320454902947,36,9e-06,1.117603793108499,ported-epsilon-sampling,0.9999336777175155,3.126874226434262e-13,0.0,0.0,0.0,0.0,0.42591527392839146,-9.223200532745965e-09,0.014100680048515613
ultraviolet_release,uv_dimensional_trace,metric,base,inherited_production,17345be71eb0e7083d42dc7844e50c44fb0e372154bfffd0563a471b6ef90a3e,2.88509763777256e-05,0,9e-06,1.117603793108499,ported-epsilon-sampling,0.9999336777175155,3.126874226434262e-13,0.0,0.0,0.0,0.0,0.42591527392839146,-9.223200532745965e-09,0.5333219794041005
ultraviolet_release,uv_dimensional_trace,longitudinal,base,inherited_production,17345be71eb0e7083d42dc7844e50c44fb0e372154bfffd0563a471b6ef90a3e,2.1079962607473135e-05,0,9e-06,1.117603793108499,ported-epsilon-sampling,0.9999336777175155,3.126874226434262e-13,0.0,0.0,0.0,0.0,0.42591527392839146,-9.223200532745965e-09,1.9998010331525464
ultraviolet_release,uv_dimensional_trace,pinch,base,inherited_production,17345be71eb0e7083d42dc7844e50c44fb0e372154bfffd0563a471b6ef90a3e,0.00013296399265527725,3,9e-06,1.117603793108499,ported-epsilon-sampling,2.0997558019644442,9.999409347920898e-09,0.0,0.0,0.0,0.0,1.7080536762723568,-1.987252051598494e-09,0.024667987130234076
collinear_release,soft_collinear_triangle,scalar_jet,0,inherited_production,17345be71eb0e7083d42dc7844e50c44fb0e372154bfffd0563a471b6ef90a3e,0.001972316997125745,2160,9e-06,0.0,ported-epsilon-sampling,0.0,0.0,-2.165342929173463e-05,2.784947727227992e-08,0.014628542556821444,-1.876279206121226e-05,-25.718318591836084,0.021105403920470257,88.0245237387077
collinear_release,soft_collinear_triangle,scalar_jet,1,inherited_production,17345be71eb0e7083d42dc7844e50c44fb0e372154bfffd0563a471b6ef90a3e,0.001972316997125745,2160,9e-06,0.0,ported-epsilon-sampling,0.0,0.0,-7.152856140514238e-06,1.7025418964086643e-08,0.004829836254465647,-1.146659849204576e-05,-7.673331079693526,0.012502383775482073,70.55038596708171
collinear_release,soft_collinear_triangle,scalar_jet,2,inherited_production,17345be71eb0e7083d42dc7844e50c44fb0e372154bfffd0563a471b6ef90a3e,0.001972316997125745,2160,9e-06,0.0,ported-epsilon-sampling,0.0,0.0,-2.220750884185385e-06,7.701707274536396e-09,0.0014990926708833285,-5.18593139819945e-06,-2.2730596461333334,0.005541557383480722,80.62871495320691
collinear_release,soft_collinear_triangle,single_pole,base,inherited_production,17345be71eb0e7083d42dc7844e50c44fb0e372154bfffd0563a471b6ef90a3e,2.9580958653241396e-05,0,9e-06,0.0,ported-epsilon-sampling,0.0,0.0,-2.165342929173463e-05,2.784947727227992e-08,0.014628542556821444,-1.876279206121226e-05,-25.718318591836084,0.021105403920470257,65.91058236359696
collinear_release,soft_collinear_triangle,finite_tensor,base,inherited_production,17345be71eb0e7083d42dc7844e50c44fb0e372154bfffd0563a471b6ef90a3e,2.275995211675763e-05,0,9e-06,0.0,ported-epsilon-sampling,0.0,0.0,-2.165342929173463e-05,2.784947727227992e-08,0.014628542556821444,-1.876279206121226e-05,-25.718318591836084,0.021105403920470257,173.88456642448537
massless_box_release,massless_box_infrared,one_mass,base,inherited_production,17345be71eb0e7083d42dc7844e50c44fb0e372154bfffd0563a471b6ef90a3e,0.0007057369803078473,5184,9e-06,0.0,ported-epsilon-sampling,0.0,0.0,6.494296819331083e-06,-2.7490289899117926e-09,-0.00439397470838324,1.8526428979286197e-06,9.764991694583205,-0.002149099977200402,17.541453749097844
massless_box_release,massless_box_infrared,on_shell,base,inherited_production,17345be71eb0e7083d42dc7844e50c44fb0e372154bfffd0563a471b6ef90a3e,0.0007080970099195838,5184,9e-06,0.0,ported-epsilon-sampling,0.0,0.0,9.43721145539263e-06,-3.158515759455539e-09,-0.006386767826644272,2.128767865835231e-06,14.776252187686916,-0.002489565707859571,12.5359993019503
matching_release,exceptional_gram_mixed_jets,mixed_jet,"0,0",inherited_production,17345be71eb0e7083d42dc7844e50c44fb0e372154bfffd0563a471b6ef90a3e,0.019145219994243234,129600,9e-06,0.0,ported-epsilon-sampling,0.0,0.0,-1.2352684185717011e-08,3.939299496605493e-16,8.393567012716323e-06,-2.676230255428126e-13,-0.062576171041031,1.7052096211779e-09,0.029247964832152373
matching_release,exceptional_gram_mixed_jets,mixed_jet,"0,1",inherited_production,17345be71eb0e7083d42dc7844e50c44fb0e372154bfffd0563a471b6ef90a3e,0.019145219994243234,129600,9e-06,0.0,ported-epsilon-sampling,0.0,0.0,1.1460971447195068e-09,-4.703605028642513e-17,-7.786106159812789e-07,3.1949355790369007e-14,0.004920763243692505,-1.8229217436590947e-10,0.03466864671708488
matching_release,exceptional_gram_mixed_jets,mixed_jet,"0,2",inherited_production,17345be71eb0e7083d42dc7844e50c44fb0e372154bfffd0563a471b6ef90a3e,0.019145219994243234,129600,9e-06,0.0,ported-epsilon-sampling,0.0,0.0,-1.4978699769234438e-10,7.520459615616172e-18,1.01743004243815e-07,-5.107604842097195e-15,-0.0005792592237412464,2.699179219706454e-11,0.038617366893480276
matching_release,exceptional_gram_mixed_jets,mixed_jet,"0,3",inherited_production,17345be71eb0e7083d42dc7844e50c44fb0e372154bfffd0563a471b6ef90a3e,0.019145219994243234,129600,9e-06,0.0,ported-epsilon-sampling,0.0,0.0,1.727651355309945e-11,-1.035277747975443e-18,-1.1758572782127885e-08,7.039800938913633e-16,6.223772652447224e-05,-3.507236168154293e-12,0.04175907544044053
matching_release,exceptional_gram_mixed_jets,mixed_jet,"1,0",inherited_production,17345be71eb0e7083d42dc7844e50c44fb0e372154bfffd0563a471b6ef90a3e,0.019145219994243234,129600,9e-06,0.0,ported-epsilon-sampling,0.0,0.0,2.210361877480768e-09,-8.796403695604137e-17,-1.5016613961306782e-06,5.975112282723752e-14,0.009627350895915043,-3.452056901404192e-10,0.034160379941155415
matching_release,exceptional_gram_mixed_jets,mixed_jet,"1,1",inherited_production,17345be71eb0e7083d42dc7844e50c44fb0e372154bfffd0563a471b6ef90a3e,0.019145219994243234,129600,9e-06,0.0,ported-epsilon-sampling,0.0,0.0,-4.753789163529365e-10,2.365360522057541e-17,3.2290331120066185e-07,-1.6064712078190928e-14,-0.0018452695603627944,8.517626534643163e-11,0.038468763933751746
matching_release,exceptional_gram_mixed_jets,mixed_jet,"1,2",inherited_production,17345be71eb0e7083d42dc7844e50c44fb0e372154bfffd0563a471b6ef90a3e,0.019145219994243234,129600,9e-06,0.0,ported-epsilon-sampling,0.0,0.0,7.801570500731714e-11,-4.551409119340325e-18,-5.261915703158593e-08,3.0856317595972203e-15,0.0002741878852248192,-1.5345308357339604e-11,0.04198680911319753
matching_release,exceptional_gram_mixed_jets,mixed_jet,"2,0",inherited_production,17345be71eb0e7083d42dc7844e50c44fb0e372154bfffd0563a471b6ef90a3e,0.019145219994243234,129600,9e-06,0.0,ported-epsilon-sampling,0.0,0.0,-7.511931076091202e-10,3.7019954186517135e-17,5.102551628444196e-07,-2.514284129996439e-14,-0.0029279000359565543,1.337793084182871e-10,0.03830580335105178
matching_release,exceptional_gram_mixed_jets,mixed_jet,"2,1",inherited_production,17345be71eb0e7083d42dc7844e50c44fb0e372154bfffd0563a471b6ef90a3e,0.019145219994243234,129600,9e-06,0.0,ported-epsilon-sampling,0.0,0.0,1.3843520774159401e-10,-8.153664881723003e-18,-9.411863288733002e-08,5.54257364288567e-15,0.000499476445838809,-2.774757507095771e-11,0.041589977716609904
matching_release,exceptional_gram_mixed_jets,mixed_jet,"3,0",inherited_production,17345be71eb0e7083d42dc7844e50c44fb0e372154bfffd0563a471b6ef90a3e,0.019145219994243234,129600,9e-06,0.0,ported-epsilon-sampling,0.0,0.0,1.0412837259110574e-10,-5.948862935438436e-18,-7.053318995531299e-08,4.03603830180033e-15,0.0003750415053218603,-2.0307970582944534e-11,0.04131139678086488
matching_release,exceptional_gram_mixed_jets,scaled_jet,"0,0",inherited_production,17345be71eb0e7083d42dc7844e50c44fb0e372154bfffd0563a471b6ef90a3e,0.019244752009399235,129600,9e-06,0.0,ported-epsilon-sampling,0.0,0.0,-1.2352684185703387e-20,3.939299496602139e-32,8.393567012709784e-18,-2.676230255426536e-29,-6.257617104103032e-14,1.7052096211778835e-25,0.029247964832141152
matching_release,exceptional_gram_mixed_jets,scaled_jet,"0,1",inherited_production,17345be71eb0e7083d42dc7844e50c44fb0e372154bfffd0563a471b6ef90a3e,0.019244752009399235,129600,9e-06,0.0,ported-epsilon-sampling,0.0,0.0,1.1460971444439388e-21,-4.703605026289609e-33,-7.78610615835545e-19,3.194935578054072e-30,4.920763243683817e-15,-1.822921743653332e-26,0.03466864671525792
matching_release,exceptional_gram_mixed_jets,scaled_jet,"0,2",inherited_production,17345be71eb0e7083d42dc7844e50c44fb0e372154bfffd0563a471b6ef90a3e,0.019244752009399235,129600,9e-06,0.0,ported-epsilon-sampling,0.0,0.0,-1.4978744643107028e-22,7.520382962406578e-34,1.0174318257789584e-19,-5.107568209018636e-31,-5.792592251220423e-16,2.699178837172604e-27,0.03861736936926044
matching_release,exceptional_gram_mixed_jets,scaled_jet,"0,3",inherited_production,17345be71eb0e7083d42dc7844e50c44fb0e372154bfffd0563a471b6ef90a3e,0.019244752009399235,129600,9e-06,0.0,ported-epsilon-sampling,0.0,0.0,1.7146731122981847e-23,-1.0441659178965138e-34,-1.1714764479523258e-20,7.072723813982346e-32,6.222621667885311e-17,-3.50726479940493e-28,0.04156641920442018
matching_release,exceptional_gram_mixed_jets,scaled_jet,"1,0",inherited_production,17345be71eb0e7083d42dc7844e50c44fb0e372154bfffd0563a471b6ef90a3e,0.019244752009399235,129600,9e-06,0.0,ported-epsilon-sampling,0.0,0.0,2.210361879591484e-21,-8.796403697640796e-33,-1.5016613970689374e-18,5.97511228362197e-30,9.627350895999692e-15,-3.452056901412482e-26,0.03416037995024822
matching_release,exceptional_gram_mixed_jets,scaled_jet,"1,1",inherited_production,17345be71eb0e7083d42dc7844e50c44fb0e372154bfffd0563a471b6ef90a3e,0.019244752009399235,129600,9e-06,0.0,ported-epsilon-sampling,0.0,0.0,-4.753782595073948e-22,2.3653597327983284e-33,3.229029721267864e-19,-1.6064708890043957e-30,-1.8452695176211168e-15,8.517626522991174e-27,0.03846873987986896
matching_release,exceptional_gram_mixed_jets,scaled_jet,"1,2",inherited_production,17345be71eb0e7083d42dc7844e50c44fb0e372154bfffd0563a471b6ef90a3e,0.019244752009399235,129600,9e-06,0.0,ported-epsilon-sampling,0.0,0.0,7.630069672399156e-23,-4.560041970557128e-34,-5.194880362470838e-20,3.09134137486591e-31,2.7413670766469715e-16,-1.5345709648520387e-27,0.041792320788061756
matching_release,exceptional_gram_mixed_jets,scaled_jet,"2,0",inherited_production,17345be71eb0e7083d42dc7844e50c44fb0e372154bfffd0563a471b6ef90a3e,0.019244752009399235,129600,9e-06,0.0,ported-epsilon-sampling,0.0,0.0,-7.511942261168459e-22,3.70199364303932e-33,5.102557548361864e-19,-2.5142829262404392e-30,-2.9279000982279684e-15,1.337793072700026e-26,0.03830582543403586
matching_release,exceptional_gram_mixed_jets,scaled_jet,"2,1",inherited_production,17345be71eb0e7083d42dc7844e50c44fb0e372154bfffd0563a471b6ef90a3e,0.019244752009399235,129600,9e-06,0.0,ported-epsilon-sampling,0.0,0.0,1.3782180039874159e-22,-8.144318937466138e-34,-9.382761386977277e-20,5.536007572316215e-31,4.994260840524229e-16,-2.774629492980359e-27,0.041484955082616154
matching_release,exceptional_gram_mixed_jets,scaled_jet,"3,0",inherited_production,17345be71eb0e7083d42dc7844e50c44fb0e372154bfffd0563a471b6ef90a3e,0.019244752009399235,129600,9e-06,0.0,ported-epsilon-sampling,0.0,0.0,1.0328292036972002e-22,-5.944742173402128e-34,-7.016143370735367e-20,4.03388095721964e-31,3.7501092014439585e-16,-2.030777570559677e-27,0.04122647632962309
weighted_release,massive_weighted_tensor,weighted,base,inherited_fixed,59137e984d23105b5e4b0e521be622bb85adfd15755f3a058a4b2fffd6c0a179,0.003925383964087814,1536,3.6e-05,0.0,ported-epsilon-sampling,0.0,0.0,6.289356230392378e-10,-1.3957734099185148e-15,-2.1345617815084861e-07,4.735548950136386e-13,0.0005093570541161937,-9.278007512499953e-10,0.10872849145594994
weighted_release,massive_weighted_tensor,metric,base,inherited_fixed,59137e984d23105b5e4b0e521be622bb85adfd15755f3a058a4b2fffd6c0a179,5.026103463023901e-05,0,3.6e-05,0.0,ported-epsilon-sampling,0.0,0.0,6.289356230392378e-10,-1.3957734099185148e-15,-2.1345617815084861e-07,4.735548950136386e-13,0.0005093570541161937,-9.278007512499953e-10,5.541661453921815
cut_release,massive_physical_cut,scalar,base,inherited_fixed,59137e984d23105b5e4b0e521be622bb85adfd15755f3a058a4b2fffd6c0a179,0.0005364329554140568,1536,3.6e-05,0.0,ported-epsilon-sampling,0.0,0.0,8.465386331263147e-05,-1.7603129041328747e-05,-0.028593683067904344,0.005904744912947745,20.053004444488046,-0.6091511468155734,82.93565071232007
cut_release,massive_physical_cut,metric,base,inherited_fixed,59137e984d23105b5e4b0e521be622bb85adfd15755f3a058a4b2fffd6c0a179,4.482100484892726e-05,0,3.6e-05,0.0,ported-epsilon-sampling,0.0,0.0,8.465386331263147e-05,-1.7603129041328747e-05,-0.028593683067904344,0.005904744912947745,20.053004444488046,-0.6091511468155734,187.24276131796293
cut_release,massive_physical_cut,tensor,base,inherited_fixed,59137e984d23105b5e4b0e521be622bb85adfd15755f3a058a4b2fffd6c0a179,4.0861021261662245e-05,0,3.6e-05,0.0,ported-epsilon-sampling,0.0,0.0,8.465386331263147e-05,-1.7603129041328747e-05,-0.028593683067904344,0.005904744912947745,20.053004444488046,-0.6091511468155734,2209.5916841321255
ultraviolet_release,uv_dimensional_trace,scalar,base,inherited_fixed,59137e984d23105b5e4b0e521be622bb85adfd15755f3a058a4b2fffd6c0a179,0.0005411530146375299,24,3.6e-05,1.1174767679619377,ported-epsilon-sampling,0.9997347994694027,1.284330344350012e-10,0.0,0.0,0.0,0.0,0.440008402504039,-9.291969384671398e-07,0.028193808624163152
ultraviolet_release,uv_dimensional_trace,metric,base,inherited_fixed,59137e984d23105b5e4b0e521be622bb85adfd15755f3a058a4b2fffd6c0a179,4.259101115167141e-05,0,3.6e-05,1.1174767679619377,ported-epsilon-sampling,0.9997347994694027,1.284330344350012e-10,0.0,0.0,0.0,0.0,0.440008402504039,-9.291969384671398e-07,0.5330673801403848
ultraviolet_release,uv_dimensional_trace,longitudinal,base,inherited_fixed,59137e984d23105b5e4b0e521be622bb85adfd15755f3a058a4b2fffd6c0a179,2.8620008379220963e-05,0,3.6e-05,1.1174767679619377,ported-epsilon-sampling,0.9997347994694027,1.284330344350012e-10,0.0,0.0,0.0,0.0,0.440008402504039,-9.291969384671398e-07,1.999204398408208
ultraviolet_release,uv_dimensional_trace,pinch,base,inherited_fixed,59137e984d23105b5e4b0e521be622bb85adfd15755f3a058a4b2fffd6c0a179,0.0002071649651043117,3,3.6e-05,1.1174767679619377,ported-epsilon-sampling,2.099014305799019,9.997658607249058e-07,0.0,0.0,0.0,0.0,1.7605730773041917,-1.8631353372108628e-07,0.04967722571682209
collinear_release,soft_collinear_triangle,scalar_jet,0,inherited_fixed,59137e984d23105b5e4b0e521be622bb85adfd15755f3a058a4b2fffd6c0a179,0.0020123280119150877,960,3.6e-05,0.0,ported-epsilon-sampling,0.0,0.0,-0.00012117558062615579,2.0535520607289674e-06,0.040720559665832434,-0.0006872593376121989,-21.584606746603317,0.24670067251313346,73.96990346491629
collinear_release,soft_collinear_triangle,scalar_jet,1,inherited_fixed,59137e984d23105b5e4b0e521be622bb85adfd15755f3a058a4b2fffd6c0a179,0.0020123280119150877,960,3.6e-05,0.0,ported-epsilon-sampling,0.0,0.0,-4.086221975775281e-05,1.2664758620890295e-06,0.013718298732060319,-0.0004235840430404092,-6.521959042964681,0.14690598578812342,60.11445290039662
collinear_release,soft_collinear_triangle,scalar_jet,2,inherited_fixed,59137e984d23105b5e4b0e521be622bb85adfd15755f3a058a4b2fffd6c0a179,0.0020123280119150877,960,3.6e-05,0.0,ported-epsilon-sampling,0.0,0.0,-1.2794139476079991e-05,5.756471678358688e-07,0.004292904763474326,-0.00019244866901946267,-1.9427847355982522,0.06528664974030107,69.05868565286217
collinear_release,soft_collinear_triangle,single_pole,base,inherited_fixed,59137e984d23105b5e4b0e521be622bb85adfd15755f3a058a4b2fffd6c0a179,3.388099139556289e-05,0,3.6e-05,0.0,ported-epsilon-sampling,0.0,0.0,-0.00012117558062615579,2.0535520607289674e-06,0.040720559665832434,-0.0006872593376121989,-21.584606746603317,0.24670067251313346,55.15602755472922
collinear_release,soft_collinear_triangle,finite_tensor,base,inherited_fixed,59137e984d23105b5e4b0e521be622bb85adfd15755f3a058a4b2fffd6c0a179,2.911098999902606e-05,0,3.6e-05,0.0,ported-epsilon-sampling,0.0,0.0,-0.00012117558062615579,2.0535520607289674e-06,0.040720559665832434,-0.0006872593376121989,-21.584606746603317,0.24670067251313346,145.77532587690254
massless_box_release,massless_box_infrared,one_mass,base,inherited_fixed,59137e984d23105b5e4b0e521be622bb85adfd15755f3a058a4b2fffd6c0a179,0.00038709898944944143,1536,3.6e-05,0.0,ported-epsilon-sampling,0.0,0.0,3.686820357590704e-05,-2.108400030899987e-07,-0.012420423220652618,7.060760577370967e-05,8.159163219757747,-0.026384942490405218,14.821253028390172
massless_box_release,massless_box_infrared,on_shell,base,inherited_fixed,59137e984d23105b5e4b0e521be622bb85adfd15755f3a058a4b2fffd6c0a179,0.0003703990369103849,1536,3.6e-05,0.0,ported-epsilon-sampling,0.0,0.0,5.354740230968388e-05,-2.4803688149579443e-07,-0.01804571416598856,8.307856250390804e-05,12.179579379495246,-0.03138768761830513,10.508745345926581
matching_release,exceptional_gram_mixed_jets,mixed_jet,"0,0",inherited_fixed,59137e984d23105b5e4b0e521be622bb85adfd15755f3a058a4b2fffd6c0a179,0.012736685981508344,38400,3.6e-05,0.0,ported-epsilon-sampling,0.0,0.0,-1.0041496980758424e-07,3.2083679719320094e-13,3.4062820031565235e-05,-1.0879438573355443e-10,-0.06439381658905674,1.7632917145303692e-07,0.05914445657922707
matching_release,exceptional_gram_mixed_jets,mixed_jet,"0,1",inherited_fixed,59137e984d23105b5e4b0e521be622bb85adfd15755f3a058a4b2fffd6c0a179,0.012736685981508344,38400,3.6e-05,0.0,ported-epsilon-sampling,0.0,0.0,9.335637911634938e-09,-3.83749035139242e-14,-3.1655942839053583e-06,1.3008428872793096e-11,0.005089770986629105,-1.8924001443706425e-08,0.07020520964623363
matching_release,exceptional_gram_mixed_jets,mixed_jet,"0,2",inherited_fixed,59137e984d23105b5e4b0e521be622bb85adfd15755f3a058a4b2fffd6c0a179,0.012736685981508344,38400,3.6e-05,0.0,ported-epsilon-sampling,0.0,0.0,-1.2221110944521558e-09,6.144142338789466e-15,4.1427126556969895e-07,-2.082204258430365e-12,-0.0006013857459947758,2.8104282024429134e-09,0.0782904343900045
matching_release,exceptional_gram_mixed_jets,mixed_jet,"0,3",inherited_fixed,59137e984d23105b5e4b0e521be622bb85adfd15755f3a058a4b2fffd6c0a179,0.012736685981508344,38400,3.6e-05,0.0,ported-epsilon-sampling,0.0,0.0,1.4203965781334205e-10,-8.488346392726694e-16,-4.813753662347153e-08,2.8761967308700565e-13,6.481341551989317e-05,-3.660976521935311e-10,0.08487195144558765
matching_release,exceptional_gram_mixed_jets,mixed_jet,"1,0",inherited_fixed,59137e984d23105b5e4b0e521be622bb85adfd15755f3a058a4b2fffd6c0a179,0.012736685981508344,38400,3.6e-05,0.0,ported-epsilon-sampling,0.0,0.0,1.8000559978010173e-08,-7.175010648956636e-14,-6.104028627865535e-06,2.4323115574420785e-11,0.00995322178820146,-3.581961026050533e-08,0.06916510444139955
matching_release,exceptional_gram_mixed_jets,mixed_jet,"1,1",inherited_fixed,59137e984d23105b5e4b0e521be622bb85adfd15755f3a058a4b2fffd6c0a179,0.012736685981508344,38400,3.6e-05,0.0,ported-epsilon-sampling,0.0,0.0,-3.8783270423295435e-09,1.9323502310048034e-14,1.3146930593066486e-06,-6.548674264943459e-12,-0.001915488209533578,8.867514675672816e-09,0.07798595718065311
matching_release,exceptional_gram_mixed_jets,mixed_jet,"1,2",inherited_fixed,59137e984d23105b5e4b0e521be622bb85adfd15755f3a058a4b2fffd6c0a179,0.012736685981508344,38400,3.6e-05,0.0,ported-epsilon-sampling,0.0,0.0,6.238563277083387e-10,-3.706632535508612e-15,-2.1144202477785257e-07,1.2558805720635363e-12,0.00028541537176351994,-1.6015707093863796e-09,0.08465424083881781
matching_release,exceptional_gram_mixed_jets,mixed_jet,"2,0",inherited_fixed,59137e984d23105b5e4b0e521be622bb85adfd15755f3a058a4b2fffd6c0a179,0.012736685981508344,38400,3.6e-05,0.0,ported-epsilon-sampling,0.0,0.0,-6.128076984659309e-09,3.024080987173715e-14,2.077353093377088e-06,-1.0248652763410688e-11,-0.0030388488112294,1.3925481386067862e-08,0.07765098447942707
matching_release,exceptional_gram_mixed_jets,mixed_jet,"2,1",inherited_fixed,59137e984d23105b5e4b0e521be622bb85adfd15755f3a058a4b2fffd6c0a179,0.012736685981508344,38400,3.6e-05,0.0,ported-epsilon-sampling,0.0,0.0,1.1337983329973156e-09,-6.685469481143504e-15,-3.842490876593274e-07,2.265217310601364e-12,0.0005200111627345905,-2.895888223664045e-09,0.08441232798374637
matching_release,exceptional_gram_mixed_jets,mixed_jet,"3,0",inherited_fixed,59137e984d23105b5e4b0e521be622bb85adfd15755f3a058a4b2fffd6c0a179,0.012736685981508344,38400,3.6e-05,0.0,ported-epsilon-sampling,0.0,0.0,8.431861597824053e-10,-4.85068642662402e-15,-2.8576544508496227e-07,1.6435732440832351e-12,0.0003902681200997904,-2.118565101127956e-09,0.08358844419470572
matching_release,exceptional_gram_mixed_jets,scaled_jet,"0,0",inherited_fixed,59137e984d23105b5e4b0e521be622bb85adfd15755f3a058a4b2fffd6c0a179,0.011667440994642675,38400,3.6e-05,0.0,ported-epsilon-sampling,0.0,0.0,-1.0041496980817529e-19,3.2083679719409775e-29,3.406282003176902e-17,-1.0879438573386882e-26,-6.439381658937752e-14,1.7632917145352367e-23,0.05914445658450314
matching_release,exceptional_gram_mixed_jets,scaled_jet,"0,1",inherited_fixed,59137e984d23105b5e4b0e521be622bb85adfd15755f3a058a4b2fffd6c0a179,0.011667440994642675,38400,3.6e-05,0.0,ported-epsilon-sampling,0.0,0.0,9.33563791161785e-21,-3.837490350930458e-30,-3.1655942839371656e-18,1.300842887154278e-27,5.0897709866733535e-15,-1.892400144370737e-24,0.07020520965553737
matching_release,exceptional_gram_mixed_jets,scaled_jet,"0,2",inherited_fixed,59137e984d23105b5e4b0e521be622bb85adfd15755f3a058a4b2fffd6c0a179,0.011667440994642675,38400,3.6e-05,0.0,ported-epsilon-sampling,0.0,0.0,-1.2221127026020245e-21,6.144146940183329e-31,4.1427164910066783e-19,-2.082205346434017e-28,-6.013857665139922e-16,2.810428255443153e-25,0.07829047118115687
matching_release,exceptional_gram_mixed_jets,scaled_jet,"0,3",inherited_fixed,59137e984d23105b5e4b0e521be622bb85adfd15755f3a058a4b2fffd6c0a179,0.011667440994642675,38400,3.6e-05,0.0,ported-epsilon-sampling,0.0,0.0,1.420356176753936e-22,-8.48853387889804e-32,-4.813460596556675e-20,2.876390665953643e-29,6.481328691033925e-17,-3.66099838239295e-26,0.08486979872926136
matching_release,exceptional_gram_mixed_jets,scaled_jet,"1,0",inherited_fixed,59137e984d23105b5e4b0e521be622bb85adfd15755f3a058a4b2fffd6c0a179,0.011667440994642675,38400,3.6e-05,0.0,ported-epsilon-sampling,0.0,0.0,1.8000559974911358e-20,-7.175010648886065e-30,-6.104028627193393e-18,2.4323115574246822e-27,9.953221788243289e-15,-3.581961026061945e-24,0.0691651044458926
matching_release,exceptional_gram_mixed_jets,scaled_jet,"1,1",inherited_fixed,59137e984d23105b5e4b0e521be622bb85adfd15755f3a058a4b2fffd6c0a179,0.011667440994642675,38400,3.6e-05,0.0,ported-epsilon-sampling,0.0,0.0,-3.8783268063888044e-21,1.932350334370322e-30,1.3146930053975034e-18,-6.548674515002854e-28,-1.915488206909315e-15,8.867514689441782e-25,0.07798595570378723
matching_release,exceptional_gram_mixed_jets,scaled_jet,"1,2",inherited_fixed,59137e984d23105b5e4b0e521be622bb85adfd15755f3a058a4b2fffd6c0a179,0.011667440994642675,38400,3.6e-05,0.0,ported-epsilon-sampling,0.0,0.0,6.243225190423223e-22,-3.705786436747647e-31,-2.1154727667680565e-19,1.2556875158308646e-28,2.8542090044035364e-16,-1.601562388778088e-25,0.08467525127962447
matching_release,exceptional_gram_mixed_jets,scaled_jet,"2,0",inherited_fixed,59137e984d23105b5e4b0e521be622bb85adfd15755f3a058a4b2fffd6c0a179,0.011667440994642675,38400,3.6e-05,0.0,ported-epsilon-sampling,0.0,0.0,-6.128078062363077e-21,3.024081527792332e-30,2.0773533711875235e-18,-1.0248654041865985e-27,-3.038848826749009e-15,1.3925481445995026e-24,0.07765098998306426
matching_release,exceptional_gram_mixed_jets,scaled_jet,"2,1",inherited_fixed,59137e984d23105b5e4b0e521be622bb85adfd15755f3a058a4b2fffd6c0a179,0.011667440994642675,38400,3.6e-05,0.0,ported-epsilon-sampling,0.0,0.0,1.134191405534888e-21,-6.686623408049394e-31,-3.8433760028850447e-19,2.265521648317192e-28,5.200154962364844e-16,-2.895906241432236e-25,0.08442136491066976
matching_release,exceptional_gram_mixed_jets,scaled_jet,"3,0",inherited_fixed,59137e984d23105b5e4b0e521be622bb85adfd15755f3a058a4b2fffd6c0a179,0.011667440994642675,38400,3.6e-05,0.0,ported-epsilon-sampling,0.0,0.0,8.433307536063385e-22,-4.85077685610289e-31,-2.8579633000984094e-19,1.643600817111824e-28,3.9026968267614513e-16,-2.1185678206973834e-25,0.08359278272402428
weighted_release,massive_weighted_tensor,weighted,base,inherited_direct,b5dfbcb5606003c43f7131b141b43d967398080aaa5d265116cee3839e40b3c5,0.03806889499537647,24000,1e-06,0.0,ported-epsilon-sampling,0.0,0.0,2.847557814562867e-12,-6.301046758525177e-22,-5.811227658760207e-09,1.2858288981612898e-18,0.000490500709216735,-8.859824327333283e-14,0.06768347859944629
weighted_release,massive_weighted_tensor,metric,base,inherited_direct,b5dfbcb5606003c43f7131b141b43d967398080aaa5d265116cee3839e40b3c5,7.658201502636075e-05,0,1e-06,0.0,ported-epsilon-sampling,0.0,0.0,2.847557814562867e-12,-6.301046758525177e-22,-5.811227658760207e-09,1.2858288981612898e-18,0.000490500709216735,-8.859824327333283e-14,5.3735296216449004
cut_release,massive_physical_cut,scalar,base,inherited_direct,b5dfbcb5606003c43f7131b141b43d967398080aaa5d265116cee3839e40b3c5,0.003646778000984341,24000,1e-06,0.0,ported-epsilon-sampling,0.0,0.0,1.80238778848026e-05,-2.4636235736127604e-06,-0.036724338160180794,0.005009640282090234,556.9352805616533,-3.166624314031779,2311.4823123832693
cut_release,massive_physical_cut,metric,base,inherited_direct,b5dfbcb5606003c43f7131b141b43d967398080aaa5d265116cee3839e40b3c5,4.395097494125366e-05,0,1e-06,0.0,ported-epsilon-sampling,0.0,0.0,1.80238778848026e-05,-2.4636235736127604e-06,-0.036724338160180794,0.005009640282090234,556.9352805616533,-3.166624314031779,5173.549819870387
cut_release,massive_physical_cut,tensor,base,inherited_direct,b5dfbcb5606003c43f7131b141b43d967398080aaa5d265116cee3839e40b3c5,3.606098471209407e-05,0,1e-06,0.0,ported-epsilon-sampling,0.0,0.0,1.80238778848026e-05,-2.4636235736127604e-06,-0.036724338160180794,0.005009640282090234,556.9352805616533,-3.166624314031779,61394.114294097206
ultraviolet_release,uv_dimensional_trace,scalar,base,inherited_direct,b5dfbcb5606003c43f7131b141b43d967398080aaa5d265116cee3839e40b3c5,0.0009088119841180742,60,1e-06,1.1176422003977036,ported-epsilon-sampling,0.9999926285975735,3.4121602678617887e-16,0.0,0.0,0.0,0.0,0.41651594118411595,-9.178868082972591e-11,0.0047013473042401
ultraviolet_release,uv_dimensional_trace,metric,base,inherited_direct,b5dfbcb5606003c43f7131b141b43d967398080aaa5d265116cee3839e40b3c5,3.324099816381931e-05,0,1e-06,1.1176422003977036,ported-epsilon-sampling,0.9999926285975735,3.4121602678617887e-16,0.0,0.0,0.0,0.0,0.41651594118411595,-9.178868082972591e-11,0.5333974469366266
ultraviolet_release,uv_dimensional_trace,longitudinal,base,inherited_direct,b5dfbcb5606003c43f7131b141b43d967398080aaa5d265116cee3839e40b3c5,2.619001315906644e-05,0,1e-06,1.1176422003977036,ported-epsilon-sampling,0.9999926285975735,3.4121602678617887e-16,0.0,0.0,0.0,0.0,0.41651594118411595,-9.178868082972591e-11,1.9999778857927208
ultraviolet_release,uv_dimensional_trace,pinch,base,inherited_direct,b5dfbcb5606003c43f7131b141b43d967398080aaa5d265116cee3839e40b3c5,0.00015649403212592006,3,1e-06,1.1176422003977036,ported-epsilon-sampling,2.099973027373491,9.999933971113697e-11,0.0,0.0,0.0,0.0,1.6734407758024947,-2.0709497878537742e-11,0.008185653573156888
collinear_release,soft_collinear_triangle,scalar_jet,0,inherited_direct,b5dfbcb5606003c43f7131b141b43d967398080aaa5d265116cee3839e40b3c5,0.00391770398709923,6000,1e-06,0.0,ported-epsilon-sampling,0.0,0.0,-1.2091446957849613e-06,2.227350362196187e-10,0.0024615034371901433,-4.528739358942265e-07,-32.01564049556521,0.0035549076171241417,109.4354182113867
collinear_release,soft_collinear_triangle,scalar_jet,1,inherited_direct,b5dfbcb5606003c43f7131b141b43d967398080aaa5d265116cee3839e40b3c5,0.00391770398709923,6000,1e-06,0.0,ported-epsilon-sampling,0.0,0.0,-3.917895492469223e-07,1.3503550185446345e-10,0.0007974400966510586,-2.745279949230425e-07,-9.462721432697435,0.002096215802604995,86.76925993520003
collinear_release,soft_collinear_triangle,scalar_jet,2,inherited_direct,b5dfbcb5606003c43f7131b141b43d967398080aaa5d265116cee3839e40b3c5,0.00391770398709923,6000,1e-06,0.0,ported-epsilon-sampling,0.0,0.0,-1.205753104027707e-07,6.075791638467803e-11,0.00024539260539313545,-1.2351177325342633e-07,-2.7899931259453297,0.0009263013760119065,98.73767605492726
collinear_release,soft_collinear_triangle,single_pole,base,inherited_direct,b5dfbcb5606003c43f7131b141b43d967398080aaa5d265116cee3839e40b3c5,3.197102341800928e-05,0,1e-06,0.0,ported-epsilon-sampling,0.0,0.0,-1.2091446957849613e-06,2.227350362196187e-10,0.0024615034371901433,-4.528739358942265e-07,-32.01564049556521,0.0035549076171241417,82.29413692626984
collinear_release,soft_collinear_triangle,finite_tensor,base,inherited_direct,b5dfbcb5606003c43f7131b141b43d967398080aaa5d265116cee3839e40b3c5,2.694997237995267e-05,0,1e-06,0.0,ported-epsilon-sampling,0.0,0.0,-1.2091446957849613e-06,2.227350362196187e-10,0.0024615034371901433,-4.528739358942265e-07,-32.01564049556521,0.0035549076171241417,216.7063553698434
massless_box_release,massless_box_infrared,one_mass,base,inherited_direct,b5dfbcb5606003c43f7131b141b43d967398080aaa5d265116cee3839e40b3c5,0.0026714649866335094,24000,1e-06,0.0,ported-epsilon-sampling,0.0,0.0,3.5868603909269433e-07,-2.158103826316787e-11,-0.0007306279984131712,4.388364856141875e-08,12.203452396003247,-0.0003527225976770904,21.672095758133768
massless_box_release,massless_box_infrared,on_shell,base,inherited_direct,b5dfbcb5606003c43f7131b141b43d967398080aaa5d265116cee3839e40b3c5,0.002655822958331555,24000,1e-06,0.0,ported-epsilon-sampling,0.0,0.0,5.217012695562264e-07,-2.4471833036416942e-11,-0.0010628126978587229,4.976297375952859e-08,18.741504754382067,-0.00040226530620848593,15.631720074743399
matching_release,exceptional_gram_mixed_jets,mixed_jet,"0,0",inherited_direct,b5dfbcb5606003c43f7131b141b43d967398080aaa5d265116cee3839e40b3c5,0.05922014295356348,600000,1e-06,0.0,ported-epsilon-sampling,0.0,0.0,-4.526519135493752e-10,1.4416777173824924e-19,9.236820207486428e-07,-2.941705631905355e-16,-0.06138636077745374,1.6672724320025288e-11,0.00967805871692641
matching_release,exceptional_gram_mixed_jets,mixed_jet,"0,1",inherited_direct,b5dfbcb5606003c43f7131b141b43d967398080aaa5d265116cee3839e40b3c5,0.05922014295356348,600000,1e-06,0.0,ported-epsilon-sampling,0.0,0.0,4.1940372818364154e-11,-1.7194020054314114e-20,-8.55778631292381e-08,3.508196102934457e-17,0.004810390220782779,-1.7776305685993595e-12,0.011460965186285168
matching_release,exceptional_gram_mixed_jets,mixed_jet,"0,2",inherited_direct,b5dfbcb5606003c43f7131b141b43d967398080aaa5d265116cee3839e40b3c5,0.05922014295356348,600000,1e-06,0.0,ported-epsilon-sampling,0.0,0.0,-5.476906146488492e-12,2.7470105590397318e-21,1.1174012770620578e-08,-5.604373229583071e-18,-0.0005648370970448013,2.626774801362322e-13,0.012758354830243738
matching_release,exceptional_gram_mixed_jets,mixed_jet,"0,3",inherited_direct,b5dfbcb5606003c43f7131b141b43d967398080aaa5d265116cee3839e40b3c5,0.05922014295356348,600000,1e-06,0.0,ported-epsilon-sampling,0.0,0.0,-1.1146639167236572e-13,-9.368078931104461e-22,-8.265033102361485e-11,1.6246356626133497e-18,5.9820711612701416e-05,-3.4274666438349755e-14,0.0013021474576669848
matching_release,exceptional_gram_mixed_jets,mixed_jet,"1,0",inherited_direct,b5dfbcb5606003c43f7131b141b43d967398080aaa5d265116cee3839e40b3c5,0.05922014295356348,600000,1e-06,0.0,ported-epsilon-sampling,0.0,0.0,8.08986143626976e-11,-3.2160147990629365e-20,-1.6507203494603787e-07,6.561871405380621e-17,0.009414481205865854,-3.3673542654930474e-12,0.011294131279477069
matching_release,exceptional_gram_mixed_jets,mixed_jet,"1,1",inherited_direct,b5dfbcb5606003c43f7131b141b43d967398080aaa5d265116cee3839e40b3c5,0.05922014295356348,600000,1e-06,0.0,ported-epsilon-sampling,0.0,0.0,-1.7377823789341273e-11,8.638800677433018e-21,3.545703464169492e-08,-1.7625594063986812e-17,-0.0017994949303101748,8.289889296395937e-13,0.012708016284003053
matching_release,exceptional_gram_mixed_jets,mixed_jet,"1,2",inherited_direct,b5dfbcb5606003c43f7131b141b43d967398080aaa5d265116cee3839e40b3c5,0.05922014295356348,600000,1e-06,0.0,ported-epsilon-sampling,0.0,0.0,6.398881424729552e-12,-1.055172268887956e-21,-1.1324004844937008e-08,2.821413807744871e-18,0.00026898086071014404,-1.4900233824555187e-13,0.02219873257374063
matching_release,exceptional_gram_mixed_jets,mixed_jet,"2,0",inherited_direct,b5dfbcb5606003c43f7131b141b43d967398080aaa5d265116cee3839e40b3c5,0.05922014295356348,600000,1e-06,0.0,ported-epsilon-sampling,0.0,0.0,-2.7463059143429877e-11,1.3521695732967705e-20,5.603390829111987e-08,-2.7587802914683e-17,-0.002855567381629953,1.3021504481505828e-12,0.012654854262361645
matching_release,exceptional_gram_mixed_jets,mixed_jet,"2,1",inherited_direct,b5dfbcb5606003c43f7131b141b43d967398080aaa5d265116cee3839e40b3c5,0.05922014295356348,600000,1e-06,0.0,ported-epsilon-sampling,0.0,0.0,7.145117830731351e-12,-3.8890801227975576e-21,-1.3235649021225981e-08,7.52948762638029e-18,0.0004867836833000183,-2.7008083269830507e-13,0.015120953280955538
matching_release,exceptional_gram_mixed_jets,mixed_jet,"3,0",inherited_direct,b5dfbcb5606003c43f7131b141b43d967398080aaa5d265116cee3839e40b3c5,0.05922014295356348,600000,1e-06,0.0,ported-epsilon-sampling,0.0,0.0,5.231703958941125e-12,-1.9766514712720288e-21,-9.732616490509827e-09,4.1997217013848296e-18,0.0003653988242149353,-1.9724499811246687e-13,0.014538270101066245
matching_release,exceptional_gram_mixed_jets,scaled_jet,"0,0",inherited_direct,b5dfbcb5606003c43f7131b141b43d967398080aaa5d265116cee3839e40b3c5,0.05508383299456909,600000,1e-06,0.0,ported-epsilon-sampling,0.0,0.0,-4.526519135477225e-22,1.441677717377605e-35,9.236820207460065e-19,-2.941705631897596e-32,-6.138636077745284e-14,1.6672724320025027e-27,0.009678058716911575
matching_release,exceptional_gram_mixed_jets,scaled_jet,"0,1",inherited_direct,b5dfbcb5606003c43f7131b141b43d967398080aaa5d265116cee3839e40b3c5,0.05508383299456909,600000,1e-06,0.0,ported-epsilon-sampling,0.0,0.0,4.1940372647809254e-23,-1.7194020017830776e-36,-8.557786280223321e-20,3.508196097743176e-33,4.8103902206681995e-15,-1.7776305685875936e-28,0.011460965162192917
matching_release,exceptional_gram_mixed_jets,scaled_jet,"0,2",inherited_direct,b5dfbcb5606003c43f7131b141b43d967398080aaa5d265116cee3839e40b3c5,0.05508383299456909,600000,1e-06,0.0,ported-epsilon-sampling,0.0,0.0,-5.4739829571339896e-24,2.746791016048023e-37,1.1169668813670544e-20,-5.604117774873037e-34,-5.6483562921806995e-16,2.6267741208220666e-29,0.012755723002777794
matching_release,exceptional_gram_mixed_jets,scaled_jet,"0,3",inherited_direct,b5dfbcb5606003c43f7131b141b43d967398080aaa5d265116cee3839e40b3c5,0.05508383299456909,600000,1e-06,0.0,ported-epsilon-sampling,0.0,0.0,-5.429382511837927e-25,-9.62019870143782e-38,-1.7680985593320967e-22,1.6614437154522212e-34,6.006480035569695e-17,-3.42815530100928e-30,0.005387798997789303
matching_release,exceptional_gram_mixed_jets,scaled_jet,"1,0",inherited_direct,b5dfbcb5606003c43f7131b141b43d967398080aaa5d265116cee3839e40b3c5,0.05508383299456909,600000,1e-06,0.0,ported-epsilon-sampling,0.0,0.0,8.089861399729953e-23,-3.216014802350722e-36,-1.650720344287501e-19,6.561871411875145e-33,9.414481205658211e-15,-3.3673542655127593e-28,0.011294131257172125
matching_release,exceptional_gram_mixed_jets,scaled_jet,"1,1",inherited_direct,b5dfbcb5606003c43f7131b141b43d967398080aaa5d265116cee3839e40b3c5,0.05508383299456909,600000,1e-06,0.0,ported-epsilon-sampling,0.0,0.0,-1.7378380325015223e-23,8.638889285309344e-37,3.5457810238805145e-20,-1.7625773834046537e-33,-1.7994951325412778e-15,8.289889721659928e-29,0.012708130094303457
matching_release,exceptional_gram_mixed_jets,scaled_jet,"1,2",inherited_direct,b5dfbcb5606003c43f7131b141b43d967398080aaa5d265116cee3839e40b3c5,0.05508383299456909,600000,1e-06,0.0,ported-epsilon-sampling,0.0,0.0,1.2461376973399411e-23,-1.5009076917396195e-37,-1.961565764850593e-20,3.039799003867665e-34,2.716400780526651e-16,-1.4895912561868637e-29,0.03230446496669408
matching_release,exceptional_gram_mixed_jets,scaled_jet,"2,0",inherited_direct,b5dfbcb5606003c43f7131b141b43d967398080aaa5d265116cee3839e40b3c5,0.05508383299456909,600000,1e-06,0.0,ported-epsilon-sampling,0.0,0.0,-2.746138633842204e-23,1.3521244671562267e-36,5.603156639156874e-20,-2.7587086158920637e-33,-2.855566576533581e-15,1.3021501469188675e-28,0.012654568755265768
matching_release,exceptional_gram_mixed_jets,scaled_jet,"2,1",inherited_direct,b5dfbcb5606003c43f7131b141b43d967398080aaa5d265116cee3839e40b3c5,0.05508383299456909,600000,1e-06,0.0,ported-epsilon-sampling,0.0,0.0,4.870540824804879e-24,-3.82328389661247e-37,-1.0657498409709778e-20,7.362591316940316e-34,4.857767833821303e-16,-2.6989789647648285e-29,0.013021200886676581
matching_release,exceptional_gram_mixed_jets,scaled_jet,"3,0",inherited_direct,b5dfbcb5606003c43f7131b141b43d967398080aaa5d265116cee3839e40b3c5,0.05508383299456909,600000,1e-06,0.0,ported-epsilon-sampling,0.0,0.0,7.167905729200202e-24,-2.1820400873064206e-37,-1.2697325800265544e-20,4.3489470623784465e-34,3.667381611067999e-16,-1.973153746623611e-29,0.018256969897854757
weighted_release,massive_weighted_tensor,weighted,base,production,eae314d6bd8726ed9a1776e17d2c8162a72f2f6f4f98a7d695395db491ffc7a7,0.004367605957668275,9728,1.6078722687417021e-12,0.0,real-simplex;analytic-Laurent-and-jets;Gauss=20;lambda=0.0;refined,0.0,0.0,0.0,0.0,0.0,0.0,0.00045940648052375727,0.0,2.124005639024701e-15
weighted_release,massive_weighted_tensor,metric,base,production,eae314d6bd8726ed9a1776e17d2c8162a72f2f6f4f98a7d695395db491ffc7a7,0.0018497559940442443,9728,1.0754809582901336e-14,0.0,real-simplex;analytic-Laurent-and-jets;Gauss=20;lambda=0.0;refined,-0.0,0.0,-0.0,0.0,-0.0,0.0,-0.0001121521406392704,0.0,2.0542894708912623e-15
cut_release,massive_physical_cut,scalar,base,production,eae314d6bd8726ed9a1776e17d2c8162a72f2f6f4f98a7d695395db491ffc7a7,0.14390871598152444,205184,1.2445747189455517e-11,0.0,causal-simplex-contour;analytic-Laurent-and-jets;Gauss=52;lambda=3.0;refined,0.0,0.0,0.0,0.0,0.0,0.0,0.07286146991699459,0.2409113909755935,2.649846636866319e-15
cut_release,massive_physical_cut,metric,base,production,eae314d6bd8726ed9a1776e17d2c8162a72f2f6f4f98a7d695395db491ffc7a7,0.14522144198417664,205184,7.714515811064777e-14,0.0,causal-simplex-contour;analytic-Laurent-and-jets;Gauss=52;lambda=3.0;refined,-0.0,0.0,-0.0,0.0,-0.0,0.0,-0.10767132264674985,-0.0578547158432185,1.804464034929981e-15
cut_release,massive_physical_cut,tensor,base,production,eae314d6bd8726ed9a1776e17d2c8162a72f2f6f4f98a7d695395db491ffc7a7,0.15573461900930852,205184,1.9461642957874437e-13,0.0,causal-simplex-contour;analytic-Laurent-and-jets;Gauss=52;lambda=3.0;refined,0.0,0.0,0.0,0.0,0.0,0.0,0.009071328996861229,0.004000587066875804,1.1473887519085939e-15
ultraviolet_release,uv_dimensional_trace,scalar,base,production,eae314d6bd8726ed9a1776e17d2c8162a72f2f6f4f98a7d695395db491ffc7a7,0.0024439780390821397,32,2.1052271037547143e-11,3.265361837132813e-16,real-simplex;analytic-Laurent-and-jets;Gauss=20;lambda=0.0;refined,1.0,0.0,0.0,0.0,0.0,0.0,0.4118145938798755,0.0,3.3306690738754696e-16
ultraviolet_release,uv_dimensional_trace,metric,base,production,eae314d6bd8726ed9a1776e17d2c8162a72f2f6f4f98a7d695395db491ffc7a7,0.0003113659913651645,32,1.7974946484071532e-12,3.265361837132813e-16,real-simplex;analytic-Laurent-and-jets;Gauss=20;lambda=0.0;refined,0.5833333333333336,0.0,-0.0,0.0,-0.0,0.0,0.7811422751593032,0.0,4.2638443466604405e-16
ultraviolet_release,uv_dimensional_trace,longitudinal,base,production,eae314d6bd8726ed9a1776e17d2c8162a72f2f6f4f98a7d695395db491ffc7a7,0.0009773600031621754,64,5.412337245047638e-16,3.265361837132813e-16,real-simplex;analytic-Laurent-and-jets;Gauss=32;lambda=0.0;refined,0.3333333333333333,0.0,0.0,0.0,0.0,0.0,0.07303357542879935,0.0,0.0
ultraviolet_release,uv_dimensional_trace,pinch,base,production,eae314d6bd8726ed9a1776e17d2c8162a72f2f6f4f98a7d695395db491ffc7a7,0.0001801630132831633,2,0.0,3.265361837132813e-16,real-simplex;analytic-Laurent-and-jets;Gauss=20;lambda=0.0;refined,2.1,0.0,-0.0,0.0,-0.0,0.0,1.6562509032988653,0.0,0.0
collinear_release,soft_collinear_triangle,scalar_jet,0,production,eae314d6bd8726ed9a1776e17d2c8162a72f2f6f4f98a7d695395db491ffc7a7,0.0001417929888702929,3,4e-15,0.0,analytic-dirichlet-IR-triangle-and-jets,0.0,0.0,-0.29411764705882354,0.0,0.20386681781174862,0.0,0.17124721366618018,0.0,0.0
collinear_release,soft_collinear_triangle,scalar_jet,1,production,eae314d6bd8726ed9a1776e17d2c8162a72f2f6f4f98a7d695395db491ffc7a7,0.0001417929888702929,3,4e-15,0.0,analytic-dirichlet-IR-triangle-and-jets,0.0,0.0,-0.08650519031141869,0.0,-0.02654436154325733,0.0,0.11032765631703788,0.0,0.0
collinear_release,soft_collinear_triangle,scalar_jet,2,production,eae314d6bd8726ed9a1776e17d2c8162a72f2f6f4f98a7d695395db491ffc7a7,0.0001417929888702929,3,4e-15,0.0,analytic-dirichlet-IR-triangle-and-jets,0.0,0.0,-0.025442703032770204,0.0,-0.020528516676166668,0.0,0.028545728101590943,0.0,0.0
collinear_release,soft_collinear_triangle,single_pole,base,production,eae314d6bd8726ed9a1776e17d2c8162a72f2f6f4f98a7d695395db491ffc7a7,5.1820999942719936e-05,1,4e-15,0.0,analytic-dirichlet-IR-triangle-and-jets,0.0,0.0,0.0,0.0,-0.29411764705882354,0.0,-0.38436847630589843,0.0,0.0
collinear_release,soft_collinear_triangle,finite_tensor,base,production,eae314d6bd8726ed9a1776e17d2c8162a72f2f6f4f98a7d695395db491ffc7a7,4.461995558813214e-05,1,4e-15,0.0,analytic-dirichlet-IR-triangle-and-jets,0.0,0.0,0.0,0.0,0.0,0.0,-0.14705882352941177,0.0,0.0
massless_box_release,massless_box_infrared,one_mass,base,production,eae314d6bd8726ed9a1776e17d2c8162a72f2f6f4f98a7d695395db491ffc7a7,0.004687701992224902,1,4e-15,0.0,analytic-causal-zero-or-one-mass-IR-box,0.0,0.0,0.16666666666666666,0.0,-0.28198568904305643,0.0,-0.5903345523736558,0.0,0.0
massless_box_release,massless_box_infrared,on_shell,base,production,eae314d6bd8726ed9a1776e17d2c8162a72f2f6f4f98a7d695395db491ffc7a7,4.7271023504436016e-05,1,4e-15,0.0,analytic-causal-zero-or-one-mass-IR-box,0.0,0.0,0.4,0.0,-0.248265718173941,0.0,-1.2808818552189765,0.0,0.0
matching_release,exceptional_gram_mixed_jets,mixed_jet,"0,0",production,eae314d6bd8726ed9a1776e17d2c8162a72f2f6f4f98a7d695395db491ffc7a7,0.006593180005438626,9728,3.4218220585218574e-12,0.0,real-simplex;analytic-Laurent-and-jets;Gauss=20;lambda=0.0;refined,-0.0,0.0,-0.0,0.0,-0.0,0.0,-0.06079795460293747,0.0,2.282607679559e-16
matching_release,exceptional_gram_mixed_jets,mixed_jet,"0,1",production,eae314d6bd8726ed9a1776e17d2c8162a72f2f6f4f98a7d695395db491ffc7a7,0.006593180005438626,9728,3.4218220585218574e-12,0.0,real-simplex;analytic-Laurent-and-jets;Gauss=20;lambda=0.0;refined,-0.0,0.0,-0.0,0.0,-0.0,0.0,0.004755883208895596,0.0,1.6413892644155998e-15
matching_release,exceptional_gram_mixed_jets,mixed_jet,"0,2",production,eae314d6bd8726ed9a1776e17d2c8162a72f2f6f4f98a7d695395db491ffc7a7,0.006593180005438626,9728,3.4218220585218574e-12,0.0,real-simplex;analytic-Laurent-and-jets;Gauss=20;lambda=0.0;refined,-0.0,0.0,-0.0,0.0,-0.0,0.0,-0.0005577214883993524,0.0,2.9159774054890975e-15
matching_release,exceptional_gram_mixed_jets,mixed_jet,"0,3",production,eae314d6bd8726ed9a1776e17d2c8162a72f2f6f4f98a7d695395db491ffc7a7,0.006593180005438626,9728,3.4218220585218574e-12,0.0,real-simplex;analytic-Laurent-and-jets;Gauss=20;lambda=0.0;refined,-0.0,0.0,-0.0,0.0,-0.0,0.0,5.974291752453352e-05,0.0,4.763795979005772e-15
matching_release,exceptional_gram_mixed_jets,mixed_jet,"1,0",production,eae314d6bd8726ed9a1776e17d2c8162a72f2f6f4f98a7d695395db491ffc7a7,0.006593180005438626,9728,3.4218220585218574e-12,0.0,real-simplex;analytic-Laurent-and-jets;Gauss=20;lambda=0.0;refined,-0.0,0.0,-0.0,0.0,-0.0,0.0,0.00930934029445498,0.0,2.7951338458592228e-15
matching_release,exceptional_gram_mixed_jets,mixed_jet,"1,1",production,eae314d6bd8726ed9a1776e17d2c8162a72f2f6f4f98a7d695395db491ffc7a7,0.006593180005438626,9728,3.4218220585218574e-12,0.0,real-simplex;analytic-Laurent-and-jets;Gauss=20;lambda=0.0;refined,-0.0,0.0,-0.0,0.0,-0.0,0.0,-0.0017769138797905316,0.0,3.2948652143523767e-15
matching_release,exceptional_gram_mixed_jets,mixed_jet,"1,2",production,eae314d6bd8726ed9a1776e17d2c8162a72f2f6f4f98a7d695395db491ffc7a7,0.006593180005438626,9728,3.4218220585218574e-12,0.0,real-simplex;analytic-Laurent-and-jets;Gauss=20;lambda=0.0;refined,-0.0,0.0,-0.0,0.0,-0.0,0.0,0.0002631394973782569,0.0,4.944307562890847e-15
matching_release,exceptional_gram_mixed_jets,mixed_jet,"2,0",production,eae314d6bd8726ed9a1776e17d2c8162a72f2f6f4f98a7d695395db491ffc7a7,0.006593180005438626,9728,3.4218220585218574e-12,0.0,real-simplex;analytic-Laurent-and-jets;Gauss=20;lambda=0.0;refined,-0.0,0.0,-0.0,0.0,-0.0,0.0,-0.002819882183559979,0.0,2.6144974481146207e-15
matching_release,exceptional_gram_mixed_jets,mixed_jet,"2,1",production,eae314d6bd8726ed9a1776e17d2c8162a72f2f6f4f98a7d695395db491ffc7a7,0.006593180005438626,9728,3.4218220585218574e-12,0.0,real-simplex;analytic-Laurent-and-jets;Gauss=20;lambda=0.0;refined,-0.0,0.0,-0.0,0.0,-0.0,0.0,0.0004795326918695701,0.0,4.97410253755315e-15
matching_release,exceptional_gram_mixed_jets,mixed_jet,"3,0",production,eae314d6bd8726ed9a1776e17d2c8162a72f2f6f4f98a7d695395db491ffc7a7,0.006593180005438626,9728,3.4218220585218574e-12,0.0,real-simplex;analytic-Laurent-and-jets;Gauss=20;lambda=0.0;refined,-0.0,0.0,-0.0,0.0,-0.0,0.0,0.00036016268186565045,0.0,6.472171571938103e-15
matching_release,exceptional_gram_mixed_jets,scaled_jet,"0,0",production,eae314d6bd8726ed9a1776e17d2c8162a72f2f6f4f98a7d695395db491ffc7a7,0.004592780023813248,9728,3.4221920333795843e-12,0.0,real-simplex;analytic-Laurent-and-jets;Gauss=20;lambda=0.0;refined,-0.0,0.0,-0.0,0.0,-0.0,0.0,-6.079795460293746e-14,0.0,4.152039181570217e-16
matching_release,exceptional_gram_mixed_jets,scaled_jet,"0,1",production,eae314d6bd8726ed9a1776e17d2c8162a72f2f6f4f98a7d695395db491ffc7a7,0.004592780023813248,9728,3.4221920333795843e-12,0.0,real-simplex;analytic-Laurent-and-jets;Gauss=20;lambda=0.0;refined,-0.0,0.0,-0.0,0.0,-0.0,0.0,4.755883208895596e-15,0.0,1.4928348395329517e-15
matching_release,exceptional_gram_mixed_jets,scaled_jet,"0,2",production,eae314d6bd8726ed9a1776e17d2c8162a72f2f6f4f98a7d695395db491ffc7a7,0.004592780023813248,9728,3.4221920333795843e-12,0.0,real-simplex;analytic-Laurent-and-jets;Gauss=20;lambda=0.0;refined,-0.0,0.0,-0.0,0.0,-0.0,0.0,-5.577214883993526e-16,0.0,3.005674800886157e-15
matching_release,exceptional_gram_mixed_jets,scaled_jet,"0,3",production,eae314d6bd8726ed9a1776e17d2c8162a72f2f6f4f98a7d695395db491ffc7a7,0.004592780023813248,9728,3.4221920333795843e-12,0.0,real-simplex;analytic-Laurent-and-jets;Gauss=20;lambda=0.0;refined,-0.0,0.0,-0.0,0.0,-0.0,0.0,5.974291752453354e-17,0.0,4.745280270207493e-15
matching_release,exceptional_gram_mixed_jets,scaled_jet,"1,0",production,eae314d6bd8726ed9a1776e17d2c8162a72f2f6f4f98a7d695395db491ffc7a7,0.004592780023813248,9728,3.4221920333795843e-12,0.0,real-simplex;analytic-Laurent-and-jets;Gauss=20;lambda=0.0;refined,-0.0,0.0,-0.0,0.0,-0.0,0.0,9.30934029445498e-15,0.0,2.7116367184588283e-15
matching_release,exceptional_gram_mixed_jets,scaled_jet,"1,1",production,eae314d6bd8726ed9a1776e17d2c8162a72f2f6f4f98a7d695395db491ffc7a7,0.004592780023813248,9728,3.4221920333795843e-12,0.0,real-simplex;analytic-Laurent-and-jets;Gauss=20;lambda=0.0;refined,-0.0,0.0,-0.0,0.0,-0.0,0.0,-1.7769138797905314e-15,0.0,2.885674957157209e-15
matching_release,exceptional_gram_mixed_jets,scaled_jet,"1,2",production,eae314d6bd8726ed9a1776e17d2c8162a72f2f6f4f98a7d695395db491ffc7a7,0.004592780023813248,9728,3.4221920333795843e-12,0.0,real-simplex;analytic-Laurent-and-jets;Gauss=20;lambda=0.0;refined,-0.0,0.0,-0.0,0.0,-0.0,0.0,2.63139497378257e-16,0.0,4.6841890962344185e-15
matching_release,exceptional_gram_mixed_jets,scaled_jet,"2,0",production,eae314d6bd8726ed9a1776e17d2c8162a72f2f6f4f98a7d695395db491ffc7a7,0.004592780023813248,9728,3.4221920333795843e-12,0.0,real-simplex;analytic-Laurent-and-jets;Gauss=20;lambda=0.0;refined,-0.0,0.0,-0.0,0.0,-0.0,0.0,-2.81988218355998e-15,0.0,2.797495972775398e-15
matching_release,exceptional_gram_mixed_jets,scaled_jet,"2,1",production,eae314d6bd8726ed9a1776e17d2c8162a72f2f6f4f98a7d695395db491ffc7a7,0.004592780023813248,9728,3.4221920333795843e-12,0.0,real-simplex;analytic-Laurent-and-jets;Gauss=20;lambda=0.0;refined,-0.0,0.0,-0.0,0.0,-0.0,0.0,4.795326918695702e-16,0.0,4.935185349796219e-15
matching_release,exceptional_gram_mixed_jets,scaled_jet,"3,0",production,eae314d6bd8726ed9a1776e17d2c8162a72f2f6f4f98a7d695395db491ffc7a7,0.004592780023813248,9728,3.4221920333795843e-12,0.0,real-simplex;analytic-Laurent-and-jets;Gauss=20;lambda=0.0;refined,-0.0,0.0,-0.0,0.0,-0.0,0.0,3.6016268186565045e-16,0.0,6.433978381888935e-15
weighted_release,massive_weighted_tensor,weighted,base,fixed,217cf1c7f8496bf3ca8f183e2c852e5d0ad59b39793974614fe570f3eb48209e,0.0024207180249504745,2240,6.905654807818786e-08,0.0,real-simplex;analytic-Laurent-and-jets;Gauss=12;lambda=0.0;UNCONVERGED,0.0,0.0,0.0,0.0,0.0,0.0,0.00045940648052449594,0.0,1.6057482631026739e-12
weighted_release,massive_weighted_tensor,metric,base,fixed,217cf1c7f8496bf3ca8f183e2c852e5d0ad59b39793974614fe570f3eb48209e,0.0011130920029245317,2240,7.430535401399318e-10,0.0,real-simplex;analytic-Laurent-and-jets;Gauss=12;lambda=0.0;UNCONVERGED,-0.0,0.0,-0.0,0.0,-0.0,0.0,-0.0001121521406392692,0.0,1.2809099053792576e-14
cut_release,massive_physical_cut,scalar,base,fixed,217cf1c7f8496bf3ca8f183e2c852e5d0ad59b39793974614fe570f3eb48209e,0.010200900956988335,9728,0.0001262806398590667,0.0,causal-simplex-contour;analytic-Laurent-and-jets;Gauss=20;lambda=3.0;UNCONVERGED,0.0,0.0,0.0,0.0,0.0,0.0,0.07286140418832457,0.24091130683456613,3.492613100003188e-07
cut_release,massive_physical_cut,metric,base,fixed,217cf1c7f8496bf3ca8f183e2c852e5d0ad59b39793974614fe570f3eb48209e,0.008261172974016517,9728,1.2181042558387369e-05,0.0,causal-simplex-contour;analytic-Laurent-and-jets;Gauss=20;lambda=3.0;UNCONVERGED,-0.0,0.0,-0.0,0.0,-0.0,0.0,-0.10767131969464165,-0.05785472128308237,5.052286731940631e-08
cut_release,massive_physical_cut,tensor,base,fixed,217cf1c7f8496bf3ca8f183e2c852e5d0ad59b39793974614fe570f3eb48209e,0.009806252957787365,9728,1.212906635166886e-05,0.0,causal-simplex-contour;analytic-Laurent-and-jets;Gauss=20;lambda=3.0;UNCONVERGED,0.0,0.0,0.0,0.0,0.0,0.0,0.009071328893718145,0.0040005873298578154,2.8990460036269674e-08
ultraviolet_release,uv_dimensional_trace,scalar,base,fixed,217cf1c7f8496bf3ca8f183e2c852e5d0ad59b39793974614fe570f3eb48209e,0.0009806100279092789,20,9.239446008280083e-08,1.7626096660659212e-12,real-simplex;analytic-Laurent-and-jets;Gauss=12;lambda=0.0;UNCONVERGED,1.0,0.0,0.0,0.0,0.0,0.0,0.4118145939009278,0.0,2.1051937970639756e-11
ultraviolet_release,uv_dimensional_trace,metric,base,fixed,217cf1c7f8496bf3ca8f183e2c852e5d0ad59b39793974614fe570f3eb48209e,0.00031505600782111287,20,9.327657383228026e-09,1.7626096660659212e-12,real-simplex;analytic-Laurent-and-jets;Gauss=12;lambda=0.0;UNCONVERGED,0.5833333333333335,0.0,-0.0,0.0,-0.0,0.0,0.7811422751578991,0.0,1.7976367765520416e-12
ultraviolet_release,uv_dimensional_trace,longitudinal,base,fixed,217cf1c7f8496bf3ca8f183e2c852e5d0ad59b39793974614fe570f3eb48209e,0.0002943060244433582,20,8.823982727834688e-08,1.7626096660659212e-12,real-simplex;analytic-Laurent-and-jets;Gauss=12;lambda=0.0;UNCONVERGED,0.33333333333333337,0.0,0.0,0.0,0.0,0.0,0.0730335754409796,0.0,3.654077040948778e-11
ultraviolet_release,uv_dimensional_trace,pinch,base,fixed,217cf1c7f8496bf3ca8f183e2c852e5d0ad59b39793974614fe570f3eb48209e,0.00020357401808723807,2,0.0,1.7626096660659212e-12,real-simplex;analytic-Laurent-and-jets;Gauss=12;lambda=0.0;refined,2.1,0.0,-0.0,0.0,-0.0,0.0,1.6562509032988653,0.0,0.0
collinear_release,soft_collinear_triangle,scalar_jet,0,fixed,217cf1c7f8496bf3ca8f183e2c852e5d0ad59b39793974614fe570f3eb48209e,0.00014942296547815204,3,4e-15,0.0,analytic-dirichlet-IR-triangle-and-jets,0.0,0.0,-0.29411764705882354,0.0,0.20386681781174862,0.0,0.17124721366618018,0.0,0.0
collinear_release,soft_collinear_triangle,scalar_jet,1,fixed,217cf1c7f8496bf3ca8f183e2c852e5d0ad59b39793974614fe570f3eb48209e,0.00014942296547815204,3,4e-15,0.0,analytic-dirichlet-IR-triangle-and-jets,0.0,0.0,-0.08650519031141869,0.0,-0.02654436154325733,0.0,0.11032765631703788,0.0,0.0
collinear_release,soft_collinear_triangle,scalar_jet,2,fixed,217cf1c7f8496bf3ca8f183e2c852e5d0ad59b39793974614fe570f3eb48209e,0.00014942296547815204,3,4e-15,0.0,analytic-dirichlet-IR-triangle-and-jets,0.0,0.0,-0.025442703032770204,0.0,-0.020528516676166668,0.0,0.028545728101590943,0.0,0.0
collinear_release,soft_collinear_triangle,single_pole,base,fixed,217cf1c7f8496bf3ca8f183e2c852e5d0ad59b39793974614fe570f3eb48209e,5.711102858185768e-05,1,4e-15,0.0,analytic-dirichlet-IR-triangle-and-jets,0.0,0.0,0.0,0.0,-0.29411764705882354,0.0,-0.38436847630589843,0.0,0.0
collinear_release,soft_collinear_triangle,finite_tensor,base,fixed,217cf1c7f8496bf3ca8f183e2c852e5d0ad59b39793974614fe570f3eb48209e,5.12109836563468e-05,1,4e-15,0.0,analytic-dirichlet-IR-triangle-and-jets,0.0,0.0,0.0,0.0,0.0,0.0,-0.14705882352941177,0.0,0.0
massless_box_release,massless_box_infrared,one_mass,base,fixed,217cf1c7f8496bf3ca8f183e2c852e5d0ad59b39793974614fe570f3eb48209e,0.005555048992391676,1,4e-15,0.0,analytic-causal-zero-or-one-mass-IR-box,0.0,0.0,0.16666666666666666,0.0,-0.28198568904305643,0.0,-0.5903345523736558,0.0,0.0
massless_box_release,massless_box_infrared,on_shell,base,fixed,217cf1c7f8496bf3ca8f183e2c852e5d0ad59b39793974614fe570f3eb48209e,6.0651975218206644e-05,1,4e-15,0.0,analytic-causal-zero-or-one-mass-IR-box,0.0,0.0,0.4,0.0,-0.248265718173941,0.0,-1.2808818552189765,0.0,0.0
matching_release,exceptional_gram_mixed_jets,mixed_jet,"0,0",fixed,217cf1c7f8496bf3ca8f183e2c852e5d0ad59b39793974614fe570f3eb48209e,0.003053580003324896,2240,1.1920452299099729e-07,0.0,real-simplex;analytic-Laurent-and-jets;Gauss=12;lambda=0.0;UNCONVERGED,-0.0,0.0,-0.0,0.0,-0.0,0.0,-0.06079795460293786,0.0,6.163040734809301e-15
matching_release,exceptional_gram_mixed_jets,mixed_jet,"0,1",fixed,217cf1c7f8496bf3ca8f183e2c852e5d0ad59b39793974614fe570f3eb48209e,0.003053580003324896,2240,1.1920452299099729e-07,0.0,real-simplex;analytic-Laurent-and-jets;Gauss=12;lambda=0.0;UNCONVERGED,-0.0,0.0,-0.0,0.0,-0.0,0.0,0.00475588320889544,0.0,3.11863960238964e-14
matching_release,exceptional_gram_mixed_jets,mixed_jet,"0,2",fixed,217cf1c7f8496bf3ca8f183e2c852e5d0ad59b39793974614fe570f3eb48209e,0.003053580003324896,2240,1.1920452299099729e-07,0.0,real-simplex;analytic-Laurent-and-jets;Gauss=12;lambda=0.0;UNCONVERGED,-0.0,0.0,-0.0,0.0,-0.0,0.0,-0.0005577214883994212,0.0,1.2635902090452756e-13
matching_release,exceptional_gram_mixed_jets,mixed_jet,"0,3",fixed,217cf1c7f8496bf3ca8f183e2c852e5d0ad59b39793974614fe570f3eb48209e,0.003053580003324896,2240,1.1920452299099729e-07,0.0,real-simplex;analytic-Laurent-and-jets;Gauss=12;lambda=0.0;UNCONVERGED,-0.0,0.0,-0.0,0.0,-0.0,0.0,5.9742917524500616e-05,0.0,5.460217581650902e-13
matching_release,exceptional_gram_mixed_jets,mixed_jet,"1,0",fixed,217cf1c7f8496bf3ca8f183e2c852e5d0ad59b39793974614fe570f3eb48209e,0.003053580003324896,2240,1.1920452299099729e-07,0.0,real-simplex;analytic-Laurent-and-jets;Gauss=12;lambda=0.0;UNCONVERGED,-0.0,0.0,-0.0,0.0,-0.0,0.0,0.009309340294455744,0.0,8.478572665772975e-14
matching_release,exceptional_gram_mixed_jets,mixed_jet,"1,1",fixed,217cf1c7f8496bf3ca8f183e2c852e5d0ad59b39793974614fe570f3eb48209e,0.003053580003324896,2240,1.1920452299099729e-07,0.0,real-simplex;analytic-Laurent-and-jets;Gauss=12;lambda=0.0;UNCONVERGED,-0.0,0.0,-0.0,0.0,-0.0,0.0,-0.0017769138797901975,0.0,1.8475651609368513e-13
matching_release,exceptional_gram_mixed_jets,mixed_jet,"1,2",fixed,217cf1c7f8496bf3ca8f183e2c852e5d0ad59b39793974614fe570f3eb48209e,0.003053580003324896,2240,1.1920452299099729e-07,0.0,real-simplex;analytic-Laurent-and-jets;Gauss=12;lambda=0.0;UNCONVERGED,-0.0,0.0,-0.0,0.0,-0.0,0.0,0.00026313949737842335,0.0,6.374036499826783e-13
matching_release,exceptional_gram_mixed_jets,mixed_jet,"2,0",fixed,217cf1c7f8496bf3ca8f183e2c852e5d0ad59b39793974614fe570f3eb48209e,0.003053580003324896,2240,1.1920452299099729e-07,0.0,real-simplex;analytic-Laurent-and-jets;Gauss=12;lambda=0.0;UNCONVERGED,-0.0,0.0,-0.0,0.0,-0.0,0.0,-0.0028198821835611187,0.0,4.0678504413312775e-13
matching_release,exceptional_gram_mixed_jets,mixed_jet,"2,1",fixed,217cf1c7f8496bf3ca8f183e2c852e5d0ad59b39793974614fe570f3eb48209e,0.003053580003324896,2240,1.1920452299099729e-07,0.0,real-simplex;analytic-Laurent-and-jets;Gauss=12;lambda=0.0;UNCONVERGED,-0.0,0.0,-0.0,0.0,-0.0,0.0,0.00047953269186906076,0.0,1.0572228847999333e-12
matching_release,exceptional_gram_mixed_jets,mixed_jet,"3,0",fixed,217cf1c7f8496bf3ca8f183e2c852e5d0ad59b39793974614fe570f3eb48209e,0.003053580003324896,2240,1.1920452299099729e-07,0.0,real-simplex;analytic-Laurent-and-jets;Gauss=12;lambda=0.0;UNCONVERGED,-0.0,0.0,-0.0,0.0,-0.0,0.0,0.00036016268186688286,0.0,3.428294230093818e-12
matching_release,exceptional_gram_mixed_jets,scaled_jet,"0,0",fixed,217cf1c7f8496bf3ca8f183e2c852e5d0ad59b39793974614fe570f3eb48209e,0.0020078099914826453,2240,1.1920452255582154e-07,0.0,real-simplex;analytic-Laurent-and-jets;Gauss=12;lambda=0.0;UNCONVERGED,-0.0,0.0,-0.0,0.0,-0.0,0.0,-6.079795460293786e-14,0.0,6.0204568132768144e-15
matching_release,exceptional_gram_mixed_jets,scaled_jet,"0,1",fixed,217cf1c7f8496bf3ca8f183e2c852e5d0ad59b39793974614fe570f3eb48209e,0.0020078099914826453,2240,1.1920452255582154e-07,0.0,real-simplex;analytic-Laurent-and-jets;Gauss=12;lambda=0.0;UNCONVERGED,-0.0,0.0,-0.0,0.0,-0.0,0.0,4.75588320889544e-15,0.0,3.134953163019199e-14
matching_release,exceptional_gram_mixed_jets,scaled_jet,"0,2",fixed,217cf1c7f8496bf3ca8f183e2c852e5d0ad59b39793974614fe570f3eb48209e,0.0020078099914826453,2240,1.1920452255582154e-07,0.0,real-simplex;analytic-Laurent-and-jets;Gauss=12;lambda=0.0;UNCONVERGED,-0.0,0.0,-0.0,0.0,-0.0,0.0,-5.577214883994213e-16,0.0,1.262383416372186e-13
matching_release,exceptional_gram_mixed_jets,scaled_jet,"0,3",fixed,217cf1c7f8496bf3ca8f183e2c852e5d0ad59b39793974614fe570f3eb48209e,0.0020078099914826453,2240,1.1920452255582154e-07,0.0,real-simplex;analytic-Laurent-and-jets;Gauss=12;lambda=0.0;UNCONVERGED,-0.0,0.0,-0.0,0.0,-0.0,0.0,5.974291752450063e-17,0.0,5.461198641408363e-13
matching_release,exceptional_gram_mixed_jets,scaled_jet,"1,0",fixed,217cf1c7f8496bf3ca8f183e2c852e5d0ad59b39793974614fe570f3eb48209e,0.0020078099914826453,2240,1.1920452255582154e-07,0.0,real-simplex;analytic-Laurent-and-jets;Gauss=12;lambda=0.0;UNCONVERGED,-0.0,0.0,-0.0,0.0,-0.0,0.0,9.309340294455744e-15,0.0,8.473864745183838e-14
matching_release,exceptional_gram_mixed_jets,scaled_jet,"1,1",fixed,217cf1c7f8496bf3ca8f183e2c852e5d0ad59b39793974614fe570f3eb48209e,0.0020078099914826453,2240,1.1920452255582154e-07,0.0,real-simplex;analytic-Laurent-and-jets;Gauss=12;lambda=0.0;UNCONVERGED,-0.0,0.0,-0.0,0.0,-0.0,0.0,-1.7769138797901977e-15,0.0,1.8490517225476577e-13
matching_release,exceptional_gram_mixed_jets,scaled_jet,"1,2",fixed,217cf1c7f8496bf3ca8f183e2c852e5d0ad59b39793974614fe570f3eb48209e,0.0020078099914826453,2240,1.1920452255582154e-07,0.0,real-simplex;analytic-Laurent-and-jets;Gauss=12;lambda=0.0;UNCONVERGED,-0.0,0.0,-0.0,0.0,-0.0,0.0,2.6313949737842343e-16,0.0,6.372370846517303e-13
matching_release,exceptional_gram_mixed_jets,scaled_jet,"2,0",fixed,217cf1c7f8496bf3ca8f183e2c852e5d0ad59b39793974614fe570f3eb48209e,0.0020078099914826453,2240,1.1920452255582154e-07,0.0,real-simplex;analytic-Laurent-and-jets;Gauss=12;lambda=0.0;UNCONVERGED,-0.0,0.0,-0.0,0.0,-0.0,0.0,-2.8198821835611193e-15,0.0,4.067559144415429e-13
matching_release,exceptional_gram_mixed_jets,scaled_jet,"2,1",fixed,217cf1c7f8496bf3ca8f183e2c852e5d0ad59b39793974614fe570f3eb48209e,0.0020078099914826453,2240,1.1920452255582154e-07,0.0,real-simplex;analytic-Laurent-and-jets;Gauss=12;lambda=0.0;UNCONVERGED,-0.0,0.0,-0.0,0.0,-0.0,0.0,4.79532691869061e-16,0.0,1.0569521957480234e-12
matching_release,exceptional_gram_mixed_jets,scaled_jet,"3,0",fixed,217cf1c7f8496bf3ca8f183e2c852e5d0ad59b39793974614fe570f3eb48209e,0.0020078099914826453,2240,1.1920452255582154e-07,0.0,real-simplex;analytic-Laurent-and-jets;Gauss=12;lambda=0.0;UNCONVERGED,-0.0,0.0,-0.0,0.0,-0.0,0.0,3.60162681866883e-16,0.0,3.428626011761495e-12
weighted_release,massive_weighted_tensor,weighted,base,direct,08d1bd9a889a0f7747321f2c274742585e2e27de5b599b6dca42f32313c46b78,0.011882134014740586,40768,2.124005639024701e-15,0.0,real-simplex;analytic-Laurent-and-jets;Gauss=32;lambda=0.0;refined,0.0,0.0,0.0,0.0,0.0,0.0,0.00045940648052375825,0.0,0.0
weighted_release,massive_weighted_tensor,metric,base,direct,08d1bd9a889a0f7747321f2c274742585e2e27de5b599b6dca42f32313c46b78,0.005486427980940789,40768,2.0542894708912623e-15,0.0,real-simplex;analytic-Laurent-and-jets;Gauss=32;lambda=0.0;refined,-0.0,0.0,-0.0,0.0,-0.0,0.0,-0.00011215214063927064,0.0,0.0
cut_release,massive_physical_cut,scalar,base,direct,08d1bd9a889a0f7747321f2c274742585e2e27de5b599b6dca42f32313c46b78,0.14546136604622006,201088,1.5570007970454818e-13,0.0,causal-simplex-contour;analytic-Laurent-and-jets;Gauss=52;lambda=2.0;refined,0.0,0.0,0.0,0.0,0.0,0.0,0.07286146991699494,0.24091139097559414,0.0
cut_release,massive_physical_cut,metric,base,direct,08d1bd9a889a0f7747321f2c274742585e2e27de5b599b6dca42f32313c46b78,0.14468939101789147,201088,6.748584125531122e-15,0.0,causal-simplex-contour;analytic-Laurent-and-jets;Gauss=52;lambda=2.0;refined,-0.0,0.0,-0.0,0.0,-0.0,0.0,-0.10767132264675004,-0.05785471584321842,0.0
cut_release,massive_physical_cut,tensor,base,direct,08d1bd9a889a0f7747321f2c274742585e2e27de5b599b6dca42f32313c46b78,0.14264201000332832,201088,8.357066161724907e-15,0.0,causal-simplex-contour;analytic-Laurent-and-jets;Gauss=52;lambda=2.0;refined,0.0,0.0,0.0,0.0,0.0,0.0,0.009071328996861229,0.004000587066875815,0.0
ultraviolet_release,uv_dimensional_trace,scalar,base,direct,08d1bd9a889a0f7747321f2c274742585e2e27de5b599b6dca42f32313c46b78,0.003863656020257622,52,3.3306690738754696e-16,2.285753285992969e-16,real-simplex;analytic-Laurent-and-jets;Gauss=32;lambda=0.0;refined,1.0,0.0,0.0,0.0,0.0,0.0,0.41181459387987585,0.0,0.0
ultraviolet_release,uv_dimensional_trace,metric,base,direct,08d1bd9a889a0f7747321f2c274742585e2e27de5b599b6dca42f32313c46b78,0.00030087598133832216,52,4.2638443466604405e-16,2.285753285992969e-16,real-simplex;analytic-Laurent-and-jets;Gauss=32;lambda=0.0;refined,0.5833333333333333,0.0,-0.0,0.0,-0.0,0.0,0.7811422751593033,0.0,0.0
ultraviolet_release,uv_dimensional_trace,longitudinal,base,direct,08d1bd9a889a0f7747321f2c274742585e2e27de5b599b6dca42f32313c46b78,0.0002802759991027415,52,5.412337245047638e-16,2.285753285992969e-16,real-simplex;analytic-Laurent-and-jets;Gauss=32;lambda=0.0;refined,0.3333333333333333,0.0,0.0,0.0,0.0,0.0,0.07303357542879935,0.0,0.0
ultraviolet_release,uv_dimensional_trace,pinch,base,direct,08d1bd9a889a0f7747321f2c274742585e2e27de5b599b6dca42f32313c46b78,0.0002214339911006391,2,0.0,2.285753285992969e-16,real-simplex;analytic-Laurent-and-jets;Gauss=32;lambda=0.0;refined,2.1,0.0,-0.0,0.0,-0.0,0.0,1.6562509032988653,0.0,0.0
collinear_release,soft_collinear_triangle,scalar_jet,0,direct,08d1bd9a889a0f7747321f2c274742585e2e27de5b599b6dca42f32313c46b78,0.00016149296425282955,3,4e-15,0.0,analytic-dirichlet-IR-triangle-and-jets,0.0,0.0,-0.29411764705882354,0.0,0.20386681781174862,0.0,0.17124721366618018,0.0,0.0
collinear_release,soft_collinear_triangle,scalar_jet,1,direct,08d1bd9a889a0f7747321f2c274742585e2e27de5b599b6dca42f32313c46b78,0.00016149296425282955,3,4e-15,0.0,analytic-dirichlet-IR-triangle-and-jets,0.0,0.0,-0.08650519031141869,0.0,-0.02654436154325733,0.0,0.11032765631703788,0.0,0.0
collinear_release,soft_collinear_triangle,scalar_jet,2,direct,08d1bd9a889a0f7747321f2c274742585e2e27de5b599b6dca42f32313c46b78,0.00016149296425282955,3,4e-15,0.0,analytic-dirichlet-IR-triangle-and-jets,0.0,0.0,-0.025442703032770204,0.0,-0.020528516676166668,0.0,0.028545728101590943,0.0,0.0
collinear_release,soft_collinear_triangle,single_pole,base,direct,08d1bd9a889a0f7747321f2c274742585e2e27de5b599b6dca42f32313c46b78,6.11509894952178e-05,1,4e-15,0.0,analytic-dirichlet-IR-triangle-and-jets,0.0,0.0,0.0,0.0,-0.29411764705882354,0.0,-0.38436847630589843,0.0,0.0
collinear_release,soft_collinear_triangle,finite_tensor,base,direct,08d1bd9a889a0f7747321f2c274742585e2e27de5b599b6dca42f32313c46b78,5.2081013564020395e-05,1,4e-15,0.0,analytic-dirichlet-IR-triangle-and-jets,0.0,0.0,0.0,0.0,0.0,0.0,-0.14705882352941177,0.0,0.0
massless_box_release,massless_box_infrared,one_mass,base,direct,08d1bd9a889a0f7747321f2c274742585e2e27de5b599b6dca42f32313c46b78,0.007189211959484965,1,4e-15,0.0,analytic-causal-zero-or-one-mass-IR-box,0.0,0.0,0.16666666666666666,0.0,-0.28198568904305643,0.0,-0.5903345523736558,0.0,0.0
massless_box_release,massless_box_infrared,on_shell,base,direct,08d1bd9a889a0f7747321f2c274742585e2e27de5b599b6dca42f32313c46b78,6.767094600945711e-05,1,4e-15,0.0,analytic-causal-zero-or-one-mass-IR-box,0.0,0.0,0.4,0.0,-0.248265718173941,0.0,-1.2808818552189765,0.0,0.0
matching_release,exceptional_gram_mixed_jets,mixed_jet,"0,0",direct,08d1bd9a889a0f7747321f2c274742585e2e27de5b599b6dca42f32313c46b78,0.023116095981094986,40768,6.472171571938103e-15,0.0,real-simplex;analytic-Laurent-and-jets;Gauss=32;lambda=0.0;refined,-0.0,0.0,-0.0,0.0,-0.0,0.0,-0.060797954602937486,0.0,0.0
matching_release,exceptional_gram_mixed_jets,mixed_jet,"0,1",direct,08d1bd9a889a0f7747321f2c274742585e2e27de5b599b6dca42f32313c46b78,0.023116095981094986,40768,6.472171571938103e-15,0.0,real-simplex;analytic-Laurent-and-jets;Gauss=32;lambda=0.0;refined,-0.0,0.0,-0.0,0.0,-0.0,0.0,0.004755883208895588,0.0,0.0
matching_release,exceptional_gram_mixed_jets,mixed_jet,"0,2",direct,08d1bd9a889a0f7747321f2c274742585e2e27de5b599b6dca42f32313c46b78,0.023116095981094986,40768,6.472171571938103e-15,0.0,real-simplex;analytic-Laurent-and-jets;Gauss=32;lambda=0.0;refined,-0.0,0.0,-0.0,0.0,-0.0,0.0,-0.0005577214883993508,0.0,0.0
matching_release,exceptional_gram_mixed_jets,mixed_jet,"0,3",direct,08d1bd9a889a0f7747321f2c274742585e2e27de5b599b6dca42f32313c46b78,0.023116095981094986,40768,6.472171571938103e-15,0.0,real-simplex;analytic-Laurent-and-jets;Gauss=32;lambda=0.0;refined,-0.0,0.0,-0.0,0.0,-0.0,0.0,5.974291752453324e-05,0.0,0.0
matching_release,exceptional_gram_mixed_jets,mixed_jet,"1,0",direct,08d1bd9a889a0f7747321f2c274742585e2e27de5b599b6dca42f32313c46b78,0.023116095981094986,40768,6.472171571938103e-15,0.0,real-simplex;analytic-Laurent-and-jets;Gauss=32;lambda=0.0;refined,-0.0,0.0,-0.0,0.0,-0.0,0.0,0.009309340294454954,0.0,0.0
matching_release,exceptional_gram_mixed_jets,mixed_jet,"1,1",direct,08d1bd9a889a0f7747321f2c274742585e2e27de5b599b6dca42f32313c46b78,0.023116095981094986,40768,6.472171571938103e-15,0.0,real-simplex;analytic-Laurent-and-jets;Gauss=32;lambda=0.0;refined,-0.0,0.0,-0.0,0.0,-0.0,0.0,-0.0017769138797905258,0.0,0.0
matching_release,exceptional_gram_mixed_jets,mixed_jet,"1,2",direct,08d1bd9a889a0f7747321f2c274742585e2e27de5b599b6dca42f32313c46b78,0.023116095981094986,40768,6.472171571938103e-15,0.0,real-simplex;analytic-Laurent-and-jets;Gauss=32;lambda=0.0;refined,-0.0,0.0,-0.0,0.0,-0.0,0.0,0.0002631394973782556,0.0,0.0
matching_release,exceptional_gram_mixed_jets,mixed_jet,"2,0",direct,08d1bd9a889a0f7747321f2c274742585e2e27de5b599b6dca42f32313c46b78,0.023116095981094986,40768,6.472171571938103e-15,0.0,real-simplex;analytic-Laurent-and-jets;Gauss=32;lambda=0.0;refined,-0.0,0.0,-0.0,0.0,-0.0,0.0,-0.0028198821835599716,0.0,0.0
matching_release,exceptional_gram_mixed_jets,mixed_jet,"2,1",direct,08d1bd9a889a0f7747321f2c274742585e2e27de5b599b6dca42f32313c46b78,0.023116095981094986,40768,6.472171571938103e-15,0.0,real-simplex;analytic-Laurent-and-jets;Gauss=32;lambda=0.0;refined,-0.0,0.0,-0.0,0.0,-0.0,0.0,0.00047953269186956773,0.0,0.0
matching_release,exceptional_gram_mixed_jets,mixed_jet,"3,0",direct,08d1bd9a889a0f7747321f2c274742585e2e27de5b599b6dca42f32313c46b78,0.023116095981094986,40768,6.472171571938103e-15,0.0,real-simplex;analytic-Laurent-and-jets;Gauss=32;lambda=0.0;refined,-0.0,0.0,-0.0,0.0,-0.0,0.0,0.0003601626818656481,0.0,0.0
matching_release,exceptional_gram_mixed_jets,scaled_jet,"0,0",direct,08d1bd9a889a0f7747321f2c274742585e2e27de5b599b6dca42f32313c46b78,0.016182259016204625,40768,6.433978381888935e-15,0.0,real-simplex;analytic-Laurent-and-jets;Gauss=32;lambda=0.0;refined,-0.0,0.0,-0.0,0.0,-0.0,0.0,-6.079795460293749e-14,0.0,0.0
matching_release,exceptional_gram_mixed_jets,scaled_jet,"0,1",direct,08d1bd9a889a0f7747321f2c274742585e2e27de5b599b6dca42f32313c46b78,0.016182259016204625,40768,6.433978381888935e-15,0.0,real-simplex;analytic-Laurent-and-jets;Gauss=32;lambda=0.0;refined,-0.0,0.0,-0.0,0.0,-0.0,0.0,4.755883208895589e-15,0.0,0.0
matching_release,exceptional_gram_mixed_jets,scaled_jet,"0,2",direct,08d1bd9a889a0f7747321f2c274742585e2e27de5b599b6dca42f32313c46b78,0.016182259016204625,40768,6.433978381888935e-15,0.0,real-simplex;analytic-Laurent-and-jets;Gauss=32;lambda=0.0;refined,-0.0,0.0,-0.0,0.0,-0.0,0.0,-5.577214883993509e-16,0.0,0.0
matching_release,exceptional_gram_mixed_jets,scaled_jet,"0,3",direct,08d1bd9a889a0f7747321f2c274742585e2e27de5b599b6dca42f32313c46b78,0.016182259016204625,40768,6.433978381888935e-15,0.0,real-simplex;analytic-Laurent-and-jets;Gauss=32;lambda=0.0;refined,-0.0,0.0,-0.0,0.0,-0.0,0.0,5.974291752453326e-17,0.0,0.0
matching_release,exceptional_gram_mixed_jets,scaled_jet,"1,0",direct,08d1bd9a889a0f7747321f2c274742585e2e27de5b599b6dca42f32313c46b78,0.016182259016204625,40768,6.433978381888935e-15,0.0,real-simplex;analytic-Laurent-and-jets;Gauss=32;lambda=0.0;refined,-0.0,0.0,-0.0,0.0,-0.0,0.0,9.309340294454955e-15,0.0,0.0
matching_release,exceptional_gram_mixed_jets,scaled_jet,"1,1",direct,08d1bd9a889a0f7747321f2c274742585e2e27de5b599b6dca42f32313c46b78,0.016182259016204625,40768,6.433978381888935e-15,0.0,real-simplex;analytic-Laurent-and-jets;Gauss=32;lambda=0.0;refined,-0.0,0.0,-0.0,0.0,-0.0,0.0,-1.7769138797905263e-15,0.0,0.0
matching_release,exceptional_gram_mixed_jets,scaled_jet,"1,2",direct,08d1bd9a889a0f7747321f2c274742585e2e27de5b599b6dca42f32313c46b78,0.016182259016204625,40768,6.433978381888935e-15,0.0,real-simplex;analytic-Laurent-and-jets;Gauss=32;lambda=0.0;refined,-0.0,0.0,-0.0,0.0,-0.0,0.0,2.6313949737825575e-16,0.0,0.0
matching_release,exceptional_gram_mixed_jets,scaled_jet,"2,0",direct,08d1bd9a889a0f7747321f2c274742585e2e27de5b599b6dca42f32313c46b78,0.016182259016204625,40768,6.433978381888935e-15,0.0,real-simplex;analytic-Laurent-and-jets;Gauss=32;lambda=0.0;refined,-0.0,0.0,-0.0,0.0,-0.0,0.0,-2.8198821835599723e-15,0.0,0.0
matching_release,exceptional_gram_mixed_jets,scaled_jet,"2,1",direct,08d1bd9a889a0f7747321f2c274742585e2e27de5b599b6dca42f32313c46b78,0.016182259016204625,40768,6.433978381888935e-15,0.0,real-simplex;analytic-Laurent-and-jets;Gauss=32;lambda=0.0;refined,-0.0,0.0,-0.0,0.0,-0.0,0.0,4.795326918695678e-16,0.0,0.0
matching_release,exceptional_gram_mixed_jets,scaled_jet,"3,0",direct,08d1bd9a889a0f7747321f2c274742585e2e27de5b599b6dca42f32313c46b78,0.016182259016204625,40768,6.433978381888935e-15,0.0,real-simplex;analytic-Laurent-and-jets;Gauss=32;lambda=0.0;refined,-0.0,0.0,-0.0,0.0,-0.0,0.0,3.6016268186564813e-16,0.0,0.0
