query_id,data_width,data_height,rounds,noise,circuit_style,preserved_observable,code_distance,num_qubits,decoder
00679de4687adb1915b28dd8,16,24,48,0.0002,honeycomb_SI1000,H,16,960,internal
00ddbaaa385287f408295520,19,19,57,0.0002,surface_SI1000,Z,19,721,internal
00de11241c4b24b5b53063c4,15,15,45,0.01,surface_SI1000,Z,15,449,internal_correlated
01232cea61f74da3730adbfb,15,15,45,0.03,surface_SI1000,X,15,449,internal_correlated
01299b5f199b57a3149d6ebe,20,30,60,0.0005,honeycomb_EM3_v2,H,20,600,internal_correlated
01d7bb3c3f8805a50702f7a8,20,30,60,0.01,honeycomb_EM3_v2,H,20,600,internal
025befeaae09f61eb364a590,16,24,48,0.01,honeycomb_SI1000,H,16,960,internal
02defc8437950bfb3a21a1b5,16,24,48,0.002,honeycomb_SI1000,H,16,960,internal_correlated
030eaf4c1fbccbe0004a7510,15,15,45,0.01,surface_SD6,Z,15,449,internal
03714597da42355d8d7d812c,15,15,45,0.005,surface_SD6,Z,15,449,internal_correlated
039fbbd7fbdb791982e62b24,16,24,48,0.001,honeycomb_SD6,V,16,960,internal_correlated
03a925c9c5dfd988e21dae8d,15,15,45,0.0002,surface_SI1000,X,15,449,internal
05337e2d7e72fe23d556fdcd,8,12,24,0.0001,honeycomb_EM3_v2,H,8,96,internal_correlated
06028f306ab6a9102a8c3757,12,18,36,0.0001,honeycomb_SI1000,H,12,540,internal
06697cbd75e1d9a3531eae2d,16,24,48,0.01,honeycomb_EM3_v2,H,16,384,internal_correlated
075e3a6ab64110dde0dd3ae7,16,24,48,0.003,honeycomb_SD6,V,16,960,internal_correlated
07c6d787f0601fc3551515c5,16,24,48,0.007,honeycomb_SI1000,H,16,960,internal_correlated
07e2378a34d258103bae6b92,16,24,48,0.01,honeycomb_EM3_v2,H,16,384,internal
0808d858e2630d3cd743ee93,16,24,48,0.007,honeycomb_SI1000,V,16,960,internal_correlated
080d6ca78be6c7aa4d832856,19,19,57,0.0002,surface_SI1000,X,19,721,internal_correlated
081a69fbb9c9881216872205,4,6,12,0.0001,honeycomb_EM3_v2,V,4,24,internal
082c1ce9605b9bfb8aa9ca26,15,15,45,0.005,surface_SD6,X,15,449,internal_correlated
084b4e048733c81cf1af03d0,19,19,57,0.003,surface_SI1000,Z,19,721,internal
08b30c5eb3461854987c8ee9,15,15,45,0.0007,surface_SI1000,X,15,449,internal_correlated
08dc30a987f1f09cf4230750,19,19,57,0.015,surface_SI1000,Z,19,721,internal_correlated
091cd1373f2d488a12fe643f,20,30,60,0.005,honeycomb_SD6,V,20,1500,internal
0989de7211389fec7f2d7eb2,20,30,60,0.0001,honeycomb_SI1000,V,20,1500,internal
0a1b58fcbcdc4c678164c9cf,16,24,48,0.002,honeycomb_EM3_v2,V,16,384,internal_correlated
0a5fe3720582213be386c5d4,16,24,48,0.0003,honeycomb_SD6,V,16,960,internal
0b53a3690352ec727b8e179d,15,15,45,0.0015,surface_SI1000,X,15,449,internal
0bc328f1fc2ded81615f624f,16,24,48,0.0005,honeycomb_SI1000,H,16,960,internal
0c02ff1c21b0113fa951a4a1,19,19,57,0.03,surface_SD6,X,19,721,internal
0c79cfe3582f4a547b2130d7,16,24,48,0.0015,honeycomb_EM3_v2,V,16,384,internal_correlated
0ce77a7a882c6c8c479e2c23,19,19,57,0.0003,surface_SD6,X,19,721,internal
0d0c39f279578f32418f1abf,19,19,57,0.03,surface_SI1000,Z,19,721,internal_correlated
0dbd5ce98330296f36e4574f,16,24,48,0.005,honeycomb_SI1000,H,16,960,internal_correlated
0dd7ef757e9f03a7aa289c5a,16,24,48,0.003,honeycomb_SD6,H,16,960,internal_correlated
0e3159516ba0f26fea630437,20,30,60,0.0001,honeycomb_SD6,H,20,1500,internal_correlated
0ee7e234447b8808f7139ab7,16,24,48,0.0002,honeycomb_SI1000,V,16,960,internal
0f0e0e8788dd378704833355,8,12,24,0.0001,honeycomb_EM3_v2,H,8,96,internal
0f53be221013e35e312c13f0,20,30,60,0.001,honeycomb_SD6,V,20,1500,internal
102012b96b53d8b9f0c2d724,16,24,48,0.002,honeycomb_SD6,V,16,960,internal_correlated
1064f393d7e0e58309a4bb43,16,24,48,0.0001,honeycomb_SI1000,H,16,960,internal
106f60fcf4673e980682861e,20,30,60,0.003,honeycomb_EM3_v2,H,20,600,internal
1112c845ac17de33d90de19c,16,24,48,0.01,honeycomb_SI1000,V,16,960,internal
1219cdcb231b550acbbb1beb,19,19,57,0.0005,surface_SI1000,Z,19,721,internal
134af3d3d6d994c50d930020,15,15,45,0.001,surface_SD6,X,15,449,internal
13a654cc18ddb1268882145c,15,15,45,0.001,surface_SD6,Z,15,449,internal_correlated
13f8e0f3b451b7c791ea8219,15,15,45,0.015,surface_SD6,X,15,449,internal
14cc2e3006293e2584c49baf,8,12,24,0.0001,honeycomb_SI1000,V,8,240,internal
153b825124095bcb87221318,20,30,60,0.0003,honeycomb_SI1000,V,20,1500,internal
154a55f90c4b9653727ee48e,11,11,33,0.0001,surface_SI1000,X,11,241,internal_correlated
159b9502a27da26c64887a4a,20,30,60,0.003,honeycomb_SI1000,H,20,1500,internal_correlated
15c5e5569caa8cb19222d6aa,19,19,57,0.005,surface_SI1000,Z,19,721,internal_correlated
16293fb71257f120579758b5,20,30,60,0.0015,honeycomb_EM3_v2,V,20,600,internal
165a48c07c855adfa6b5b208,20,30,60,0.005,honeycomb_SI1000,H,20,1500,internal_correlated
169e967f6a52300d46c3b165,15,15,45,0.0003,surface_SD6,X,15,449,internal_correlated
17020d04cda031cdebba2da3,19,19,57,0.002,surface_SI1000,Z,19,721,internal
170933ba9a7e447fcea7b71f,15,15,45,0.0005,surface_SD6,X,15,449,internal_correlated
170f244fd05593176feeedca,20,30,60,0.0007,honeycomb_SI1000,V,20,1500,internal_correlated
17f05353466b6ccecf2e9e08,15,15,45,0.001,surface_SI1000,Z,15,449,internal_correlated
18b2408279b5fc892b4d7b0c,15,15,45,0.015,surface_SD6,X,15,449,internal_correlated
18b58db6653343b77cfd4a98,16,24,48,0.015,honeycomb_EM3_v2,H,16,384,internal_correlated
18cfe952d2228e2210293371,19,19,57,0.0007,surface_SI1000,X,19,721,internal_correlated
19540bda5d4f48a28c7d7095,20,30,60,0.003,honeycomb_SI1000,V,20,1500,internal_correlated
199c9791b5015257e0cdf01c,16,24,48,0.0007,honeycomb_EM3_v2,V,16,384,internal_correlated
19c1378e8ee268da2eb0b3dc,16,24,48,0.03,honeycomb_SI1000,H,16,960,internal_correlated
1a23bcc2cc7f92d47cbd92f7,20,30,60,0.001,honeycomb_SI1000,H,20,1500,internal
1aaacf56f4694fae388a3e04,16,24,48,0.007,honeycomb_EM3_v2,V,16,384,internal_correlated
1abad683615e6e89f5a78ab6,20,30,60,0.0007,honeycomb_EM3_v2,V,20,600,internal_correlated
1b799844f3cab54e8d28e17e,20,30,60,0.0007,honeycomb_EM3_v2,H,20,600,internal
1ba5bac72d6c24bc39bd5a06,19,19,57,0.005,surface_SI1000,X,19,721,internal_correlated
1c295ecd83ce57399f1c7166,20,30,60,0.0002,honeycomb_EM3_v2,V,20,600,internal
1c427f770c2a747622c56c06,16,24,48,0.007,honeycomb_EM3_v2,V,16,384,internal
1cb90b9b2417dd1f39393c4d,15,15,45,0.0001,surface_SI1000,X,15,449,internal_correlated
1cf943ea0226b5821a06c2c3,20,30,60,0.03,honeycomb_EM3_v2,H,20,600,internal
1d1b884148b13e6b342d05fc,16,24,48,0.015,honeycomb_SD6,V,16,960,internal_correlated
1d425e6c4031cb543c8b766d,4,6,12,0.0002,honeycomb_SD6,H,4,60,internal
1d990b33248871a004e4385d,20,30,60,0.0015,honeycomb_SD6,H,20,1500,internal
1d9a03f67b88eb03455a9d2e,20,30,60,0.0002,honeycomb_SD6,V,20,1500,internal
1e9e1121b92320d2c72cf7f8,4,6,12,0.0002,honeycomb_SI1000,H,4,60,internal
1eb9c11da6ea6351d39b78da,20,30,60,0.0005,honeycomb_SI1000,H,20,1500,internal_correlated
1ee47447e6fae85bac793507,16,24,48,0.005,honeycomb_EM3_v2,H,16,384,internal_correlated
1fa89616b0a7cefd07826415,20,30,60,0.001,honeycomb_SD6,H,20,1500,internal
1fd9b622dddfa991cb82d890,15,15,45,0.0015,surface_SD6,Z,15,449,internal
20495dc2d335ad062a365468,19,19,57,0.0002,surface_SD6,Z,19,721,internal
2116e24f1905e2377cc86d4a,3,3,9,0.0001,surface_SD6,X,3,17,internal_correlated
211ae041ebf0922f1699cce3,16,24,48,0.0015,honeycomb_EM3_v2,H,16,384,internal_correlated
21e56efadb7106e8ab6d6c2c,8,12,24,0.0002,honeycomb_SI1000,H,8,240,internal_correlated
22cbff037370d2beb45de640,4,6,12,0.0001,honeycomb_SI1000,V,4,60,internal
22f9d6b8698ce96da7373513,20,30,60,0.0001,honeycomb_SD6,H,20,1500,internal
2303af7e8bab32745172e7d7,16,24,48,0.005,honeycomb_EM3_v2,V,16,384,internal
2343efb13f5331683861a1ef,12,18,36,0.0002,honeycomb_SI1000,H,12,540,internal_correlated
2369f07b992336f24046e8c8,20,30,60,0.0007,honeycomb_SD6,V,20,1500,internal
2424a505c828908677f50cab,20,30,60,0.002,honeycomb_SI1000,H,20,1500,internal_correlated
247f2836361eafe7055698fe,16,24,48,0.02,honeycomb_SD6,V,16,960,internal_correlated
24924e797c942e8f562aae30,15,15,45,0.003,surface_SI1000,X,15,449,internal
2521a645c0334ae2326a68f5,16,24,48,0.0001,honeycomb_SI1000,V,16,960,internal
25342767ff1ce27eb0c107e3,16,24,48,0.003,honeycomb_SD6,V,16,960,internal
253a44f4ee06a73af4f71f85,16,24,48,0.02,honeycomb_SD6,H,16,960,internal_correlated
25aae92630db3cebba8678f2,11,11,33,0.0002,surface_SI1000,Z,11,241,internal
25c995b81a61bc31c8492e3c,3,3,9,0.0002,surface_SD6,X,3,17,internal_correlated
262820deba6993cda9fe6004,15,15,45,0.005,surface_SI1000,X,15,449,internal
2684c8b30d6909e33b852153,20,30,60,0.0007,honeycomb_EM3_v2,V,20,600,internal
26ece2e4862cdaa42bace3c6,15,15,45,0.007,surface_SD6,X,15,449,internal_correlated
2809dae96e2e78b56cd09bea,20,30,60,0.0015,honeycomb_SI1000,H,20,1500,internal_correlated
284c7f95057808e988dae6b4,8,12,24,0.0001,honeycomb_SD6,H,8,240,internal_correlated
2850a096144c98de86bbb7f2,15,15,45,0.0003,surface_SI1000,Z,15,449,internal_correlated
291fd8ee7d7d7563abe5f2d6,16,24,48,0.0003,honeycomb_EM3_v2,V,16,384,internal
2969799973f718ac5ca71c52,19,19,57,0.007,surface_SI1000,X,19,721,internal_correlated
298782632842865af343b96d,20,30,60,0.007,honeycomb_EM3_v2,V,20,600,internal
298afa30ffc513aefc5de72e,19,19,57,0.03,surface_SD6,Z,19,721,internal
2a33675353de57b2478d2129,8,12,24,0.0002,honeycomb_EM3_v2,H,8,96,internal
2ae6f2a0cad97ab05d2dae4c,19,19,57,0.0003,surface_SI1000,X,19,721,internal_correlated
2af9a62664cf6b156a02d02a,15,15,45,0.002,surface_SD6,Z,15,449,internal
2b2f70b6aaa383d32168100c,12,18,36,0.0001,honeycomb_SI1000,V,12,540,internal_correlated
2b482da545f5aaf9173aaaa3,16,24,48,0.03,honeycomb_EM3_v2,V,16,384,internal
2c1bba378a6c000676a2322c,16,24,48,0.02,honeycomb_EM3_v2,V,16,384,internal_correlated
2c4d13d40ebf782e9d21db29,15,15,45,0.01,surface_SD6,Z,15,449,internal_correlated
2c78b3bc4a43fd612441f33b,8,12,24,0.0001,honeycomb_SD6,V,8,240,internal
2c885c4069bfd4972f49a7ab,19,19,57,0.01,surface_SD6,X,19,721,internal_correlated
2cd160a6b2b51718d6fa5934,20,30,60,0.0005,honeycomb_SI1000,V,20,1500,internal
2d0eb0fab54000afbbaaa5a7,19,19,57,0.005,surface_SD6,Z,19,721,internal_correlated
2d5646b1220b54e387f10c36,19,19,57,0.0002,surface_SD6,X,19,721,internal
2ee38c71b9c9271a31d923cb,20,30,60,0.0007,honeycomb_SI1000,H,20,1500,internal_correlated
2f3a13e3c6f6bd8b2d80f952,19,19,57,0.007,surface_SD6,Z,19,721,internal_correlated
2f3d669239eed51195d960cd,15,15,45,0.03,surface_SI1000,Z,15,449,internal_correlated
2ff589ebc972a1d2c980286a,19,19,57,0.02,surface_SD6,Z,19,721,internal_correlated
302eeaa44fd55142a9e557ef,16,24,48,0.03,honeycomb_SD6,H,16,960,internal
3093368b5376ccb9596e0532,19,19,57,0.0003,surface_SD6,Z,19,721,internal
30b36995bc7c8b6a687323d4,20,30,60,0.0005,honeycomb_EM3_v2,V,20,600,internal
30bd3dd9b7bd6cbac7278d8c,15,15,45,0.0001,surface_SD6,X,15,449,internal_correlated
30ee3b280587b1dec79ac4c7,20,30,60,0.0002,honeycomb_SD6,H,20,1500,internal_correlated
31cd3fc435057d3f93ad8c7f,20,30,60,0.0001,honeycomb_EM3_v2,H,20,600,internal
31ea83132e5a292d7b45158c,20,30,60,0.007,honeycomb_SD6,V,20,1500,internal_correlated
327314a8384520aeb21fc5cd,15,15,45,0.001,surface_SI1000,Z,15,449,internal
329c2fb16302e552df19bbb8,8,12,24,0.0001,honeycomb_SI1000,H,8,240,internal
329f7487b9896776288ac4df,4,6,12,0.0001,honeycomb_SI1000,H,4,60,internal
32d33677f6d2c2881678f698,20,30,60,0.003,honeycomb_SI1000,H,20,1500,internal
33c53aeec2d473cf97326360,16,24,48,0.001,honeycomb_EM3_v2,V,16,384,internal_correlated
3402b682f41a296c69210981,20,30,60,0.0015,honeycomb_SI1000,V,20,1500,internal
34ccb15221b740913af45d9f,20,30,60,0.0015,honeycomb_SD6,V,20,1500,internal_correlated
352a5bc9b7291bfb1114c662,16,24,48,0.02,honeycomb_SI1000,H,16,960,internal
35395b29a1acfab6c3a28ebb,16,24,48,0.0002,honeycomb_SD6,V,16,960,internal
354791427da6e657576eae56,4,6,12,0.0001,honeycomb_SD6,V,4,60,internal
35605ba25eacb13a41c8bbe0,16,24,48,0.001,honeycomb_SD6,H,16,960,internal_correlated
358e2cae0bbf2849e8a0d46c,20,30,60,0.0007,honeycomb_EM3_v2,H,20,600,internal_correlated
35ac4b69e382823adaa90f9b,16,24,48,0.0015,honeycomb_SI1000,V,16,960,internal_correlated
35d23f7e10cf9b37874aae3f,16,24,48,0.03,honeycomb_EM3_v2,H,16,384,internal
35d5c944c8a048fc6844c87a,3,3,9,0.0001,surface_SI1000,X,3,17,internal
36251e858e84b1169537a02f,20,30,60,0.01,honeycomb_EM3_v2,V,20,600,internal
377a9771b0a10708c152193c,15,15,45,0.0007,surface_SD6,Z,15,449,internal_correlated
380c1b586505fc4a97ec7db5,8,12,24,0.0001,honeycomb_SI1000,H,8,240,internal_correlated
38939592aa8b8341202bd1e2,20,30,60,0.003,honeycomb_SI1000,V,20,1500,internal
39e7b6a68b64c8f1d0406f0a,7,7,21,0.0002,surface_SD6,X,7,97,internal_correlated
3a86555d8ff833de132a1e02,20,30,60,0.0002,honeycomb_EM3_v2,V,20,600,internal_correlated
3acbec378793c9e16ed5b31e,20,30,60,0.0007,honeycomb_SD6,H,20,1500,internal_correlated
3b10de69f52a987314490704,19,19,57,0.003,surface_SD6,Z,19,721,internal
3b1938dab6360e18dd015c36,16,24,48,0.0002,honeycomb_SD6,H,16,960,internal_correlated
3bc20c351c74fafc5c33096e,20,30,60,0.003,honeycomb_SD6,V,20,1500,internal_correlated
3bf389167657952c719c804b,19,19,57,0.01,surface_SI1000,X,19,721,internal
3c825d8ccfd2ed675d09af15,20,30,60,0.0015,honeycomb_SI1000,H,20,1500,internal
3c8aaccb24b06cafd1472995,15,15,45,0.002,surface_SD6,X,15,449,internal
3d06ef0dfc690806d403fdf5,15,15,45,0.015,surface_SI1000,Z,15,449,internal_correlated
3d0badd626327ba388f616d0,20,30,60,0.003,honeycomb_EM3_v2,V,20,600,internal
3d1c93ed7c665dafde3c3f8e,20,30,60,0.0003,honeycomb_SD6,H,20,1500,internal
3dc01f9df4e4fb1ee5f6a3aa,8,12,24,0.0002,honeycomb_EM3_v2,V,8,96,internal
3e233708acf4bc9dfca1faee,16,24,48,0.001,honeycomb_SD6,V,16,960,internal
3e662aea028a202fd84aac9a,20,30,60,0.001,honeycomb_SD6,V,20,1500,internal_correlated
3ead8e645444b49dfcdfb985,19,19,57,0.003,surface_SD6,Z,19,721,internal_correlated
3ecafeb32cdc0d91572d7190,8,12,24,0.0002,honeycomb_SI1000,V,8,240,internal
3f1917db380fd7b689da924c,15,15,45,0.001,surface_SI1000,X,15,449,internal
3f455adb9f3f3d6dabb45982,15,15,45,0.015,surface_SI1000,Z,15,449,internal
3f649f17e1b668c53f45a437,16,24,48,0.02,honeycomb_EM3_v2,H,16,384,internal
4059143744ca6ae72217f921,19,19,57,0.0015,surface_SI1000,Z,19,721,internal_correlated
409ed0720fb4e43086210802,15,15,45,0.03,surface_SD6,X,15,449,internal
40f1d4d8fba2b0d61ff2d994,16,24,48,0.015,honeycomb_SI1000,V,16,960,internal
4140afce100d5355c5bffbbd,16,24,48,0.01,honeycomb_SD6,H,16,960,internal
41f8172918dff24e2f580ed7,20,30,60,0.0005,honeycomb_EM3_v2,H,20,600,internal
425f4051db1a92c02932227c,15,15,45,0.001,surface_SI1000,X,15,449,internal_correlated
426fd78e9a113121818ee9c9,20,30,60,0.007,honeycomb_SI1000,H,20,1500,internal
42bea819b545e067d31f15ee,19,19,57,0.0015,surface_SI1000,X,19,721,internal_correlated
42cf7b50cab611f87f31864e,19,19,57,0.001,surface_SI1000,X,19,721,internal
43066d277ccbe4ca1c14cda4,20,30,60,0.0001,honeycomb_EM3_v2,H,20,600,internal_correlated
43e0ded97915ce3eb898a6cd,4,6,12,0.0001,honeycomb_EM3_v2,H,4,24,internal_correlated
44896081dd30a5a3664d4a38,15,15,45,0.003,surface_SI1000,X,15,449,internal_correlated
449b45730a20ea4a8f95872d,20,30,60,0.002,honeycomb_SI1000,V,20,1500,internal
44c005999f73ad2b4031b10b,20,30,60,0.007,honeycomb_SD6,V,20,1500,internal
456151584151bb8a99f91b68,19,19,57,0.0001,surface_SD6,Z,19,721,internal
45850fb0067de6fb4a93ebf6,16,24,48,0.007,honeycomb_SD6,H,16,960,internal
45eedf092c174d816fcec86c,16,24,48,0.03,honeycomb_SD6,H,16,960,internal_correlated
46a2cdbca69ef6272e278994,20,30,60,0.002,honeycomb_SI1000,H,20,1500,internal
46f4abdb9cae686c01a0b0c6,19,19,57,0.0001,surface_SI1000,X,19,721,internal
46f7b72c4e9ee83c37967bee,20,30,60,0.0003,honeycomb_EM3_v2,H,20,600,internal
4761ba8d0072c9b2e20346dc,11,11,33,0.0001,surface_SD6,Z,11,241,internal
4764d61d8ec3074cf039bf22,15,15,45,0.0003,surface_SI1000,X,15,449,internal_correlated
47b6d86b503d49399e7ed35f,20,30,60,0.01,honeycomb_EM3_v2,V,20,600,internal_correlated
486a17f7680cfd983ce13d9d,11,11,33,0.0002,surface_SI1000,X,11,241,internal
488bfebfcbfa0865e8364a97,15,15,45,0.002,surface_SD6,X,15,449,internal_correlated
495394ca7c9915e15f91be35,15,15,45,0.01,surface_SI1000,X,15,449,internal_correlated
49ad896eb60684f3e581cc33,20,30,60,0.007,honeycomb_SI1000,V,20,1500,internal
49bbaa1989176b5bdf08715e,16,24,48,0.001,honeycomb_SI1000,V,16,960,internal_correlated
4a11f4bcd7d5132c336512c0,16,24,48,0.0007,honeycomb_SI1000,H,16,960,internal
4a7d5289c008f56d0223254d,16,24,48,0.003,honeycomb_SI1000,H,16,960,internal
4afa2b9c2b85022f69568a07,19,19,57,0.007,surface_SD6,X,19,721,internal
4b22f41b64d6ad9f57d46aee,15,15,45,0.0002,surface_SD6,Z,15,449,internal_correlated
4b4043076a256e0d331cc3e2,20,30,60,0.001,honeycomb_EM3_v2,V,20,600,internal_correlated
4b6743b9f7b5ac38e55b111c,15,15,45,0.0001,surface_SI1000,X,15,449,internal
4b6e3307e877ccf4c7751cbc,16,24,48,0.03,honeycomb_SI1000,V,16,960,internal_correlated
4bf3c15416006fc487bb205c,16,24,48,0.007,honeycomb_EM3_v2,H,16,384,internal_correlated
4bf8587b0ba674008db46189,15,15,45,0.003,surface_SD6,Z,15,449,internal
4c4ab4ded64c3ab7c091c6ca,15,15,45,0.0002,surface_SI1000,Z,15,449,internal_correlated
4dd8f8a5babca62b27e7288d,15,15,45,0.001,surface_SD6,Z,15,449,internal
4de7375591f99471138a0ff6,19,19,57,0.015,surface_SD6,Z,19,721,internal_correlated
4e21de7d5cd7306733f6a48c,20,30,60,0.002,honeycomb_SD6,H,20,1500,internal_correlated
4ee0b6cdff837bacccccc653,4,6,12,0.0002,honeycomb_SD6,V,4,60,internal_correlated
4ee7ea2ff6877f34feef9e2d,15,15,45,0.03,surface_SD6,Z,15,449,internal_correlated
4fca6637f2a84c8ac8e1fcd3,16,24,48,0.0001,honeycomb_EM3_v2,V,16,384,internal
4fed03af289d9d980ef314ac,12,18,36,0.0001,honeycomb_EM3_v2,H,12,216,internal_correlated
5036dfab6489c83f83fc11ef,15,15,45,0.0007,surface_SI1000,Z,15,449,internal
512c750b20d44e3a08bd8112,16,24,48,0.0015,honeycomb_SD6,V,16,960,internal_correlated
5158c050e9833cec9e684e81,16,24,48,0.0007,honeycomb_SI1000,V,16,960,internal
51b3104a4e08573ce0854511,7,7,21,0.0002,surface_SI1000,Z,7,97,internal_correlated
51bc887e0e614ff65f3a1bf7,19,19,57,0.005,surface_SD6,X,19,721,internal_correlated
51df98dce6ca3ec5130d1981,11,11,33,0.0002,surface_SD6,Z,11,241,internal_correlated
52485a817e0dced429bc233a,15,15,45,0.0002,surface_SI1000,Z,15,449,internal
52745f7674e83aa9b3906560,15,15,45,0.01,surface_SI1000,Z,15,449,internal
52c825e10b182a508f0fb058,16,24,48,0.002,honeycomb_EM3_v2,H,16,384,internal_correlated
52ea52b0b1b3b8b0b7908df6,16,24,48,0.0007,honeycomb_EM3_v2,H,16,384,internal_correlated
5546cf779aefde6526ff1568,19,19,57,0.001,surface_SI1000,Z,19,721,internal
55503d483d300bb66e2480d1,19,19,57,0.0002,surface_SD6,X,19,721,internal_correlated
557eb1e3657f57ee6e74ad4f,15,15,45,0.0007,surface_SD6,X,15,449,internal
557ef1b64e9082b4175def0a,3,3,9,0.0001,surface_SI1000,Z,3,17,internal
558399e853521eb67e88add1,4,6,12,0.0002,honeycomb_SI1000,V,4,60,internal_correlated
55861673a822f0d9126d722c,16,24,48,0.0005,honeycomb_EM3_v2,H,16,384,internal
55cecf83dcddfdcc549fd1fa,20,30,60,0.001,honeycomb_EM3_v2,H,20,600,internal
565f280368b972eb2cda7766,20,30,60,0.0002,honeycomb_EM3_v2,H,20,600,internal
56f163e5c9b3182c87c795b1,12,18,36,0.0002,honeycomb_SD6,H,12,540,internal_correlated
57100da9723c445355f6f57f,16,24,48,0.005,honeycomb_SI1000,V,16,960,internal_correlated
5715cb6e05bb0d1806d6ea60,15,15,45,0.0007,surface_SI1000,X,15,449,internal
5745b476bb9358132abdb0d7,3,3,9,0.0002,surface_SI1000,X,3,17,internal_correlated
5759ab6f6c8efd4e83a4d12f,15,15,45,0.002,surface_SD6,Z,15,449,internal_correlated
57aef9a5a3c4fc098d3cce75,15,15,45,0.003,surface_SD6,Z,15,449,internal_correlated
57bb380f520d3e6086bb1098,20,30,60,0.0007,honeycomb_SI1000,V,20,1500,internal
57e1ad6c79706ea2659270c4,15,15,45,0.0003,surface_SD6,X,15,449,internal
58234c04e26ce67ead365138,15,15,45,0.0007,surface_SD6,Z,15,449,internal
5860c2fcc9607ebab9f0f849,20,30,60,0.005,honeycomb_SD6,H,20,1500,internal_correlated
589472b879d14b476ec98c65,20,30,60,0.001,honeycomb_EM3_v2,H,20,600,internal_correlated
58c4cba6c50b2a575579e652,15,15,45,0.002,surface_SI1000,X,15,449,internal
593e200caf97a6e77c9c968a,19,19,57,0.0007,surface_SI1000,Z,19,721,internal_correlated
59c281d96d161a52ebd3d97a,15,15,45,0.0003,surface_SD6,Z,15,449,internal_correlated
5ae8efd903f3e8e459a92fff,16,24,48,0.0001,honeycomb_SD6,H,16,960,internal
5c330c43eec1afdfebb71585,15,15,45,0.005,surface_SD6,Z,15,449,internal
5c4803f24033a0f7f5b1e287,15,15,45,0.01,surface_SI1000,X,15,449,internal
5cffff135cdb7f8c040b2882,15,15,45,0.0005,surface_SI1000,Z,15,449,internal
5d155490ab6dbb0eff9066cf,16,24,48,0.001,honeycomb_SI1000,H,16,960,internal_correlated
5d1a9e62a040351b80e3b2de,16,24,48,0.007,honeycomb_SD6,H,16,960,internal_correlated
5d1e55ddb0a4d5aa467b04bf,3,3,9,0.0001,surface_SD6,Z,3,17,internal
5d2cc11f4029505e86980fa7,16,24,48,0.002,honeycomb_SD6,V,16,960,internal
5d323bb8e7152decb677677c,16,24,48,0.0005,honeycomb_SD6,V,16,960,internal
5d53fe96ed1ddf40c097d6fa,19,19,57,0.002,surface_SI1000,X,19,721,internal
5d64b6da41f7c09392347043,16,24,48,0.01,honeycomb_SI1000,V,16,960,internal_correlated
5dc84ce9099334a812f32870,4,6,12,0.0002,honeycomb_SI1000,H,4,60,internal_correlated
5e0be167f8e7292e92a35856,20,30,60,0.0001,honeycomb_SD6,V,20,1500,internal
5e117f24030539c1ffed4d52,20,30,60,0.0001,honeycomb_SD6,V,20,1500,internal_correlated
5e13fd2c31b08114f1fc93cb,8,12,24,0.0002,honeycomb_SD6,V,8,240,internal
5ee239900ecced4fe0eee77f,20,30,60,0.005,honeycomb_EM3_v2,H,20,600,internal
5f1769a532757f4a42f524d5,19,19,57,0.007,surface_SI1000,Z,19,721,internal_correlated
5f94ef01be659c02a6f5ff6d,16,24,48,0.005,honeycomb_SD6,V,16,960,internal
5fadabea59d0b45653de3910,16,24,48,0.0015,honeycomb_EM3_v2,V,16,384,internal
5fc402eaba41fe5a946c3d16,20,30,60,0.005,honeycomb_EM3_v2,V,20,600,internal_correlated
5fc8f18014dda8e0655331f2,16,24,48,0.005,honeycomb_SI1000,H,16,960,internal
601eb349bf963362a07ddc15,20,30,60,0.0005,honeycomb_SI1000,H,20,1500,internal
604e9a16b758d594c0d5d8fb,20,30,60,0.002,honeycomb_EM3_v2,H,20,600,internal
60796862edffc9261b2f7444,15,15,45,0.007,surface_SI1000,Z,15,449,internal
608c12713a3e11c7cf67efe9,8,12,24,0.0001,honeycomb_SD6,V,8,240,internal_correlated
60d3e27773dae40c9429a5a9,12,18,36,0.0002,honeycomb_EM3_v2,H,12,216,internal
614e7321bd2ce4a1506208ef,16,24,48,0.0005,honeycomb_SI1000,V,16,960,internal
6164c5094f31a5fcaa956763,19,19,57,0.0002,surface_SD6,Z,19,721,internal_correlated
61983532a859cffe8566c367,16,24,48,0.007,honeycomb_SD6,V,16,960,internal_correlated
61f97d911324bbe9811447ca,19,19,57,0.001,surface_SD6,Z,19,721,internal_correlated
628af231a5f49bae7d7a651a,16,24,48,0.003,honeycomb_SI1000,H,16,960,internal_correlated
63076cc337a077efc6df6bff,19,19,57,0.0003,surface_SD6,X,19,721,internal_correlated
636dc124a46191d9c66057f1,19,19,57,0.03,surface_SI1000,Z,19,721,internal
63d7197c1b0a9945b9745cb5,15,15,45,0.03,surface_SI1000,X,15,449,internal
6400c9c32cb4d101506d60f1,16,24,48,0.01,honeycomb_SD6,H,16,960,internal_correlated
646725dd4292b85197683b08,12,18,36,0.0001,honeycomb_SD6,V,12,540,internal
655e7e1cc81181a1290bd122,15,15,45,0.02,surface_SI1000,X,15,449,internal_correlated
65cf3ea5db4ca9494865e8d0,11,11,33,0.0001,surface_SI1000,X,11,241,internal
66d9210c9474869bd753dfc6,15,15,45,0.003,surface_SD6,X,15,449,internal_correlated
66df0b09cdeda60d142b87a1,3,3,9,0.0001,surface_SI1000,X,3,17,internal_correlated
674ea6509c91ba19551db1c7,15,15,45,0.0003,surface_SD6,Z,15,449,internal
67b8759ea3f47b95742cc465,19,19,57,0.001,surface_SI1000,X,19,721,internal_correlated
67cc25ffdb7d16b509de8e9b,8,12,24,0.0001,honeycomb_SI1000,V,8,240,internal_correlated
68071e87026f46d561fc7930,20,30,60,0.007,honeycomb_EM3_v2,H,20,600,internal_correlated
685bf76a308899f5d366f930,15,15,45,0.002,surface_SI1000,Z,15,449,internal_correlated
68a5340fa55f4d5167d40eb0,19,19,57,0.0007,surface_SD6,X,19,721,internal_correlated
68e9d77eb4edd5c4e7685cd7,12,18,36,0.0002,honeycomb_SI1000,V,12,540,internal
69045c297c0f06b76b74b7d3,16,24,48,0.002,honeycomb_SI1000,V,16,960,internal_correlated
699fdfbfbd1bda9f92eda20b,16,24,48,0.005,honeycomb_EM3_v2,V,16,384,internal_correlated
69ce74d20987acb5ef75a340,20,30,60,0.001,honeycomb_SI1000,V,20,1500,internal_correlated
6aba90c783b0d92803c29eea,16,24,48,0.0003,honeycomb_SI1000,H,16,960,internal_correlated
6afc7a83ad2613d65a8703b4,11,11,33,0.0001,surface_SD6,X,11,241,internal
6b96fa425dfaee46492ec841,19,19,57,0.003,surface_SD6,X,19,721,internal
6cb221fa6cfcbe8080eac942,15,15,45,0.02,surface_SD6,X,15,449,internal_correlated
6cc98af5b33c8a5462ee8d60,16,24,48,0.0005,honeycomb_SI1000,V,16,960,internal_correlated
6ce68c88149948d51fb17891,20,30,60,0.0015,honeycomb_EM3_v2,H,20,600,internal
6da84aa862cf320331caee69,20,30,60,0.005,honeycomb_SI1000,V,20,1500,internal
6e33181e7d789eddbd62c0c3,11,11,33,0.0001,surface_SI1000,Z,11,241,internal_correlated
6e7ce2ad043a05550e18dc80,16,24,48,0.0015,honeycomb_SD6,H,16,960,internal_correlated
6f76859454dbfed778c65f71,15,15,45,0.015,surface_SD6,Z,15,449,internal_correlated
6fb096bd40c6045620b8dfc9,20,30,60,0.007,honeycomb_SD6,H,20,1500,internal_correlated
715f4d4dcb07e7f963599cfb,20,30,60,0.0005,honeycomb_SI1000,V,20,1500,internal_correlated
71b1cb765021e7659487f4c4,15,15,45,0.0005,surface_SD6,Z,15,449,internal_correlated
722fc404501af3af7690a6e5,15,15,45,0.002,surface_SI1000,Z,15,449,internal
725732e478c9417b1e7e12a7,15,15,45,0.003,surface_SD6,X,15,449,internal
7382ebfea7279904e6622887,19,19,57,0.0007,surface_SI1000,Z,19,721,internal
73aa4adc435970f627720caa,20,30,60,0.002,honeycomb_SD6,V,20,1500,internal
73fbd32d4c7d805f8242d891,20,30,60,0.03,honeycomb_SD6,V,20,1500,internal
747fd285dd640e5ced032ed7,16,24,48,0.0005,honeycomb_EM3_v2,V,16,384,internal_correlated
748e310a65cb831cc5fe0c0e,16,24,48,0.02,honeycomb_SD6,V,16,960,internal
74a88133bebb61601606225b,20,30,60,0.0003,honeycomb_EM3_v2,V,20,600,internal_correlated
74f6536a2144920a0c83ed5a,19,19,57,0.002,surface_SD6,Z,19,721,internal_correlated
754ee1eb73db56e463858138,16,24,48,0.007,honeycomb_SI1000,H,16,960,internal
75a99eff66d848cba1c102e3,4,6,12,0.0002,honeycomb_SD6,H,4,60,internal_correlated
7721eec2e414870f982875db,16,24,48,0.02,honeycomb_EM3_v2,H,16,384,internal_correlated
774af7d4b5a7834aa9a25166,20,30,60,0.01,honeycomb_SD6,V,20,1500,internal_correlated
77706bfc21f3051295d02b05,16,24,48,0.0001,honeycomb_SI1000,V,16,960,internal_correlated
778b51f86f33c7cad17fd366,19,19,57,0.0007,surface_SD6,Z,19,721,internal_correlated
78ac4be6db810b5f7bf1ea1d,20,30,60,0.0015,honeycomb_SD6,H,20,1500,internal_correlated
79413d3db7a61b88b194aae2,19,19,57,0.0007,surface_SD6,X,19,721,internal
7a792de79eb52729dd054862,19,19,57,0.0015,surface_SI1000,Z,19,721,internal
7ac92acba72da645dc74a25b,16,24,48,0.0007,honeycomb_EM3_v2,V,16,384,internal
7adffd062f19dc33a43ab1f5,19,19,57,0.015,surface_SI1000,X,19,721,internal
7b0ce12c7ac289fad8234094,16,24,48,0.0015,honeycomb_SI1000,H,16,960,internal_correlated
7b3c8c182ad41966a9313513,8,12,24,0.0001,honeycomb_SD6,H,8,240,internal
7b4f02e9f2125805bc1576da,15,15,45,0.0003,surface_SI1000,X,15,449,internal
7b9e700b5b59688046bf61b9,19,19,57,0.0002,surface_SI1000,X,19,721,internal
7ba259cd79a8f42c0f06edca,15,15,45,0.005,surface_SD6,X,15,449,internal
7c023918b17658a23d4c6d74,16,24,48,0.005,honeycomb_SD6,H,16,960,internal
7c1bdba6d9b305a859969ee2,16,24,48,0.005,honeycomb_SD6,V,16,960,internal_correlated
7c9609f76a958490fc5dae89,12,18,36,0.0002,honeycomb_EM3_v2,V,12,216,internal
7cfe99f3ecd98036d563bad7,20,30,60,0.0015,honeycomb_EM3_v2,V,20,600,internal_correlated
7d664519ca2ff088d36db67b,7,7,21,0.0002,surface_SD6,X,7,97,internal
7dcfad85fb54d4ab39588999,20,30,60,0.0005,honeycomb_SD6,H,20,1500,internal
7df99ad10581012eb2b14ebe,20,30,60,0.03,honeycomb_EM3_v2,H,20,600,internal_correlated
7e132411e811a4dae067b992,19,19,57,0.0015,surface_SI1000,X,19,721,internal
7e7363c65e67515e4fae42df,19,19,57,0.0015,surface_SD6,X,19,721,internal
7f9ff6be3d90a1dbf0124a3b,15,15,45,0.001,surface_SD6,X,15,449,internal_correlated
7fb106ef29ba83a5de6391c3,20,30,60,0.0003,honeycomb_SD6,V,20,1500,internal_correlated
7fced0de192a912628c8b4e6,20,30,60,0.002,honeycomb_SD6,V,20,1500,internal_correlated
80268e532ba7a2ac139f6516,16,24,48,0.007,honeycomb_SI1000,V,16,960,internal
802d780a0e4dc3b8da8fb28f,20,30,60,0.015,honeycomb_SD6,H,20,1500,internal
8045503b8fa12d3d88f09106,15,15,45,0.0015,surface_SI1000,Z,15,449,internal_correlated
806b071c7bfbc251d5b717ab,7,7,21,0.0001,surface_SI1000,X,7,97,internal_correlated
80fa93ef57198c40d843f7ff,19,19,57,0.0001,surface_SD6,X,19,721,internal_correlated
81595660c5f7ef49f66a2bf9,16,24,48,0.0003,honeycomb_SI1000,H,16,960,internal
817b3dbfae196f3b2b3dbc51,3,3,9,0.0002,surface_SI1000,Z,3,17,internal
81a7f9f682f1c5d0c99b7876,16,24,48,0.02,honeycomb_SI1000,V,16,960,internal
82535e875a99e3383e08720a,20,30,60,0.002,honeycomb_SD6,H,20,1500,internal
8275d7dd2b968c839af75109,16,24,48,0.003,honeycomb_EM3_v2,H,16,384,internal
82e8bd5b0a0336bea331ff34,20,30,60,0.005,honeycomb_SD6,H,20,1500,internal
82eb7bd7cf8af0f94248da9e,16,24,48,0.015,honeycomb_SI1000,H,16,960,internal
82ef24022c1d67cebad41c3b,15,15,45,0.0015,surface_SD6,Z,15,449,internal_correlated
838779901c00766797638bb6,20,30,60,0.01,honeycomb_EM3_v2,H,20,600,internal_correlated
854edf13a9e9e8396d9d1e40,16,24,48,0.0001,honeycomb_SD6,V,16,960,internal
85b74a2e8ed5f0a23b4ed777,15,15,45,0.0007,surface_SD6,X,15,449,internal_correlated
865dfe705ce436538aa55b4d,15,15,45,0.015,surface_SI1000,X,15,449,internal
86717c046022d16de570e6ef,16,24,48,0.0001,honeycomb_EM3_v2,H,16,384,internal
86f239a0d2ad49164d3b8cf7,15,15,45,0.02,surface_SI1000,X,15,449,internal
86f4db818ff3b16c517ab70c,15,15,45,0.02,surface_SI1000,Z,15,449,internal
881a909f10d3408fd37c3da9,20,30,60,0.0002,honeycomb_SI1000,V,20,1500,internal_correlated
8852a8835ab764fdb8a62482,16,24,48,0.03,honeycomb_SD6,V,16,960,internal_correlated
88627a3e9f447ce34d011d91,4,6,12,0.0001,honeycomb_SI1000,H,4,60,internal_correlated
897c13deaf2886b69f1a4cad,19,19,57,0.0003,surface_SD6,Z,19,721,internal_correlated
8a7771307c8a565df76a85b2,20,30,60,0.001,honeycomb_SI1000,V,20,1500,internal
8ad129185563a9952d90776d,20,30,60,0.001,honeycomb_SI1000,H,20,1500,internal_correlated
8bb06bb56ff3ae1682c2db67,19,19,57,0.0005,surface_SI1000,X,19,721,internal
8bb8857b80dc0c4ca4218625,20,30,60,0.003,honeycomb_SD6,H,20,1500,internal_correlated
8cb7acd19cb29871f60c3718,15,15,45,0.003,surface_SI1000,Z,15,449,internal
8cc9598c26bda0a56e388181,16,24,48,0.015,honeycomb_EM3_v2,V,16,384,internal_correlated
8d833d4331366c42fb71f2d4,12,18,36,0.0002,honeycomb_EM3_v2,V,12,216,internal_correlated
8d8fd2c98c901af2381bdec3,16,24,48,0.02,honeycomb_SD6,H,16,960,internal
8dac899ec7ad5a5d4e23c727,3,3,9,0.0001,surface_SD6,Z,3,17,internal_correlated
8db12da0968044d7830dd489,15,15,45,0.007,surface_SD6,X,15,449,internal
8e07afc4689200c91a6b2903,16,24,48,0.015,honeycomb_SD6,H,16,960,internal
8e0910048e30a4236c7d1683,16,24,48,0.0015,honeycomb_SD6,H,16,960,internal
8e66f59e87852008d1cde2ae,11,11,33,0.0002,surface_SD6,X,11,241,internal
8e6fad1cd7d97fa3ff1c6b31,4,6,12,0.0002,honeycomb_EM3_v2,V,4,24,internal
8ec0787abe6d7564fe1d8fcf,16,24,48,0.03,honeycomb_EM3_v2,V,16,384,internal_correlated
8eeaba94ff38bbc2782b9479,20,30,60,0.0003,honeycomb_SD6,V,20,1500,internal
8f0361dabcdf5c76fb326225,15,15,45,0.0007,surface_SI1000,Z,15,449,internal_correlated
905550bb1619e34abf15ccbc,12,18,36,0.0002,honeycomb_SI1000,V,12,540,internal_correlated
911f9abfd00ab96d00b9468e,12,18,36,0.0001,honeycomb_SD6,H,12,540,internal
920d1b4d948a0af0a22d3c86,15,15,45,0.0001,surface_SD6,X,15,449,internal
9246830f58514fbea7dd0eee,4,6,12,0.0002,honeycomb_SD6,V,4,60,internal
92616848ce0cc3fd7dd42fa9,19,19,57,0.0015,surface_SD6,Z,19,721,internal
92c71bb6b09e491569f7828c,16,24,48,0.001,honeycomb_EM3_v2,V,16,384,internal
92f2ea584f481fa23becc4a0,20,30,60,0.0007,honeycomb_SD6,H,20,1500,internal
93032e8b737d3dd012d07e6c,7,7,21,0.0001,surface_SD6,Z,7,97,internal_correlated
93c966a1b4d1726cea4c6d67,19,19,57,0.02,surface_SD6,X,19,721,internal
93cbd207d396da5e16cbea70,16,24,48,0.015,honeycomb_EM3_v2,V,16,384,internal
9543b67a7b4e08872773f460,19,19,57,0.001,surface_SD6,X,19,721,internal
95742efea248f1c598b90101,20,30,60,0.007,honeycomb_EM3_v2,V,20,600,internal_correlated
95a43dd3c73d66d70a61b806,20,30,60,0.0002,honeycomb_SI1000,H,20,1500,internal_correlated
968e0727206004e1d67a927a,4,6,12,0.0001,honeycomb_SD6,H,4,60,internal
97035654407256d97167e75d,16,24,48,0.003,honeycomb_SD6,H,16,960,internal
970b0c59fb69ad51fbd25a8c,16,24,48,0.015,honeycomb_SD6,V,16,960,internal
9733d4fd2f018747846e95c8,19,19,57,0.03,surface_SD6,X,19,721,internal_correlated
973d77e9bd79db1bc148c8bc,12,18,36,0.0002,honeycomb_SI1000,H,12,540,internal
973e8572068ec13bf4454eba,16,24,48,0.0005,honeycomb_SD6,H,16,960,internal_correlated
9961e61c59c1f0398a9ccc1f,19,19,57,0.002,surface_SD6,Z,19,721,internal
9978c293922364e47157d2c9,16,24,48,0.005,honeycomb_SD6,H,16,960,internal_correlated
999b23620b5e0b6db2af6e36,20,30,60,0.03,honeycomb_EM3_v2,V,20,600,internal_correlated
99e555b1339c220c330818f3,3,3,9,0.0002,surface_SD6,Z,3,17,internal
9a4438d70197dd54f9990b77,19,19,57,0.015,surface_SI1000,X,19,721,internal_correlated
9a84beadff54cdf572da833c,20,30,60,0.015,honeycomb_EM3_v2,V,20,600,internal
9b6e234fcbf72b36512420ef,16,24,48,0.03,honeycomb_SI1000,V,16,960,internal
9b874efbba44f87de0bc60d2,20,30,60,0.005,honeycomb_SI1000,H,20,1500,internal
9b9d20da58d92232abb24d61,7,7,21,0.0001,surface_SI1000,X,7,97,internal
9b9dc2fa313a371bcbdbec99,19,19,57,0.001,surface_SD6,X,19,721,internal_correlated
9c7db1788ff45aaf83d74c9c,16,24,48,0.02,honeycomb_EM3_v2,V,16,384,internal
9cf8ccb997c3937a4b8cdf1b,19,19,57,0.0005,surface_SD6,X,19,721,internal_correlated
9d3cfcd430d95fc5d824ac11,19,19,57,0.015,surface_SD6,X,19,721,internal_correlated
9dada79c7ac36ef1159c4971,8,12,24,0.0002,honeycomb_EM3_v2,V,8,96,internal_correlated
9dd532d9d8efd8e25cecdb5c,15,15,45,0.007,surface_SD6,Z,15,449,internal_correlated
9df6f87b72e120eea3cb1da5,4,6,12,0.0002,honeycomb_EM3_v2,H,4,24,internal_correlated
9e0215a03fcf267f3a61be49,4,6,12,0.0002,honeycomb_EM3_v2,H,4,24,internal
9ea0a26a86dd0db26944f9c5,19,19,57,0.02,surface_SI1000,X,19,721,internal
9eb3a742999370f552929d8d,16,24,48,0.001,honeycomb_SI1000,H,16,960,internal
9fbf32119161dbe35ac1dd22,20,30,60,0.0002,honeycomb_SI1000,H,20,1500,internal
a03fed29675571cf42e63703,19,19,57,0.03,surface_SD6,Z,19,721,internal_correlated
a05f5fc22e9a0bec52450890,15,15,45,0.01,surface_SD6,X,15,449,internal_correlated
a099a4acbacdc1b4e1a48d76,20,30,60,0.007,honeycomb_EM3_v2,H,20,600,internal
a11fa191c272a7b6e926116a,19,19,57,0.03,surface_SI1000,X,19,721,internal
a174a1a1534c0fda967a300e,19,19,57,0.002,surface_SD6,X,19,721,internal_correlated
a29492a4e4778f1c92b240d3,20,30,60,0.005,honeycomb_EM3_v2,V,20,600,internal
a29c6c9588c4022f53096a3e,19,19,57,0.0001,surface_SD6,Z,19,721,internal_correlated
a328bfad67a449f7c85d51f1,12,18,36,0.0001,honeycomb_SD6,H,12,540,internal_correlated
a3859a0cda06396d23eee39a,20,30,60,0.0002,honeycomb_SD6,V,20,1500,internal_correlated
a398853263f9eff096bb1a02,20,30,60,0.0005,honeycomb_SD6,V,20,1500,internal_correlated
a3ad761b0d98db25a74da948,12,18,36,0.0002,honeycomb_EM3_v2,H,12,216,internal_correlated
a424e2631411d381359612db,20,30,60,0.007,honeycomb_SD6,H,20,1500,internal
a45ecd465c19b96da3c498f9,19,19,57,0.0015,surface_SD6,X,19,721,internal_correlated
a468916d822fb85d94c98747,15,15,45,0.03,surface_SD6,X,15,449,internal_correlated
a48c750a9a3c80d0fc8ee7f8,16,24,48,0.0002,honeycomb_SD6,V,16,960,internal_correlated
a570a575718bd74f2f9bc8da,16,24,48,0.0001,honeycomb_EM3_v2,H,16,384,internal_correlated
a5861a50dcab6bcc4ac7079f,4,6,12,0.0001,honeycomb_SD6,V,4,60,internal_correlated
a5bff97afbb2e0ae4bc70804,19,19,57,0.01,surface_SI1000,Z,19,721,internal
a61e2b2e5adf48a2bac1e6da,16,24,48,0.002,honeycomb_SI1000,H,16,960,internal
a626659dd02d6919e6bfea94,16,24,48,0.0007,honeycomb_SD6,V,16,960,internal
a68ec320a81c79b7fc8e8516,20,30,60,0.02,honeycomb_EM3_v2,V,20,600,internal_correlated
a767a3bd592c5d2a4c0a287e,11,11,33,0.0001,surface_SI1000,Z,11,241,internal
a7c29d0f112ddba8ffaa1f19,20,30,60,0.0001,honeycomb_SI1000,H,20,1500,internal_correlated
a8769361adb7f1eb7de7d7f5,15,15,45,0.007,surface_SI1000,Z,15,449,internal_correlated
a8c1d968ccc90ddd85f15517,19,19,57,0.02,surface_SD6,Z,19,721,internal
a956ca966a4de4426321ab58,20,30,60,0.0001,honeycomb_EM3_v2,V,20,600,internal
a9e68609c2228b50b891a243,3,3,9,0.0002,surface_SD6,Z,3,17,internal_correlated
aa271194aff675b8507e856f,16,24,48,0.003,honeycomb_SI1000,V,16,960,internal_correlated
aa2d60b2f694ae379fad77f4,19,19,57,0.0015,surface_SD6,Z,19,721,internal_correlated
aa4494d47e8da27ead4e7dd2,16,24,48,0.0015,honeycomb_SD6,V,16,960,internal
aaab5e3ac4b3786233908460,15,15,45,0.03,surface_SI1000,Z,15,449,internal
aaff8f82d053d1ce93d8306b,20,30,60,0.005,honeycomb_EM3_v2,H,20,600,internal_correlated
ab33f1ffafbfd7e1cd2871ed,15,15,45,0.0015,surface_SI1000,X,15,449,internal_correlated
ab4ad9a9aa5caceb88588be6,19,19,57,0.02,surface_SI1000,Z,19,721,internal_correlated
ab8b4f333815960d2b7bdfce,16,24,48,0.01,honeycomb_EM3_v2,V,16,384,internal
ac3dd7e670ae31f0a08f9eb5,19,19,57,0.002,surface_SD6,X,19,721,internal
ac82613a2a5a25f37d652509,16,24,48,0.007,honeycomb_SD6,V,16,960,internal
ac90b95e284ed9097a826743,20,30,60,0.0003,honeycomb_SI1000,H,20,1500,internal_correlated
acb43e92653ce0eb0eb6f711,3,3,9,0.0002,surface_SI1000,Z,3,17,internal_correlated
acbd5fc9c201519c3279f4fc,12,18,36,0.0001,honeycomb_EM3_v2,V,12,216,internal
acd02418dac181d105f3ab73,12,18,36,0.0002,honeycomb_SD6,V,12,540,internal_correlated
ad3f9cf5654db4d9f021dbf4,16,24,48,0.001,honeycomb_SD6,H,16,960,internal
adbba0c06e6866614b69710b,20,30,60,0.002,honeycomb_EM3_v2,V,20,600,internal
adbe676fb1bf530cb229c697,4,6,12,0.0002,honeycomb_EM3_v2,V,4,24,internal_correlated
ae4a3d102e11b87ab4b2cf9c,7,7,21,0.0001,surface_SI1000,Z,7,97,internal
ae86f71fc88fd274fd30fdcc,20,30,60,0.02,honeycomb_SD6,H,20,1500,internal
aedae36f346f24c48819647d,16,24,48,0.002,honeycomb_EM3_v2,V,16,384,internal
af596462e67c54b033e591e7,16,24,48,0.002,honeycomb_SI1000,V,16,960,internal
af603677c31b49f1ced00145,15,15,45,0.005,surface_SI1000,Z,15,449,internal
afce7415bedab4f28e981704,16,24,48,0.005,honeycomb_SI1000,V,16,960,internal
b04e67cf212d2909df452ba7,15,15,45,0.005,surface_SI1000,Z,15,449,internal_correlated
b05136aa49b2e1094ec17c63,16,24,48,0.0003,honeycomb_EM3_v2,V,16,384,internal_correlated
b0838f82315a6c3f5164c940,19,19,57,0.001,surface_SD6,Z,19,721,internal
b0c8994229324b4825a40d5b,15,15,45,0.02,surface_SD6,Z,15,449,internal_correlated
b0ccbd721d1f2754cbaf0349,15,15,45,0.002,surface_SI1000,X,15,449,internal_correlated
b24c4501c24ce0660a51c29d,15,15,45,0.03,surface_SD6,Z,15,449,internal
b2f8137ada7c50b68b26e41e,15,15,45,0.0002,surface_SI1000,X,15,449,internal_correlated
b305c0a0b1ae6f50c6554ca0,20,30,60,0.005,honeycomb_SI1000,V,20,1500,internal_correlated
b36c2cdfd184e88e81d7f039,15,15,45,0.0002,surface_SD6,X,15,449,internal
b376cd9fdbc48ec00f7d8f21,16,24,48,0.0003,honeycomb_EM3_v2,H,16,384,internal
b3862893e00af92be17bbc69,16,24,48,0.01,honeycomb_SI1000,H,16,960,internal_correlated
b3e1c0566280f426fe82ceb6,4,6,12,0.0001,honeycomb_SD6,H,4,60,internal_correlated
b5c751718ab6f2f6f89deade,19,19,57,0.002,surface_SI1000,Z,19,721,internal_correlated
b82ecb4c643f67ed1efea0e6,19,19,57,0.0003,surface_SI1000,X,19,721,internal
b89b6583ac239d9a858b3e61,19,19,57,0.01,surface_SD6,X,19,721,internal
b93da3457e5b0b402ab95e58,20,30,60,0.02,honeycomb_EM3_v2,H,20,600,internal
b948dbba2f4115439d5896c5,15,15,45,0.007,surface_SI1000,X,15,449,internal_correlated
b9a487f4df2d203d3a654620,16,24,48,0.01,honeycomb_SD6,V,16,960,internal_correlated
b9d12e3f836fe04cff269bdf,20,30,60,0.01,honeycomb_SD6,H,20,1500,internal_correlated
ba07ce0839095e0bb379fbe0,20,30,60,0.0002,honeycomb_EM3_v2,H,20,600,internal_correlated
bad86fcea479f692fabc2410,20,30,60,0.03,honeycomb_EM3_v2,V,20,600,internal
baedce77ddc2aac5046fce82,7,7,21,0.0002,surface_SI1000,X,7,97,internal
baef3d63cdd16ea818dc27c3,8,12,24,0.0002,honeycomb_EM3_v2,H,8,96,internal_correlated
baf2ec5fdc207952990a8e67,7,7,21,0.0001,surface_SD6,X,7,97,internal_correlated
bb06f6be36448c58fd4a7f08,20,30,60,0.0005,honeycomb_SD6,H,20,1500,internal_correlated
bb6d8ae8c911246b4b958349,15,15,45,0.02,surface_SD6,Z,15,449,internal
bbb5bc9090eb6443e2f17f32,3,3,9,0.0001,surface_SI1000,Z,3,17,internal_correlated
bbb63725ae151c1a682f50c2,19,19,57,0.005,surface_SD6,X,19,721,internal
bc75af638cffd09b0d454e4c,16,24,48,0.01,honeycomb_EM3_v2,V,16,384,internal_correlated
bcc47fb2ab1c354e3367b024,19,19,57,0.01,surface_SI1000,Z,19,721,internal_correlated
bcd89e5738b8f359db03bc33,19,19,57,0.0005,surface_SI1000,X,19,721,internal_correlated
be71481ba765bc20a1242638,19,19,57,0.0005,surface_SD6,X,19,721,internal
be77ae0cce5620c021ce0f35,16,24,48,0.03,honeycomb_SD6,V,16,960,internal
bf85dc1eabaa9f4b743de830,19,19,57,0.0001,surface_SI1000,X,19,721,internal_correlated
bf97d96b24bdef9e38180154,19,19,57,0.0005,surface_SI1000,Z,19,721,internal_correlated
c01c29d3516721701780d954,20,30,60,0.015,honeycomb_SD6,V,20,1500,internal
c092aae0dc82d4f7053c41b7,20,30,60,0.015,honeycomb_EM3_v2,H,20,600,internal_correlated
c09fde39f637e5132bf92f03,16,24,48,0.0005,honeycomb_SD6,H,16,960,internal
c0ce52c52fdc72e2eaa12592,16,24,48,0.003,honeycomb_EM3_v2,V,16,384,internal_correlated
c16b32c04267ce7523345dff,16,24,48,0.0007,honeycomb_EM3_v2,H,16,384,internal
c181624ac7a1d6fd651ad8cc,20,30,60,0.003,honeycomb_EM3_v2,V,20,600,internal_correlated
c1a8d7b65247e371333fb027,20,30,60,0.0005,honeycomb_EM3_v2,V,20,600,internal_correlated
c1bb4cd6afa0f251cf9e4cf2,19,19,57,0.0003,surface_SI1000,Z,19,721,internal
c1d17108df26dcd15fb473ca,20,30,60,0.003,honeycomb_SD6,H,20,1500,internal
c20a8609969febb4bbe18019,20,30,60,0.0003,honeycomb_SD6,H,20,1500,internal_correlated
c241dbb1ceb773ad52cfbd43,20,30,60,0.02,honeycomb_EM3_v2,H,20,600,internal_correlated
c2ffb3f1ac40439943be8dc6,16,24,48,0.0015,honeycomb_SI1000,H,16,960,internal
c31a637fdf4f5a89496e0177,15,15,45,0.02,surface_SI1000,Z,15,449,internal_correlated
c47e7ec996040b5a7a2fb096,11,11,33,0.0001,surface_SD6,Z,11,241,internal_correlated
c48406e40e47aa7cccf093b1,19,19,57,0.0005,surface_SD6,Z,19,721,internal
c48841eaa27aaf685aeef4aa,16,24,48,0.0015,honeycomb_EM3_v2,H,16,384,internal
c4b13f411e5d4fb8139b1428,19,19,57,0.015,surface_SD6,Z,19,721,internal
c553a2aa95fcd0fcefc25412,16,24,48,0.0007,honeycomb_SI1000,H,16,960,internal_correlated
c586c7f0f2f3451218b2f07f,20,30,60,0.0007,honeycomb_SI1000,H,20,1500,internal
c5de26c8e7e52f585bb6de3e,15,15,45,0.0005,surface_SI1000,Z,15,449,internal_correlated
c656554e477f3b1ae7e921fb,16,24,48,0.0001,honeycomb_EM3_v2,V,16,384,internal_correlated
c702a11212725dd10a03a1f2,15,15,45,0.01,surface_SD6,X,15,449,internal
c71b171266c28677375758f9,20,30,60,0.0005,honeycomb_SD6,V,20,1500,internal
c73672c1cb62d1c7131c4442,20,30,60,0.0015,honeycomb_SI1000,V,20,1500,internal_correlated
c7e5fb4198a44ec4b9a37973,16,24,48,0.003,honeycomb_SI1000,V,16,960,internal
c808eeb162c741b023e9bedf,16,24,48,0.0002,honeycomb_EM3_v2,V,16,384,internal_correlated
c8ca9ddab42f6a3671b2a2c2,3,3,9,0.0001,surface_SD6,X,3,17,internal
c8d7819cb69c81a7175cb171,20,30,60,0.002,honeycomb_EM3_v2,H,20,600,internal_correlated
c8de18ccacf7b3fd9f78dee0,15,15,45,0.0001,surface_SD6,Z,15,449,internal_correlated
c93ee11325f6d081445308b4,19,19,57,0.005,surface_SD6,Z,19,721,internal
ca10d5554f5a7d49c7312d3b,12,18,36,0.0002,honeycomb_SD6,H,12,540,internal
ca1ffacb053fb179027d2246,8,12,24,0.0002,honeycomb_SD6,V,8,240,internal_correlated
ca674015453ebdd91cbec55c,4,6,12,0.0001,honeycomb_EM3_v2,V,4,24,internal_correlated
ca95ca41786d84c56f554dc0,20,30,60,0.01,honeycomb_SD6,V,20,1500,internal
cacd3d7614aa7c6a7c8a9042,16,24,48,0.0005,honeycomb_EM3_v2,H,16,384,internal_correlated
cafb5294647de83d008ecee4,19,19,57,0.03,surface_SI1000,X,19,721,internal_correlated
cc1eb50e7f245b3f845ce82f,15,15,45,0.003,surface_SI1000,Z,15,449,internal_correlated
cc2bdcfdd48ef9b1b700c180,4,6,12,0.0002,honeycomb_SI1000,V,4,60,internal
cc4462157c23e9e07121d507,15,15,45,0.0001,surface_SD6,Z,15,449,internal
cdb802c48ea8ac3364eba773,8,12,24,0.0002,honeycomb_SI1000,H,8,240,internal
cdb9145b63edc93aa49bbc18,19,19,57,0.003,surface_SI1000,X,19,721,internal_correlated
ce527a7bab0d0411f42576e8,15,15,45,0.0005,surface_SD6,X,15,449,internal
ce8629a4847c54906b18f119,16,24,48,0.0005,honeycomb_SI1000,H,16,960,internal_correlated
cec43e0698a5f6e830adebd3,7,7,21,0.0002,surface_SI1000,X,7,97,internal_correlated
ced666a6be0ad806b3769d71,19,19,57,0.0003,surface_SI1000,Z,19,721,internal_correlated
cf16e3c7e5572e24f7cf42d5,16,24,48,0.0003,honeycomb_SI1000,V,16,960,internal_correlated
cf69eb0e5e12b0cd8267d386,20,30,60,0.03,honeycomb_SD6,H,20,1500,internal
cff1749da6dedfd299b79b22,20,30,60,0.0001,honeycomb_EM3_v2,V,20,600,internal_correlated
d0b64f563db6a7243acb7a68,19,19,57,0.0001,surface_SD6,X,19,721,internal
d0dc43ef3a87332b870bd319,16,24,48,0.0002,honeycomb_SI1000,V,16,960,internal_correlated
d16f59f8d5530cffdf1eb92b,15,15,45,0.0005,surface_SD6,Z,15,449,internal
d182059b8211e8ab6fb1586c,19,19,57,0.003,surface_SI1000,Z,19,721,internal_correlated
d1a6a88c6067f4b364b1308e,19,19,57,0.01,surface_SD6,Z,19,721,internal_correlated
d23d9e0483d1e9d831a99065,19,19,57,0.005,surface_SI1000,Z,19,721,internal
d254207894f95eaf981e04e3,19,19,57,0.007,surface_SD6,X,19,721,internal_correlated
d256e28b2a7849a223fe8439,15,15,45,0.0005,surface_SI1000,X,15,449,internal
d2a5a78481af8955891b253e,20,30,60,0.001,honeycomb_EM3_v2,V,20,600,internal
d40d4025670b64655779474a,16,24,48,0.0002,honeycomb_SD6,H,16,960,internal
d415ac6ec498910ba8a710b9,15,15,45,0.007,surface_SI1000,X,15,449,internal
d4b3dd8d127442fc7eef0fc5,16,24,48,0.0003,honeycomb_SD6,H,16,960,internal
d4d2c2ea756de24568ebed81,19,19,57,0.01,surface_SI1000,X,19,721,internal_correlated
d4ebc376a28e1905662bff2b,20,30,60,0.001,honeycomb_SD6,H,20,1500,internal_correlated
d6168bd6a7774c8e6bad4943,8,12,24,0.0001,honeycomb_EM3_v2,V,8,96,internal
d61b6087bd0c54b6a9142cdb,16,24,48,0.03,honeycomb_SI1000,H,16,960,internal
d61f24bd69500ecffe799091,19,19,57,0.002,surface_SI1000,X,19,721,internal_correlated
d6278228894154f2589a1828,19,19,57,0.015,surface_SI1000,Z,19,721,internal
d65251249f6a45007ca09c85,20,30,60,0.0007,honeycomb_SD6,V,20,1500,internal_correlated
d6eda2fda545e4b5df7eb13d,19,19,57,0.02,surface_SI1000,X,19,721,internal_correlated
d6f7ef5b660e8f7b08a2e309,8,12,24,0.0002,honeycomb_SI1000,V,8,240,internal_correlated
d710e415dfc56c64f1f7e6cb,16,24,48,0.0002,honeycomb_SI1000,H,16,960,internal_correlated
d75f2e6491178746475bf7e2,20,30,60,0.0001,honeycomb_SI1000,V,20,1500,internal_correlated
d806b779dfe777e90dc9f324,19,19,57,0.005,surface_SI1000,X,19,721,internal
d8660c7a849a0ceb3e5edf04,20,30,60,0.002,honeycomb_SI1000,V,20,1500,internal_correlated
d86d3bac9eabfc1e415caf0e,3,3,9,0.0002,surface_SI1000,X,3,17,internal
d8af340f7de4da90ef85f410,16,24,48,0.0001,honeycomb_SD6,H,16,960,internal_correlated
d91e6a363bf988869b2fd1f4,7,7,21,0.0002,surface_SI1000,Z,7,97,internal
d98cb91a4a8a6d57caa9974e,7,7,21,0.0001,surface_SD6,Z,7,97,internal
d9b1dc7e0f164ec6c0481d10,16,24,48,0.0007,honeycomb_SD6,H,16,960,internal_correlated
d9e70e1dfaee5a66d3c468fb,19,19,57,0.001,surface_SI1000,Z,19,721,internal_correlated
da757a8619cc1dc9985c283e,15,15,45,0.0002,surface_SD6,Z,15,449,internal
daa7fc25ddd17eaa21e59030,16,24,48,0.0003,honeycomb_SD6,V,16,960,internal_correlated
dadfd9e708472cc9f24d50ea,20,30,60,0.005,honeycomb_SD6,V,20,1500,internal_correlated
db8585fbef8ac6f9c3056436,16,24,48,0.01,honeycomb_SD6,V,16,960,internal
dc324ed56509773868ae6dcd,19,19,57,0.015,surface_SD6,X,19,721,internal
dc67f6b27f50b246844d306a,19,19,57,0.007,surface_SI1000,X,19,721,internal
dc97c430023af71810a12dcf,16,24,48,0.0007,honeycomb_SD6,V,16,960,internal_correlated
dca98988f245b0f1dd76baa5,20,30,60,0.0015,honeycomb_EM3_v2,H,20,600,internal_correlated
dcc786475d51e11a2ea79964,19,19,57,0.007,surface_SI1000,Z,19,721,internal
dcfb1e50ca7e85c4461afddc,16,24,48,0.002,honeycomb_SD6,H,16,960,internal
dd4b20ca828d639522ef3103,20,30,60,0.015,honeycomb_EM3_v2,V,20,600,internal_correlated
dd87810de776823b1b85f818,4,6,12,0.0001,honeycomb_EM3_v2,H,4,24,internal
ddd544e0b6db0dfa415c85ba,20,30,60,0.02,honeycomb_EM3_v2,V,20,600,internal
deed346a44576f5e83068bf3,11,11,33,0.0002,surface_SD6,X,11,241,internal_correlated
defd37a4ebfa5d6d70a2fab4,19,19,57,0.0007,surface_SI1000,X,19,721,internal
deffdf0324cfd7059935f7a8,16,24,48,0.0002,honeycomb_EM3_v2,H,16,384,internal_correlated
df42f3e0c30147b88907f326,16,24,48,0.007,honeycomb_EM3_v2,H,16,384,internal
df8304f92ea746ac6bf7d29f,7,7,21,0.0001,surface_SD6,X,7,97,internal
dfd79a2caded3b4eb8d56079,16,24,48,0.003,honeycomb_EM3_v2,H,16,384,internal_correlated
dfefe7b5d58bb4983dd534ab,16,24,48,0.0002,honeycomb_EM3_v2,H,16,384,internal
e02b9765806e6c2d3f2e1263,20,30,60,0.01,honeycomb_SD6,H,20,1500,internal
e08c3bfd75a240e1036a6b47,19,19,57,0.0005,surface_SD6,Z,19,721,internal_correlated
e092b8c4f6a69ccbd92ea41f,8,12,24,0.0002,honeycomb_SD6,H,8,240,internal_correlated
e0d3376d6972b609617cb4ec,19,19,57,0.02,surface_SD6,X,19,721,internal_correlated
e0fe042667d417f5add4a75b,16,24,48,0.002,honeycomb_EM3_v2,H,16,384,internal
e1b57326dc7c52be3e646f1e,12,18,36,0.0001,honeycomb_EM3_v2,V,12,216,internal_correlated
e2f84912dc4fdff435dde00d,16,24,48,0.0007,honeycomb_SI1000,V,16,960,internal_correlated
e310aae1218cb1d2525aab06,15,15,45,0.0002,surface_SD6,X,15,449,internal_correlated
e40a74e3328c1f3a52fde873,20,30,60,0.0003,honeycomb_EM3_v2,V,20,600,internal
e48466b358f0e992760390f5,8,12,24,0.0001,honeycomb_EM3_v2,V,8,96,internal_correlated
e491805ff1059933e35a9b66,15,15,45,0.0003,surface_SI1000,Z,15,449,internal
e4ee491023b99fdd2d78bb01,8,12,24,0.0002,honeycomb_SD6,H,8,240,internal
e4f1a7d767cca55873889d08,16,24,48,0.003,honeycomb_EM3_v2,V,16,384,internal
e50f709f101ba919e9ca69af,15,15,45,0.0001,surface_SI1000,Z,15,449,internal
e5219976adb6edff67297ae4,16,24,48,0.015,honeycomb_SD6,H,16,960,internal_correlated
e56fba13075cddc7b11d1f18,16,24,48,0.0003,honeycomb_SI1000,V,16,960,internal
e585fa250b49d8cfd8541095,15,15,45,0.02,surface_SD6,X,15,449,internal
e60f503a6e828e9b4be7bd6b,12,18,36,0.0001,honeycomb_SI1000,H,12,540,internal_correlated
e67a8f8f6330fc19e9424ef0,4,6,12,0.0001,honeycomb_SI1000,V,4,60,internal_correlated
e67badb684a6c4b51e40f49e,20,30,60,0.015,honeycomb_EM3_v2,H,20,600,internal
e810eff144120c2149b7d2f1,7,7,21,0.0001,surface_SI1000,Z,7,97,internal_correlated
e91c305df22aec268ce29d0a,12,18,36,0.0001,honeycomb_EM3_v2,H,12,216,internal
e95128082ab6344e8ff96899,19,19,57,0.0001,surface_SI1000,Z,19,721,internal_correlated
ea4463763025efd31034ab35,3,3,9,0.0002,surface_SD6,X,3,17,internal
eac42a7bdf2088c4d06580c2,16,24,48,0.0015,honeycomb_SI1000,V,16,960,internal
eb1e6b0d198b66f71b2c5359,16,24,48,0.001,honeycomb_EM3_v2,H,16,384,internal_correlated
edaade1dbbc173bbddc08d2e,16,24,48,0.001,honeycomb_SI1000,V,16,960,internal
edc1dbc60dace0de51dd58e6,20,30,60,0.003,honeycomb_EM3_v2,H,20,600,internal_correlated
edc93d7fb4891379636234b3,20,30,60,0.0003,honeycomb_SI1000,H,20,1500,internal
ef8f4f077322216874843900,16,24,48,0.0001,honeycomb_SI1000,H,16,960,internal_correlated
f020e654849c641a555656cd,20,30,60,0.0002,honeycomb_SD6,H,20,1500,internal
f06ea168682a96f119df218e,7,7,21,0.0002,surface_SD6,Z,7,97,internal
f1451420ed7f0783d8547f38,15,15,45,0.0005,surface_SI1000,X,15,449,internal_correlated
f15c9b42c8302be55ce21a74,16,24,48,0.005,honeycomb_EM3_v2,H,16,384,internal
f1db1f065f6de990d13c45c1,19,19,57,0.003,surface_SI1000,X,19,721,internal
f1dfc9ce7e45938f47ec84ab,11,11,33,0.0001,surface_SD6,X,11,241,internal_correlated
f1f837c8a0a946aa1c28f9df,12,18,36,0.0001,honeycomb_SD6,V,12,540,internal_correlated
f215e1645f1a7380c360a820,19,19,57,0.01,surface_SD6,Z,19,721,internal
f26e5bcc3445e178edf3f527,16,24,48,0.0007,honeycomb_SD6,H,16,960,internal
f2a7bac57d433a541d7d062d,20,30,60,0.02,honeycomb_SD6,V,20,1500,internal
f2e38aeaa0c89a43d35374c1,19,19,57,0.0001,surface_SI1000,Z,19,721,internal
f32c5ecd96599566deaf0946,19,19,57,0.007,surface_SD6,Z,19,721,internal
f366a2439a2ac784dc6346ae,15,15,45,0.0015,surface_SD6,X,15,449,internal
f366d1771e9802ebc5e1de06,20,30,60,0.0001,honeycomb_SI1000,H,20,1500,internal
f496532bfada6ce67f5e90ac,15,15,45,0.0015,surface_SD6,X,15,449,internal_correlated
f4c655cace64b11d7997ffef,19,19,57,0.003,surface_SD6,X,19,721,internal_correlated
f52d163148f387eb9c04db1a,16,24,48,0.0005,honeycomb_SD6,V,16,960,internal_correlated
f534fa2cff94b0532fbf101c,20,30,60,0.003,honeycomb_SD6,V,20,1500,internal
f541d29a832f899bfb25133b,20,30,60,0.0003,honeycomb_SI1000,V,20,1500,internal_correlated
f608ad3d3c2debe4a6c36846,12,18,36,0.0002,honeycomb_SD6,V,12,540,internal
f66ae881f72122acacc90c54,15,15,45,0.0015,surface_SI1000,Z,15,449,internal
f67a198d6dd32230c1dfa83b,16,24,48,0.0001,honeycomb_SD6,V,16,960,internal_correlated
f6addbc8a59a9d0a1d12ec48,19,19,57,0.0007,surface_SD6,Z,19,721,internal
f6d166047db3542585786aa8,20,30,60,0.0015,honeycomb_SD6,V,20,1500,internal
f6dc7c8da6d697b9c0a2b43e,16,24,48,0.03,honeycomb_EM3_v2,H,16,384,internal_correlated
f72ed3bd865ef08645503bdf,15,15,45,0.0001,surface_SI1000,Z,15,449,internal_correlated
f748258b53ccfd2235c7804b,11,11,33,0.0002,surface_SI1000,Z,11,241,internal_correlated
f77b61f10c3cc136e9087431,20,30,60,0.0002,honeycomb_SI1000,V,20,1500,internal
f8503f1ed81e70a3f5eddc8a,15,15,45,0.015,surface_SI1000,X,15,449,internal_correlated
f88821dd9ec7a3cce4416869,20,30,60,0.0003,honeycomb_EM3_v2,H,20,600,internal_correlated
f8c96ceb1faca2b20ba42248,12,18,36,0.0001,honeycomb_SI1000,V,12,540,internal
f90bb86982257a332f534b2e,11,11,33,0.0002,surface_SI1000,X,11,241,internal_correlated
f98c4710ca30a9e6162af4e6,16,24,48,0.0003,honeycomb_EM3_v2,H,16,384,internal_correlated
fa1da2a52035b750d33d6ba2,16,24,48,0.0003,honeycomb_SD6,H,16,960,internal_correlated
fa5b504a421fb149ee5d0c5f,16,24,48,0.0002,honeycomb_EM3_v2,V,16,384,internal
fabba47d44ed7854230c1913,15,15,45,0.007,surface_SD6,Z,15,449,internal
fb6d8d756fdcaf29b82141b0,16,24,48,0.002,honeycomb_SD6,H,16,960,internal_correlated
fb6d9a6b4b4bc38c8eb7026a,7,7,21,0.0002,surface_SD6,Z,7,97,internal_correlated
fbafea5ffb0c9058a3315585,16,24,48,0.0005,honeycomb_EM3_v2,V,16,384,internal
fbf2334aafe02a2cd17d362c,15,15,45,0.005,surface_SI1000,X,15,449,internal_correlated
fcf3312d3bb70f4ffb694147,19,19,57,0.0002,surface_SI1000,Z,19,721,internal_correlated
fd6277e6556d9798cf83fb32,11,11,33,0.0002,surface_SD6,Z,11,241,internal
fe51b502dffc26ee08de87d0,19,19,57,0.02,surface_SI1000,Z,19,721,internal
feb3a269561b268750ea49a0,16,24,48,0.015,honeycomb_EM3_v2,H,16,384,internal
fef0dfa2d226d8f4c6bbcf9f,16,24,48,0.001,honeycomb_EM3_v2,H,16,384,internal
fefc362fa82fb69822180907,20,30,60,0.002,honeycomb_EM3_v2,V,20,600,internal_correlated
ff4a0e4f7dc9a027bf803c21,15,15,45,0.015,surface_SD6,Z,15,449,internal
