case,family,drive,stream_norm,current_energy,field_norm,hole_current_norm,fluxoid_norm,inductance_norm,reciprocity_error,linearity_error,fluxoid_constraint_error,configuration,stream_relative_error,current_relative_error,field_relative_error,hole_current_relative_error,fluxoid_relative_error,inductance_relative_error,near_field_relative_error,far_field_relative_error,current_max_scaled_error,field_max_scaled_error,physical_residual_relative,generalized_fluxoid_mismatch,physical_fluxoid_constraint_error,bare_flux_constraint_error,minimum_symmetric_inductance_eigenvalue,current_stream_inconsistency,comparison_configuration
dev_ring,annular,0,7.068374254786974,0.8475556347710639,3.267258610941701,1.0,3.3087330284498893,3.3087330284498893,0.0,4.051062016686921e-16,0.0,qualified,2.944557983366975e-07,1.1881886372087497e-06,8.693778384824369e-07,0.0,4.0901343285299573e-07,4.0901343325564793e-07,9.98706436759031e-07,2.4374865066786e-07,4.769195083246264e-06,2.267983213457057e-06,4.099844263643461e-07,3.1502723261134236e-06,0.0,nan,3.3087330284498893,3.600441965564376e-15,reference
dev_ring,annular,1,2.814703897598236,0.13578673097769559,1.1047010825924946,0.3097876002189544,6.975736996017264e-17,3.3087330284498893,0.0,4.051062016686921e-16,6.975736996017264e-17,qualified,5.430869223452607e-07,1.816780188125089e-06,1.1158988591009436e-06,2.1361366628246188e-07,0.013951473992034526,4.0901343325564793e-07,1.3081305091680008e-06,4.181373581563684e-07,5.31245436686661e-06,3.1294029858766408e-06,1.6530250495424308e-06,8.323487331657057e-09,8.323487261899686e-09,nan,3.3087330284498893,1.6632942105280362e-15,reference
dev_ring,annular,2,3.442654243265775,0.1905091905406807,1.5084682069214366,0.4740778841066188,1.4474836935999997,3.3087330284498893,0.0,4.051062016686921e-16,0.0,qualified,4.269924555583283e-07,1.4567795701277059e-06,1.0846200480305784e-06,4.0217781120911604e-07,1.534004188833311e-16,4.0901343325564793e-07,1.2508675409360143e-06,3.769675152011304e-07,4.94330418728608e-06,2.963313545379119e-06,4.830299570124931e-07,1.368446949978619e-06,1.368446949978619e-06,nan,3.3087330284498893,2.445939685745872e-15,reference
dev_ring,annular,3,2.4098579702860423,0.09334950336493351,1.0559277448450055,0.3318545188746331,1.01323858552,3.3087330284498893,0.0,4.051062016686921e-16,2.220446049250313e-16,qualified,4.2699245557310567e-07,1.456779570057651e-06,1.0846200476961177e-06,4.0217781122584367e-07,2.1914345554761584e-16,4.0901343325564793e-07,1.2508675405566677e-06,3.769675154180194e-07,4.94330418742377e-06,2.963313543222757e-06,4.830299570197706e-07,9.579128652514868e-07,9.579128650294422e-07,nan,3.3087330284498893,1.7316315031590592e-15,reference
dev_holes,perforated,0,6.294257832266551,1.034111994647295,4.887442567713493,1.0,3.3953564846871633,4.279850039577478,0.0,4.927371871816309e-16,0.0,qualified,3.4172472549453945e-07,1.340870207370089e-06,1.3345560439556855e-06,0.0,5.065451883037846e-07,9.65612079649429e-07,1.4929768719026398e-06,1.4757317984916115e-07,5.0044426973283245e-06,3.981317073034304e-06,5.050768674073696e-07,3.288211630616035e-06,0.0,nan,2.487136174462788,3.248215555862658e-15,reference
dev_holes,perforated,1,1.8619677207415326,0.1035173953990643,1.102963910331665,0.3077578253888587,1.3951473992034527e-16,4.279850039577478,0.0,4.927371871816309e-16,1.3951473992034527e-16,qualified,7.861930086170122e-07,2.264315399560398e-06,1.6522630684938603e-06,4.003133221908807e-07,0.018782746687389166,9.65612079649429e-07,1.881107193121805e-06,5.106919862291335e-07,8.941826260754355e-06,4.8697479164907615e-06,1.987139917238629e-06,6.380183479491276e-08,6.380183491218738e-08,nan,2.487136174462788,1.1233066794381174e-15,reference
dev_holes,perforated,2,2.8702898583418746,0.4415855542624423,2.3025503222969363,0.6505310564541094,2.187070943852445,4.279850039577478,0.0,4.927371871816309e-16,0.0,qualified,9.557026163262241e-07,2.19372648460833e-06,1.3510454285000939e-06,1.2523945298296728e-06,3.001699324186133e-07,9.65612079649429e-07,1.4994055093037072e-06,8.557896563909975e-07,7.006352931598659e-06,3.6734099351337927e-06,8.584787178833026e-07,3.925154791325592e-06,3.6279484709744736e-06,nan,2.487136174462788,2.3209617485138186e-15,reference
dev_holes,perforated,3,2.009202900839312,0.21637692158859664,1.6117852256078549,0.45537173951787646,1.5309496606967115,4.279850039577478,0.0,4.927371871816309e-16,2.220446049250313e-16,qualified,9.557026163189932e-07,2.193726484605909e-06,1.3510454284251217e-06,1.252394529829673e-06,3.0016993269418404e-07,9.65612079649429e-07,1.4994055092004296e-06,8.557896563942291e-07,7.0063529319342875e-06,3.673409935916538e-06,8.58478717876684e-07,2.7476083541188592e-06,2.5395639295933137e-06,nan,2.487136174462788,1.2377634540206229e-15,reference
dev_pattern,patterned,0,6.233317500623647,2.42277616149679,4.626967555410177,1.0,4.538920981114258,4.538920981114259,0.0,4.3193662226360623e-16,0.0,qualified,6.81970540270277e-07,2.670654733395014e-06,1.149292734088359e-06,0.0,2.3353677658400758e-07,2.3353677736672998e-07,1.2360566600259053e-06,3.699082099264401e-07,1.2577242209549894e-05,3.889203920271185e-06,3.056802293649273e-07,1.970731011269322e-06,0.0,nan,4.538920981114259,5.004013359303342e-15,reference
dev_pattern,patterned,1,1.0892868003078753,0.04351885753230196,0.8173690168473605,0.11036639538137324,2.092721098805179e-16,4.538920981114259,0.0,4.3193662226360623e-16,2.092721098805179e-16,qualified,2.697935337652438e-06,8.649043220514097e-06,8.77848745959856e-06,1.7414332786733174e-07,0.055805895968138106,2.3353677736672998e-07,9.683926264916144e-06,1.4357578804729046e-06,3.4534926363669894e-05,3.3968008331348893e-05,3.5452396708279786e-06,1.709796632839149e-07,1.7097966307464277e-07,nan,4.538920981114259,7.744068676474746e-16,reference
dev_pattern,patterned,2,1.9409792840682023,0.22784862969320516,1.3639626143530303,0.30574667303797215,1.4474836936000004,4.538920981114259,0.0,4.3193662226360623e-16,6.661338147750939e-16,qualified,9.097507047375046e-07,3.4053822488194506e-06,2.2310765862957743e-06,2.4318529821820764e-07,0.0,2.3353677736672998e-07,2.4220566516425317e-06,4.1973246524942157e-07,1.1047897338994371e-05,8.326829753142361e-06,3.9713795045851354e-07,5.906852869053125e-07,5.906852862391787e-07,nan,4.538920981114259,1.912632346762771e-15,reference
dev_pattern,patterned,3,1.3586854988477415,0.1116458285496705,0.9547738300471211,0.2140226711265805,1.0132385855199997,4.538920981114259,0.0,4.3193662226360623e-16,0.0,qualified,9.097507047093574e-07,3.4053822487742123e-06,2.23107658630382e-06,2.431852980885225e-07,2.191434555476159e-16,2.3353677736672998e-07,2.4220566516527406e-06,4.1973246534568506e-07,1.1047897338653965e-05,8.326829753754524e-06,3.97137950442377e-07,4.134797011445812e-07,4.134797011445812e-07,nan,4.538920981114259,1.3249267819503385e-15,reference
dev_stack,shield_stack,0,6.211699276071115,1.1655598070853528,4.802836735586018,1.0,2.311390207916824,2.311390207916824,0.0,5.939871159085715e-16,0.0,qualified,3.919863228196406e-07,1.1127837748847718e-06,1.2233644989217025e-06,0.0,1.0049546764920466e-06,1.004954676876309e-06,1.1429635185904069e-06,1.3800310660704197e-06,4.202248638378995e-06,3.581569966788569e-06,7.422358637451722e-07,2.3431309914556664e-06,0.0,nan,2.311390207916824,3.4633092754923604e-15,reference
dev_stack,shield_stack,1,1.3044509963307154,0.05959239031058124,1.374261775311692,0.17328920275974952,1.3951473992034527e-16,2.311390207916824,0.0,5.939871159085715e-16,1.3951473992034527e-16,qualified,9.852857802583957e-07,2.6951006951073508e-06,1.7235541905669566e-06,1.9508041155050646e-07,0.006975736996017263,1.004954676876309e-06,2.000279717811626e-06,7.467733463928463e-07,8.181825625844783e-06,6.227293034785619e-06,1.9651596195082223e-06,2.0713091152527523e-07,2.0713091166478997e-07,nan,2.311390207916824,8.291950996659884e-16,reference
dev_stack,shield_stack,2,3.9694744983381525,0.4739431727555855,3.031788801734835,0.6355025259087932,1.4474836935999997,2.311390207916824,0.0,5.939871159085715e-16,0.0,qualified,1.1012547317522734e-06,1.7024707832233357e-06,1.6195525504328545e-06,1.0122870959087875e-06,1.5340041888333116e-16,1.004954676876309e-06,1.6259779793386434e-06,5.897321804000957e-07,4.348646140676221e-06,6.160188321563507e-06,7.972464411970918e-07,1.441950215896881e-06,1.441950215896881e-06,nan,2.311390207916824,3.2067413326365572e-15,reference
dev_stack,shield_stack,3,2.778632148836706,0.23223215465023686,2.122252161214385,0.4448517681361552,1.0132385855199997,2.311390207916824,0.0,5.939871159085715e-16,0.0,qualified,1.101254731734776e-06,1.7024707832810144e-06,1.6195525501857602e-06,1.0122870958838307e-06,0.0,1.004954676876309e-06,1.6259779790635616e-06,5.897321804485313e-07,4.348646141108397e-06,6.160188317378702e-06,7.972464411999635e-07,1.0093651510167945e-06,1.0093651510167945e-06,nan,2.311390207916824,2.0987408428956916e-15,reference
dev_ring,annular,0,7.068374254786974,0.8475556347710639,3.267258610941701,1.0,3.3087330284498893,3.3087330284498893,0.0,4.051062016686921e-16,0.0,fixed12,2.944557983366975e-07,1.1881886372087497e-06,8.693778384824369e-07,0.0,4.0901343285299573e-07,4.0901343325564793e-07,9.98706436759031e-07,2.4374865066786e-07,4.769195083246264e-06,2.267983213457057e-06,4.099844263643461e-07,3.1502723261134236e-06,0.0,nan,3.3087330284498893,3.600441965564376e-15,reference
dev_ring,annular,1,2.814703897598236,0.13578673097769559,1.1047010825924946,0.3097876002189544,6.975736996017264e-17,3.3087330284498893,0.0,4.051062016686921e-16,6.975736996017264e-17,fixed12,5.430869223452607e-07,1.816780188125089e-06,1.1158988591009436e-06,2.1361366628246188e-07,0.013951473992034526,4.0901343325564793e-07,1.3081305091680008e-06,4.181373581563684e-07,5.31245436686661e-06,3.1294029858766408e-06,1.6530250495424308e-06,8.323487331657057e-09,8.323487261899686e-09,nan,3.3087330284498893,1.6632942105280362e-15,reference
dev_ring,annular,2,3.442654243265775,0.1905091905406807,1.5084682069214366,0.4740778841066188,1.4474836935999997,3.3087330284498893,0.0,4.051062016686921e-16,0.0,fixed12,4.269924555583283e-07,1.4567795701277059e-06,1.0846200480305784e-06,4.0217781120911604e-07,1.534004188833311e-16,4.0901343325564793e-07,1.2508675409360143e-06,3.769675152011304e-07,4.94330418728608e-06,2.963313545379119e-06,4.830299570124931e-07,1.368446949978619e-06,1.368446949978619e-06,nan,3.3087330284498893,2.445939685745872e-15,reference
dev_ring,annular,3,2.4098579702860423,0.09334950336493351,1.0559277448450055,0.3318545188746331,1.01323858552,3.3087330284498893,0.0,4.051062016686921e-16,2.220446049250313e-16,fixed12,4.2699245557310567e-07,1.456779570057651e-06,1.0846200476961177e-06,4.0217781122584367e-07,2.1914345554761584e-16,4.0901343325564793e-07,1.2508675405566677e-06,3.769675154180194e-07,4.94330418742377e-06,2.963313543222757e-06,4.830299570197706e-07,9.579128652514868e-07,9.579128650294422e-07,nan,3.3087330284498893,1.7316315031590592e-15,reference
dev_holes,perforated,0,6.294257832266551,1.034111994647295,4.887442567713493,1.0,3.3953564846871633,4.279850039577478,0.0,4.927371871816309e-16,0.0,fixed12,3.4172472549453945e-07,1.340870207370089e-06,1.3345560439556855e-06,0.0,5.065451883037846e-07,9.65612079649429e-07,1.4929768719026398e-06,1.4757317984916115e-07,5.0044426973283245e-06,3.981317073034304e-06,5.050768674073696e-07,3.288211630616035e-06,0.0,nan,2.487136174462788,3.248215555862658e-15,reference
dev_holes,perforated,1,1.8619677207415326,0.1035173953990643,1.102963910331665,0.3077578253888587,1.3951473992034527e-16,4.279850039577478,0.0,4.927371871816309e-16,1.3951473992034527e-16,fixed12,7.861930086170122e-07,2.264315399560398e-06,1.6522630684938603e-06,4.003133221908807e-07,0.018782746687389166,9.65612079649429e-07,1.881107193121805e-06,5.106919862291335e-07,8.941826260754355e-06,4.8697479164907615e-06,1.987139917238629e-06,6.380183479491276e-08,6.380183491218738e-08,nan,2.487136174462788,1.1233066794381174e-15,reference
dev_holes,perforated,2,2.8702898583418746,0.4415855542624423,2.3025503222969363,0.6505310564541094,2.187070943852445,4.279850039577478,0.0,4.927371871816309e-16,0.0,fixed12,9.557026163262241e-07,2.19372648460833e-06,1.3510454285000939e-06,1.2523945298296728e-06,3.001699324186133e-07,9.65612079649429e-07,1.4994055093037072e-06,8.557896563909975e-07,7.006352931598659e-06,3.6734099351337927e-06,8.584787178833026e-07,3.925154791325592e-06,3.6279484709744736e-06,nan,2.487136174462788,2.3209617485138186e-15,reference
dev_holes,perforated,3,2.009202900839312,0.21637692158859664,1.6117852256078549,0.45537173951787646,1.5309496606967115,4.279850039577478,0.0,4.927371871816309e-16,2.220446049250313e-16,fixed12,9.557026163189932e-07,2.193726484605909e-06,1.3510454284251217e-06,1.252394529829673e-06,3.0016993269418404e-07,9.65612079649429e-07,1.4994055092004296e-06,8.557896563942291e-07,7.0063529319342875e-06,3.673409935916538e-06,8.58478717876684e-07,2.7476083541188592e-06,2.5395639295933137e-06,nan,2.487136174462788,1.2377634540206229e-15,reference
dev_pattern,patterned,0,6.233317500623647,2.42277616149679,4.626967555410177,1.0,4.538920981114258,4.538920981114259,0.0,4.3193662226360623e-16,0.0,fixed12,6.81970540270277e-07,2.670654733395014e-06,1.149292734088359e-06,0.0,2.3353677658400758e-07,2.3353677736672998e-07,1.2360566600259053e-06,3.699082099264401e-07,1.2577242209549894e-05,3.889203920271185e-06,3.056802293649273e-07,1.970731011269322e-06,0.0,nan,4.538920981114259,5.004013359303342e-15,reference
dev_pattern,patterned,1,1.0892868003078753,0.04351885753230196,0.8173690168473605,0.11036639538137324,2.092721098805179e-16,4.538920981114259,0.0,4.3193662226360623e-16,2.092721098805179e-16,fixed12,2.697935337652438e-06,8.649043220514097e-06,8.77848745959856e-06,1.7414332786733174e-07,0.055805895968138106,2.3353677736672998e-07,9.683926264916144e-06,1.4357578804729046e-06,3.4534926363669894e-05,3.3968008331348893e-05,3.5452396708279786e-06,1.709796632839149e-07,1.7097966307464277e-07,nan,4.538920981114259,7.744068676474746e-16,reference
dev_pattern,patterned,2,1.9409792840682023,0.22784862969320516,1.3639626143530303,0.30574667303797215,1.4474836936000004,4.538920981114259,0.0,4.3193662226360623e-16,6.661338147750939e-16,fixed12,9.097507047375046e-07,3.4053822488194506e-06,2.2310765862957743e-06,2.4318529821820764e-07,0.0,2.3353677736672998e-07,2.4220566516425317e-06,4.1973246524942157e-07,1.1047897338994371e-05,8.326829753142361e-06,3.9713795045851354e-07,5.906852869053125e-07,5.906852862391787e-07,nan,4.538920981114259,1.912632346762771e-15,reference
dev_pattern,patterned,3,1.3586854988477415,0.1116458285496705,0.9547738300471211,0.2140226711265805,1.0132385855199997,4.538920981114259,0.0,4.3193662226360623e-16,0.0,fixed12,9.097507047093574e-07,3.4053822487742123e-06,2.23107658630382e-06,2.431852980885225e-07,2.191434555476159e-16,2.3353677736672998e-07,2.4220566516527406e-06,4.1973246534568506e-07,1.1047897338653965e-05,8.326829753754524e-06,3.97137950442377e-07,4.134797011445812e-07,4.134797011445812e-07,nan,4.538920981114259,1.3249267819503385e-15,reference
dev_stack,shield_stack,0,6.211699281047707,1.1655598105274854,4.80283674216385,1.0,2.3113901956736984,2.311390195673699,0.0,6.332630792383247e-16,0.0,fixed12,3.9148833901902794e-07,1.1165746273493882e-06,1.2227849448519322e-06,0.0,9.996578045548572e-07,9.996578051312506e-07,1.142909324892747e-06,1.3712760441834777e-06,4.212717224843307e-06,3.5335737175613586e-06,7.427801756307578e-07,2.3424797541693465e-06,0.0,nan,2.311390195673699,3.526436405924923e-15,reference
dev_stack,shield_stack,1,1.3044509960447277,0.05959239023751602,1.3742617732617417,0.17328920286480531,2.092721098805179e-16,2.311390195673699,0.0,6.332630792383247e-16,2.092721098805179e-16,fixed12,9.857937252486691e-07,2.6967544209184742e-06,1.724509183781588e-06,1.944741661801815e-07,0.027902947984069053,9.996578051312506e-07,2.0012885285309915e-06,7.478834271746488e-07,8.191265818352413e-06,6.23530677341148e-06,1.966983831776947e-06,2.0716248859393512e-07,2.07162488384663e-07,nan,2.311390195673699,8.064192848000979e-16,reference
dev_stack,shield_stack,2,3.9694745227602826,0.473943179171208,3.0317888215980773,0.6355025293198495,1.4474836935999997,2.311390195673699,0.0,6.332630792383247e-16,0.0,fixed12,1.0953533795288087e-06,1.7008079973350968e-06,1.614759735988834e-06,1.0069196068206216e-06,1.5340041888333116e-16,9.996578051312506e-07,1.6209787495063537e-06,5.864595798335175e-07,4.410218334013139e-06,6.152861058946922e-06,7.974053704816388e-07,1.4417383560338948e-06,1.4417383560338948e-06,nan,2.311390195673699,2.9459736815435024e-15,reference
dev_stack,shield_stack,3,2.778632165932197,0.23223215779389175,2.1222521751186534,0.4448517705238945,1.0132385855199995,2.311390195673699,0.0,6.332630792383247e-16,2.220446049250313e-16,fixed12,1.0953533796941595e-06,1.7008079975084097e-06,1.6147597360110623e-06,1.0069196069953215e-06,2.1914345554761594e-16,9.996578051312506e-07,1.6209787495358279e-06,5.864595795535867e-07,4.410218334731014e-06,6.152861057200476e-06,7.974053704215155e-07,1.0092168492015219e-06,1.0092168494235665e-06,nan,2.311390195673699,2.330030695223815e-15,reference
dev_ring,annular,0,7.0684284527429435,0.8475345645430004,3.267240048678872,1.0,3.3088236373850304,3.3088236373850317,0.0,5.30976366363555e-16,0.0,coarse,1.9577232462458892e-05,7.617442045410707e-05,5.665903277724645e-05,0.0,2.7793807377332796e-05,2.779380737813811e-05,6.497396350485472e-05,1.716431415821973e-05,0.0002914203899676629,0.00014677118238808927,2.5983383839354976e-05,0.00021162510121186529,0.0,nan,3.3088236373850317,3.5619145448572575e-15,reference
dev_ring,annular,1,2.8146413533909733,0.13577279414515525,1.1046755333906213,0.3097835285515065,6.975736996017264e-17,3.3088236373850317,0.0,5.30976366363555e-16,6.975736996017264e-17,coarse,3.451149243759675e-05,0.00011655404908074816,7.2986206475784e-05,1.335702733191344e-05,0.0,2.779380737813811e-05,8.564566723561874e-05,2.6508419475331235e-05,0.00034061643470563316,0.00020042708061945752,0.00010589190288070715,1.308525501851727e-06,1.3085255019214843e-06,nan,3.3088236373850317,1.6593502827349137e-15,reference
dev_ring,annular,2,3.442582959477651,0.19049318822609934,1.5084208094687401,0.4740651772524757,1.4474836935999997,3.3088236373850317,0.0,5.30976366363555e-16,0.0,coarse,2.830864146274042e-05,9.4566193743235e-05,7.102464369674904e-05,2.7205472077073943e-05,1.534004188833311e-16,2.779380737813811e-05,8.177561486333505e-05,2.578658698632885e-05,0.0003183812356362901,0.00020001442279016763,3.0710290274253286e-05,9.197977277852765e-05,9.197977277852765e-05,nan,3.3088236373850317,2.334486071187923e-15,reference
dev_ring,annular,3,2.4098080716343553,0.09334166223078863,1.0558945666281174,0.3318456240767329,1.0132385855199997,3.3088236373850317,0.0,5.30976366363555e-16,0.0,coarse,2.8308641462815293e-05,9.456619374324768e-05,7.102464369670996e-05,2.7205472077174313e-05,4.382869110952317e-16,2.779380737813811e-05,8.177561486335893e-05,2.578658698639527e-05,0.0003183812356379138,0.0002000144227901422,3.071029027422618e-05,6.438584094481392e-05,6.438584094481392e-05,nan,3.3088236373850317,1.6236759216006666e-15,reference
dev_holes,perforated,0,6.29429311497321,1.0340952429553867,4.887410567210512,1.0,3.395463251020162,4.280079190018133,3.6683724505506714e-17,6.204462573104075e-16,0.0,coarse,2.171552138203719e-05,8.408111555797948e-05,8.245928267054179e-05,0.0,3.247317376408047e-05,6.193100001022063e-05,9.221944677088425e-05,9.770858112851016e-06,0.0002982187231696449,0.00024298057977920366,3.172982435862708e-05,0.00021146361727329723,0.0,nan,2.487340957033272,3.286389029045567e-15,reference
dev_holes,perforated,1,1.8618977833228396,0.10350321725780484,1.102909833819035,0.30775011605616726,1.559822211625478e-16,4.280079190018133,3.6683724505506714e-17,6.204462573104075e-16,1.559822211625478e-16,coarse,5.1134501359181935e-05,0.00014524681094141886,0.00010665937840242349,2.5553007220727797e-05,0.01257568871164569,6.193100001022063e-05,0.00012116798567412549,3.334396138537245e-05,0.0005790591999321448,0.0003299435376033322,0.00012726177359158276,5.289199952188078e-06,5.289199952157292e-06,nan,2.487340957033272,1.240295067039648e-15,reference
dev_holes,perforated,2,2.870251714935211,0.44151721117205,2.3025075922834946,0.6504905164578118,2.1871018792805796,4.280079190018133,3.6683724505506714e-17,6.204462573104075e-16,2.220446049250313e-16,coarse,6.151802669401256e-05,0.00014130025120224465,8.437824821834327e-05,8.027589623163814e-05,1.9168502647322877e-05,6.193100001022063e-05,9.349796965751549e-05,5.457796092956407e-05,0.0004567609666175303,0.0002250337169167209,5.565310069376573e-05,0.00025354751248473376,0.00023422636230607807,nan,2.487340957033272,2.3496568041598984e-15,reference
dev_holes,perforated,3,2.009176200454647,0.2163434334743044,1.6117553145984456,0.4553433615204681,1.530971315496405,4.280079190018133,3.6683724505506714e-17,6.204462573104075e-16,2.220446049250313e-16,coarse,6.151802669400259e-05,0.00014130025120221156,8.437824821837664e-05,8.027589623163815e-05,1.9168502647221355e-05,6.193100001022063e-05,9.349796965752192e-05,5.4577960929516584e-05,0.00045676096661716127,0.0002250337169167174,5.565310069375618e-05,0.00017748325873929012,0.00016395845361438788,nan,2.487340957033272,1.1774590931598336e-15,reference
dev_pattern,patterned,0,6.23336756512293,2.4227667470233234,4.626882837318548,1.0,4.538986942981549,4.53898694298155,0.0,4.233665650627234e-16,0.0,coarse,4.387519580439985e-05,0.00017223562362197353,7.424443588502691e-05,0.0,1.4766039759096369e-05,1.4766039759879099e-05,7.986621784923333e-05,2.4174367605106202e-05,0.0007904846509454486,0.00024585810288917646,1.9518898849737678e-05,0.00012335300648746994,0.0,nan,4.53898694298155,4.939474011627456e-15,reference
dev_pattern,patterned,1,1.08919289980325,0.04351362362038654,0.817175931424252,0.11036518835947266,6.975736996017264e-17,4.53898694298155,0.0,4.233665650627234e-16,6.975736996017264e-17,coarse,0.00017390185229985942,0.0005540863343576116,0.0005656635399175512,1.1110639769704921e-05,0.04185442197610358,1.4766039759879099e-05,0.0006237627616540248,9.32699545333015e-05,0.0022635804905527432,0.0021766131004462307,0.0002280726660516761,1.1226589688187048e-05,1.1226589688117291e-05,nan,4.53898694298155,7.795305953175352e-16,reference
dev_pattern,patterned,2,1.9409580014579582,0.22784031564730078,1.3639097995372689,0.30574205258827486,1.4474836936000004,4.53898694298155,0.0,4.233665650627234e-16,6.661338147750939e-16,coarse,5.8729681889893915e-05,0.0002198535604166274,0.00014264577434357144,1.5355201163361794e-05,0.0,1.4766039759879099e-05,0.00015459905511134398,2.7037984170013886e-05,0.0007241839943517255,0.000545543496914605,2.548467246588423e-05,3.6935823043871e-05,3.693582304320486e-05,nan,4.53898694298155,1.8507483392828527e-15,reference
dev_pattern,patterned,3,1.3586706010205707,0.11164175466717738,0.9547368596760885,0.2140194368117924,1.01323858552,4.53898694298155,0.0,4.233665650627234e-16,2.220446049250313e-16,coarse,5.8729681889868104e-05,0.0002198535604166034,0.00014264577434345053,1.535520116323211e-05,0.0,1.4766039759879099e-05,0.0001545990551111886,2.7037984170100744e-05,0.000724183994351621,0.0005455434969147908,2.548467246590735e-05,2.585507613117599e-05,2.5855076130953947e-05,nan,4.53898694298155,1.4232462615198378e-15,reference
dev_stack,shield_stack,0,6.211684369496883,1.1655233365283544,4.802795701755764,1.0,2.3115281346885155,2.3115281346885155,0.0,6.076872875031173e-16,0.0,coarse,2.839982246731411e-05,9.048912035644982e-05,8.99287721517529e-05,0.0,6.067766153021987e-05,6.067766153060415e-05,8.448395988445782e-05,8.735454900113007e-05,0.0003217970212100325,0.0002564415406740091,6.179554766198579e-05,0.00012281857474905067,0.0,nan,2.3115281346885155,3.4805833508278875e-15,reference
dev_stack,shield_stack,1,1.3043984987029442,0.05958034796003442,1.3741883685723093,0.1732868438449424,6.975736996017264e-17,2.3115281346885155,0.0,6.076872875031173e-16,6.975736996017264e-17,coarse,6.574714761076804e-05,0.0001850295260112367,0.00011814051192268818,1.3807667401284418e-05,0.013951473992034526,6.067766153060415e-05,0.00013688816796392315,4.983087952117288e-05,0.000522088666134731,0.000395277388864196,0.0001377045253409854,1.375415334140604e-05,1.3754153341336283e-05,nan,2.3115281346885155,8.213347778214027e-16,reference
dev_stack,shield_stack,2,3.9692224247526595,0.4738698256115891,3.031576895374312,0.6354640599374876,1.4474836935999997,2.3115281346885155,0.0,6.076872875031173e-16,0.0,coarse,7.062934226088362e-05,0.00011903573373993898,0.00011512537687625639,6.154065763546e-05,1.5340041888333116e-16,6.067766153060415e-05,0.00011475589060122316,4.3161419264307736e-05,0.00035205242046472163,0.00044927360113105295,6.544151799591968e-05,7.483831073096248e-05,7.483831073096248e-05,nan,2.3115281346885155,3.084654437928436e-15,reference
dev_stack,shield_stack,3,2.778455697326861,0.2321962145496786,2.1221038267620185,0.4448248419562412,1.0132385855199997,2.3115281346885155,0.0,6.076872875031173e-16,0.0,coarse,7.062934226088049e-05,0.00011903573373992037,0.00011512537687586693,6.154065763546e-05,0.0,6.067766153060415e-05,0.00011475589060079494,4.316141926478704e-05,0.000352052420464557,0.0004492736011256172,6.544151799593935e-05,5.238681751129626e-05,5.238681751129626e-05,nan,2.3115281346885155,2.2970910958780186e-15,reference
dev_ring,annular,0,7.0683734969456244,0.8475559320628503,3.2672588514627345,1.0,3.30873175419071,3.3087317541907098,0.0,5.184687590227428e-16,0.0,refined,1.7253726432048645e-08,6.989334833820717e-08,5.106379878487735e-08,0.0,2.389330097920915e-08,2.3893301247643867e-08,5.866896445079024e-08,1.4189847755721895e-08,2.8175811274638223e-07,1.3412816319453076e-07,2.4153713195672142e-08,1.8428462311703697e-07,0.0,nan,3.3087317541907098,3.569796655841641e-15,reference
dev_ring,annular,1,2.8147048577946028,0.13578694100324876,1.1047014840776461,0.30978766249387407,6.975736996017264e-17,3.3087317541907098,0.0,5.184687590227428e-16,6.975736996017264e-17,refined,3.196021563046632e-08,1.06821548923354e-07,6.547531846373197e-08,1.2589137480487253e-08,0.013951473992034526,2.3893301247643867e-08,7.674251126588682e-08,2.4618606289980347e-08,3.123625265884251e-07,1.8407935558800387e-07,9.721148810988632e-08,4.215527156126781e-10,4.2155264585530817e-10,nan,3.3087317541907098,1.7573870973227028e-15,reference
dev_ring,annular,2,3.4426552595132303,0.1905094183356134,1.5084688697376432,0.4740780636264127,1.4474836935999997,3.3087317541907098,0.0,5.184687590227428e-16,0.0,refined,2.5019298491370698e-08,8.556340634156811e-08,6.36534486308192e-08,2.35064415066681e-08,1.534004188833311e-16,2.3893301247643867e-08,7.342131012506614e-08,2.201283587786431e-08,2.904772483902118e-07,1.7321654459445386e-07,2.8439738338000958e-08,8.004716889331576e-08,8.004716889331576e-08,nan,3.3087317541907098,2.678976049596688e-15,reference
dev_ring,annular,3,2.4098586816592613,0.09334961498445055,1.0559282088163502,0.33185464453848884,1.01323858552,3.3087317541907098,0.0,5.184687590227428e-16,2.220446049250313e-16,refined,2.5019298466942013e-08,8.556340636759099e-08,6.36534483293689e-08,2.3506441456485455e-08,2.1914345554761584e-16,2.3893301247643867e-08,7.342130975372465e-08,2.201283585571279e-08,2.9047724871737313e-07,1.7321654239224755e-07,2.8439738375797524e-08,5.603301822532103e-08,5.6033018003276425e-08,nan,3.3087317541907098,1.6987709770962774e-15,reference
dev_holes,perforated,0,6.294257311481875,1.0341122415955701,4.88744303202047,1.0,3.3953548924022794,4.279846623224186,3.668571789848299e-17,4.852839691890341e-16,0.0,refined,2.011823792740336e-08,7.90470344930578e-08,7.878245743185235e-08,0.0,2.9776587879173543e-08,5.6767590828369566e-08,8.813711990825871e-08,8.651314966419343e-09,2.964089525855822e-07,2.3531761071904667e-07,2.9774860591228916e-08,1.9325433723751502e-07,0.0,nan,2.4871331223349102,3.279318016573807e-15,reference
dev_holes,perforated,1,1.8619687467110788,0.10351760302055363,1.1029646913204691,0.3077579408877091,6.975736996017264e-17,4.279846623224186,3.668571789848299e-17,4.852839691890341e-16,6.975736996017264e-17,refined,4.614641703137999e-08,1.331477355610176e-07,9.702463703356916e-08,2.353469476067497e-08,0.0034878684980086316,5.6767590828369566e-08,1.1048896437760139e-07,2.9958591469336604e-08,5.253523123337801e-07,2.839750451157526e-07,1.1687909020180116e-07,3.6422013378994152e-09,3.642201300842539e-09,nan,2.4871331223349102,1.1523259487257114e-15,reference
dev_holes,perforated,2,2.870290438877721,0.441586569200332,2.3025509620530573,0.6505316611832739,2.187070480655401,4.279846623224186,3.668571789848299e-17,4.852839691890341e-16,2.220446049250313e-16,refined,5.6176442217578195e-08,1.289542052598054e-07,7.96676191722367e-08,7.363523707462052e-08,1.765227035582166e-08,5.6767590828369566e-08,8.843057812825974e-08,5.034359424813624e-08,4.1122459457867606e-07,2.169963014452274e-07,5.0436475905487047e-08,2.3059710569896502e-07,2.1315212173078635e-07,nan,2.4871331223349102,2.268705572496649e-15,reference
dev_holes,perforated,3,2.0092033072144044,0.21637741890816264,1.6117856734371399,0.4553721628282916,1.5309493364587805,4.279846623224186,3.668571789848299e-17,4.852839691890341e-16,2.220446049250313e-16,refined,5.6176442178627034e-08,1.2895420523064006e-07,7.966761892419437e-08,7.363523697709828e-08,1.7652270428340265e-08,5.6767590828369566e-08,8.843057787520466e-08,5.034359393947214e-08,4.1122459474648896e-07,2.169963018851971e-07,5.0436475898092284e-08,1.614179740013281e-07,1.4920648516714152e-07,nan,2.4871331223349102,1.2025334344420278e-15,reference
dev_pattern,patterned,0,6.233316746026304,2.422776304522052,4.626968846769415,1.0,4.538919983513027,4.538919983513027,0.0,3.748636454641333e-16,0.0,refined,4.0085769442930206e-08,1.5692840160347388e-07,6.756388329069846e-08,0.0,1.3748534381966485e-08,1.3748534969008191e-08,7.266604179935296e-08,2.1712463211083418e-08,7.406837703072101e-07,2.294493649791953e-07,1.798463112331322e-08,1.1616438833073062e-07,0.0,nan,4.538919983513027,5.055978273301853e-15,reference
dev_pattern,patterned,1,1.0892881897004123,0.043518935157348754,0.8173719207597001,0.11036641347027892,3.487868498008632e-16,4.538919983513027,0.0,3.748636454641333e-16,3.487868498008632e-16,refined,1.5855456186110958e-07,5.086780598272665e-07,5.159623666759058e-07,1.0244684024487715e-08,0.0,1.3748534969008191e-08,5.692118936767148e-07,8.428865045553224e-08,2.02384635346576e-06,1.9973832687093884e-06,2.0837638549664054e-07,1.0029862538497937e-08,1.0029862887284787e-08,nan,4.538919983513027,8.414867375195009e-16,reference
dev_pattern,patterned,2,1.9409796053072912,0.22784875562444734,1.3639634085830559,0.3057467430131592,1.4474836936000008,4.538919983513027,0.0,3.748636454641333e-16,1.1102230246251565e-15,refined,5.3456351535289064e-08,2.0009517421658944e-07,1.3127963298868214e-07,1.431880125377802e-08,3.0680083776666213e-16,1.3748534969008191e-08,1.425478478650525e-07,2.4664857747093492e-08,6.474964494677866e-07,4.887824397554908e-07,2.3350764011476406e-08,3.48215576373434e-08,3.482155652712038e-08,nan,4.538919983513027,1.7279735451304207e-15,reference
dev_pattern,patterned,3,1.3586857237151038,0.11164589025597915,0.954774386008139,0.2140227201092114,1.0132385855200001,4.538919983513027,0.0,3.748636454641333e-16,4.440892098500626e-16,refined,5.345635153105786e-08,2.000951742152103e-07,1.312796329990939e-07,1.4318801253778023e-08,2.191434555476159e-16,1.3748534969008191e-08,1.4254784788054296e-07,2.4664857894047567e-08,6.474964494546941e-07,4.887824400279647e-07,2.3350763987860446e-08,2.4375090834638513e-08,2.4375090390549303e-08,nan,4.538919983513027,1.2787289097794272e-15,reference
dev_stack,shield_stack,0,6.211699339076301,1.165560378155365,4.802836903618322,1.0,2.311388021911547,2.3113880219115464,0.0,5.605896587264184e-16,0.0,refined,2.303042168493406e-08,6.547116746490616e-08,7.178386684000643e-08,0.0,5.9200270080235144e-08,5.9200270272366145e-08,6.707938761509156e-08,8.096590195393835e-08,2.471684572222815e-07,2.110101024710995e-07,4.366993593392794e-08,1.3801179843397904e-07,0.0,nan,2.3113880219115464,3.4542051514827483e-15,reference
dev_stack,shield_stack,1,1.3044517569336875,0.059592566502284616,1.3742627918276544,0.17328923455810002,6.975736996017264e-17,2.3113880219115464,0.0,5.605896587264184e-16,6.975736996017264e-17,refined,5.792345026237924e-08,1.5846431492436127e-07,1.0131760197520067e-07,1.1581706503595931e-08,0.013951473992034526,5.9200270272366145e-08,1.1759863501475585e-07,4.387050567371239e-08,4.804515667089436e-07,3.6574225761106383e-07,1.1558426538248301e-07,1.2112952586019564e-08,1.2112952516262194e-08,nan,2.3113880219115464,7.675171248862646e-16,reference
dev_stack,shield_stack,2,3.969478343750213,0.4739443163090581,3.0317917961046494,0.6355031313419985,1.4474836935999997,2.3113880219115464,0.0,5.605896587264184e-16,0.0,refined,6.48041703598969e-08,1.0015508814586897e-07,9.512525218577464e-08,5.960387626410472e-08,1.5340041888333116e-16,5.9200270272366145e-08,9.552524661542508e-08,3.4227880168959537e-08,2.5588883188916997e-07,3.6116247032430107e-07,4.688156166554382e-08,8.493305392320849e-08,8.493305392320849e-08,nan,2.3113880219115464,2.8883083362388497e-15,reference
dev_stack,shield_stack,3,2.7786348406251484,0.2322327149914384,2.1222542572732546,0.4448521919393989,1.01323858552,2.3113880219115464,0.0,5.605896587264184e-16,2.220446049250313e-16,refined,6.480417038500704e-08,1.0015508816924456e-07,9.512525199143928e-08,5.9603876289061854e-08,2.1914345554761594e-16,5.9200270272366145e-08,9.55252463896709e-08,3.4227880436241405e-08,2.558888317837924e-07,3.611624661112608e-07,4.688156162337827e-08,5.945313819033515e-08,5.945313796829055e-08,nan,2.3113880219115464,2.1373259310776817e-15,reference
dev_ring,annular,0,7.068373449955509,0.8475559505133804,3.267258866223051,1.0,3.3087316751341884,3.308731675134187,0.0,5.035640442382913e-16,0.0,reference,0.0,0.0,0.0,0.0,0.0,0.0,0.0,0.0,0.0,0.0,3.3453759208275963e-16,4.440892098500626e-16,0.0,nan,3.308731675134187,3.6239739036465605e-15,reference
dev_ring,annular,1,2.814704917950511,0.13578695413621666,1.104701509290395,0.3097876663938336,6.975736996017264e-17,3.308731675134187,0.0,5.035640442382913e-16,6.975736996017264e-17,reference,0.0,0.0,0.0,0.0,0.0,0.0,0.0,0.0,0.0,0.0,1.2401918295153702e-15,1.3951473992034527e-16,2.092721098805179e-16,nan,3.308731675134187,1.795764395403038e-15,reference
dev_ring,annular,2,3.4426553226641308,0.19050943248889246,1.5084689108266247,0.4740780747703012,1.4474836936,3.308731675134187,0.0,5.035640442382913e-16,2.220446049250313e-16,reference,0.0,0.0,0.0,0.0,0.0,0.0,0.0,0.0,0.0,0.0,3.36474538872543e-16,2.220446049250313e-16,0.0,nan,3.308731675134187,2.5718229172786404e-15,reference
dev_ring,annular,3,2.409858725864891,0.09334962191955727,1.055928237578637,0.3318546523392108,1.0132385855200001,3.308731675134187,0.0,5.035640442382913e-16,4.440892098500626e-16,reference,0.0,0.0,0.0,0.0,0.0,0.0,0.0,0.0,0.0,0.0,3.7191644237066683e-16,2.220446049250313e-16,2.220446049250313e-16,nan,3.308731675134187,1.6806658482242995e-15,reference
dev_holes,perforated,0,6.294257278980095,1.0341122570027632,4.887443060922334,1.0,3.395354792957822,4.279846409840885,0.0,5.218390213105802e-16,0.0,reference,0.0,0.0,0.0,0.0,0.0,0.0,0.0,0.0,0.0,0.0,1.5500350113023883e-16,0.0,0.0,nan,2.4871329316966766,3.2584005805039233e-15,reference
dev_holes,perforated,1,1.8619688106517673,0.10351761595969501,1.1029647398625027,0.30775794810217366,7.79911105812739e-17,4.279846409840885,0.0,5.218390213105802e-16,7.79911105812739e-17,reference,0.0,0.0,0.0,0.0,0.0,0.0,0.0,0.0,0.0,0.0,7.411046745045107e-16,0.0,7.79911105812739e-17,nan,2.4871329316966766,1.1167355065902281e-15,reference
dev_holes,perforated,2,2.8702904752195924,0.4415866325734984,2.3025510020339595,0.6505316989597639,2.1870704517139226,4.279846409840885,0.0,5.218390213105802e-16,2.220446049250313e-16,reference,0.0,0.0,0.0,0.0,0.0,0.0,0.0,0.0,0.0,0.0,1.1350553905053513e-16,0.0,2.220446049250313e-16,nan,2.4871329316966766,2.267893821583165e-15,reference
dev_holes,perforated,3,2.0092033326537146,0.21637744996101413,1.6117857014237709,0.45537218927183465,1.5309493161997456,4.279846409840885,0.0,5.218390213105802e-16,2.220446049250313e-16,reference,0.0,0.0,0.0,0.0,0.0,0.0,0.0,0.0,0.0,0.0,1.2605284981143057e-16,0.0,2.220446049250313e-16,nan,2.4871329316966766,1.1814304667495226e-15,reference
dev_pattern,patterned,0,6.23331669883701,2.4227763134757003,4.626968927623529,1.0,4.538919921109531,4.538919921109528,0.0,5.433852751643521e-16,0.0,reference,0.0,0.0,0.0,0.0,0.0,0.0,0.0,0.0,0.0,0.0,6.655416745673242e-16,8.881784197001252e-16,0.0,nan,4.538919921109528,4.9377514238963654e-15,reference
dev_pattern,patterned,1,1.0892882764210123,0.04351894000343575,0.8173721024170009,0.11036641460094797,3.487868498008632e-16,4.538919921109528,0.0,5.433852751643521e-16,3.487868498008632e-16,reference,0.0,0.0,0.0,0.0,0.0,0.0,0.0,0.0,0.0,0.0,1.8740090546898e-15,1.3951473992034527e-16,2.092721098805179e-16,nan,4.538919921109528,7.706668894600488e-16,reference
dev_pattern,patterned,2,1.9409796253989275,0.22784876350365518,1.363963458251428,0.3057467473910861,1.4474836936000004,4.538919921109528,0.0,5.433852751643521e-16,6.661338147750939e-16,reference,0.0,0.0,0.0,0.0,0.0,0.0,0.0,0.0,0.0,0.0,6.903560605869455e-16,0.0,6.661338147750939e-16,nan,4.538919921109528,2.107671176286919e-15,reference
dev_pattern,patterned,3,1.358685737779249,0.11164589411679099,0.9547744207759993,0.21402272317376023,1.01323858552,4.538919921109528,0.0,5.433852751643521e-16,2.220446049250313e-16,reference,0.0,0.0,0.0,0.0,0.0,0.0,0.0,0.0,0.0,0.0,6.814772520584628e-16,0.0,2.220446049250313e-16,nan,4.538919921109528,1.4017113143625055e-15,reference
dev_stack,shield_stack,0,6.21169934296334,1.1655604137843332,4.802836914265653,1.0,2.3113878850767597,2.311387885076759,0.0,6.141619164863385e-16,0.0,reference,0.0,0.0,0.0,0.0,0.0,0.0,0.0,0.0,0.0,0.0,3.8837139917570665e-16,4.440892098500626e-16,0.0,nan,2.311387885076759,3.4985050485723304e-15,reference
dev_stack,shield_stack,1,1.3044518045073668,0.05959257750429915,1.3742628551568987,0.1732892365650851,6.975736996017264e-17,2.311387885076759,0.0,6.141619164863385e-16,6.975736996017264e-17,reference,0.0,0.0,0.0,0.0,0.0,0.0,0.0,0.0,0.0,0.0,5.365558812104966e-16,1.3951473992034527e-16,6.975736996017264e-17,nan,2.311387885076759,8.834922352123283e-16,reference
dev_stack,shield_stack,2,3.9694785842696376,0.4739443877817853,3.0317919834195943,0.6355031692204508,1.4474836935999995,2.311387885076759,0.0,6.141619164863385e-16,2.220446049250313e-16,reference,0.0,0.0,0.0,0.0,0.0,0.0,0.0,0.0,0.0,0.0,4.379447233488839e-16,0.0,2.220446049250313e-16,nan,2.311387885076759,3.2629313950043337e-15,reference
dev_stack,shield_stack,3,2.7786350089887457,0.23223275001307475,2.122254388393716,0.4448522184543155,1.0132385855199997,2.311387885076759,0.0,6.141619164863385e-16,0.0,reference,0.0,0.0,0.0,0.0,0.0,0.0,0.0,0.0,0.0,0.0,4.756053288160244e-16,0.0,0.0,nan,2.311387885076759,2.2586845762518747e-15,reference
dev_ring,annular,0,7.068374254786974,0.8475556347710639,3.267258610941701,1.0,3.3087330284498893,3.3087330284498893,0.0,4.051062016686921e-16,0.0,smoothed_material,2.944557983366975e-07,1.1881886372087497e-06,8.693778384824369e-07,0.0,4.0901343285299573e-07,4.0901343325564793e-07,9.98706436759031e-07,2.4374865066786e-07,4.769195083246264e-06,2.267983213457057e-06,4.099844263643461e-07,3.1502723261134236e-06,0.0,nan,3.3087330284498893,3.600441965564376e-15,reference
dev_ring,annular,1,2.814703897598236,0.13578673097769559,1.1047010825924946,0.3097876002189544,6.975736996017264e-17,3.3087330284498893,0.0,4.051062016686921e-16,6.975736996017264e-17,smoothed_material,5.430869223452607e-07,1.816780188125089e-06,1.1158988591009436e-06,2.1361366628246188e-07,0.013951473992034526,4.0901343325564793e-07,1.3081305091680008e-06,4.181373581563684e-07,5.31245436686661e-06,3.1294029858766408e-06,1.6530250495424308e-06,8.323487331657057e-09,8.323487261899686e-09,nan,3.3087330284498893,1.6632942105280362e-15,reference
dev_ring,annular,2,3.442654243265775,0.1905091905406807,1.5084682069214366,0.4740778841066188,1.4474836935999997,3.3087330284498893,0.0,4.051062016686921e-16,0.0,smoothed_material,4.269924555583283e-07,1.4567795701277059e-06,1.0846200480305784e-06,4.0217781120911604e-07,1.534004188833311e-16,4.0901343325564793e-07,1.2508675409360143e-06,3.769675152011304e-07,4.94330418728608e-06,2.963313545379119e-06,4.830299570124931e-07,1.368446949978619e-06,1.368446949978619e-06,nan,3.3087330284498893,2.445939685745872e-15,reference
dev_ring,annular,3,2.4098579702860423,0.09334950336493351,1.0559277448450055,0.3318545188746331,1.01323858552,3.3087330284498893,0.0,4.051062016686921e-16,2.220446049250313e-16,smoothed_material,4.2699245557310567e-07,1.456779570057651e-06,1.0846200476961177e-06,4.0217781122584367e-07,2.1914345554761584e-16,4.0901343325564793e-07,1.2508675405566677e-06,3.769675154180194e-07,4.94330418742377e-06,2.963313543222757e-06,4.830299570197706e-07,9.579128652514868e-07,9.579128650294422e-07,nan,3.3087330284498893,1.7316315031590592e-15,reference
dev_holes,perforated,0,6.294257832266551,1.034111994647295,4.887442567713493,1.0,3.3953564846871633,4.279850039577478,0.0,4.927371871816309e-16,0.0,smoothed_material,3.4172472549453945e-07,1.340870207370089e-06,1.3345560439556855e-06,0.0,5.065451883037846e-07,9.65612079649429e-07,1.4929768719026398e-06,1.4757317984916115e-07,5.0044426973283245e-06,3.981317073034304e-06,5.050768674073696e-07,3.288211630616035e-06,0.0,nan,2.487136174462788,3.248215555862658e-15,reference
dev_holes,perforated,1,1.8619677207415326,0.1035173953990643,1.102963910331665,0.3077578253888587,1.3951473992034527e-16,4.279850039577478,0.0,4.927371871816309e-16,1.3951473992034527e-16,smoothed_material,7.861930086170122e-07,2.264315399560398e-06,1.6522630684938603e-06,4.003133221908807e-07,0.018782746687389166,9.65612079649429e-07,1.881107193121805e-06,5.106919862291335e-07,8.941826260754355e-06,4.8697479164907615e-06,1.987139917238629e-06,6.380183479491276e-08,6.380183491218738e-08,nan,2.487136174462788,1.1233066794381174e-15,reference
dev_holes,perforated,2,2.8702898583418746,0.4415855542624423,2.3025503222969363,0.6505310564541094,2.187070943852445,4.279850039577478,0.0,4.927371871816309e-16,0.0,smoothed_material,9.557026163262241e-07,2.19372648460833e-06,1.3510454285000939e-06,1.2523945298296728e-06,3.001699324186133e-07,9.65612079649429e-07,1.4994055093037072e-06,8.557896563909975e-07,7.006352931598659e-06,3.6734099351337927e-06,8.584787178833026e-07,3.925154791325592e-06,3.6279484709744736e-06,nan,2.487136174462788,2.3209617485138186e-15,reference
dev_holes,perforated,3,2.009202900839312,0.21637692158859664,1.6117852256078549,0.45537173951787646,1.5309496606967115,4.279850039577478,0.0,4.927371871816309e-16,2.220446049250313e-16,smoothed_material,9.557026163189932e-07,2.193726484605909e-06,1.3510454284251217e-06,1.252394529829673e-06,3.0016993269418404e-07,9.65612079649429e-07,1.4994055092004296e-06,8.557896563942291e-07,7.0063529319342875e-06,3.673409935916538e-06,8.58478717876684e-07,2.7476083541188592e-06,2.5395639295933137e-06,nan,2.487136174462788,1.2377634540206229e-15,reference
dev_pattern,patterned,0,6.255587360485131,2.423506188706966,4.590333314298079,1.0,4.5605842055741315,4.5605842055741315,0.0,7.247491752283473e-16,0.0,smoothed_material,0.017208459861325288,0.07150784323726658,0.07300658981543438,0.0,0.004773004336085505,0.004773004336086095,0.08105190384628669,0.005467473842512395,0.40608994310654956,0.3572677109127731,0.03093435073586953,0.0687950380682576,0.0,nan,4.5605842055741315,4.954122727265376e-15,reference
dev_pattern,patterned,1,1.0729648767798619,0.04348217821853352,0.7699381613531707,0.11072865662588055,2.092721098805179e-16,4.5605842055741315,0.0,7.247491752283473e-16,2.092721098805179e-16,smoothed_material,0.05672776943772751,0.20773740322257933,0.2722604065577798,0.0032821762511932783,0.013951473992034526,0.004773004336086095,0.30242948837728795,0.018214279243650107,1.2029937678187237,1.2451917247046032,0.08981468149504565,0.000886707201049825,0.0008867072010496158,nan,4.5605842055741315,8.229635858212965e-16,reference
dev_pattern,patterned,2,1.9385312980105418,0.22617835224918664,1.3492838638444968,0.3044644170775455,1.4474836936000004,4.5605842055741315,0.0,7.247491752283473e-16,6.661338147750939e-16,smoothed_material,0.01626087855886985,0.07350941979275445,0.06621003989127337,0.004194093067162965,0.0,0.004773004336086095,0.07403485575169791,0.00481975555795673,0.39977272766639116,0.3264042667090366,0.028846136107541186,0.018959588780049552,0.018959588780048886,nan,4.5605842055741315,1.8991197710868733e-15,reference
dev_pattern,patterned,3,1.356971908607379,0.11082739260210141,0.9444987046911476,0.2131250919542818,1.0132385855200001,4.5605842055741315,0.0,7.247491752283473e-16,4.440892098500626e-16,smoothed_material,0.016260878558869846,0.0735094197927544,0.06621003989127337,0.004194093067163018,2.191434555476159e-16,0.004773004336086095,0.07403485575169787,0.004819755557956783,0.39977272766639094,0.32640426670903644,0.02884613610754115,0.013271712146034731,0.013271712146034287,nan,4.5605842055741315,1.4191662918286644e-15,reference
dev_stack,shield_stack,0,6.211699276071115,1.1655598070853528,4.802836735586018,1.0,2.311390207916824,2.311390207916824,0.0,5.939871159085715e-16,0.0,smoothed_material,3.919863228196406e-07,1.1127837748847718e-06,1.2233644989217025e-06,0.0,1.0049546764920466e-06,1.004954676876309e-06,1.1429635185904069e-06,1.3800310660704197e-06,4.202248638378995e-06,3.581569966788569e-06,7.422358637451722e-07,2.3431309914556664e-06,0.0,nan,2.311390207916824,3.4633092754923604e-15,reference
dev_stack,shield_stack,1,1.3044509963307154,0.05959239031058124,1.374261775311692,0.17328920275974952,1.3951473992034527e-16,2.311390207916824,0.0,5.939871159085715e-16,1.3951473992034527e-16,smoothed_material,9.852857802583957e-07,2.6951006951073508e-06,1.7235541905669566e-06,1.9508041155050646e-07,0.006975736996017263,1.004954676876309e-06,2.000279717811626e-06,7.467733463928463e-07,8.181825625844783e-06,6.227293034785619e-06,1.9651596195082223e-06,2.0713091152527523e-07,2.0713091166478997e-07,nan,2.311390207916824,8.291950996659884e-16,reference
dev_stack,shield_stack,2,3.9694744983381525,0.4739431727555855,3.031788801734835,0.6355025259087932,1.4474836935999997,2.311390207916824,0.0,5.939871159085715e-16,0.0,smoothed_material,1.1012547317522734e-06,1.7024707832233357e-06,1.6195525504328545e-06,1.0122870959087875e-06,1.5340041888333116e-16,1.004954676876309e-06,1.6259779793386434e-06,5.897321804000957e-07,4.348646140676221e-06,6.160188321563507e-06,7.972464411970918e-07,1.441950215896881e-06,1.441950215896881e-06,nan,2.311390207916824,3.2067413326365572e-15,reference
dev_stack,shield_stack,3,2.778632148836706,0.23223215465023686,2.122252161214385,0.4448517681361552,1.0132385855199997,2.311390207916824,0.0,5.939871159085715e-16,0.0,smoothed_material,1.101254731734776e-06,1.7024707832810144e-06,1.6195525501857602e-06,1.0122870958838307e-06,0.0,1.004954676876309e-06,1.6259779790635616e-06,5.897321804485313e-07,4.348646141108397e-06,6.160188317378702e-06,7.972464411999635e-07,1.0093651510167945e-06,1.0093651510167945e-06,nan,2.311390207916824,2.0987408428956916e-15,reference
dev_ring,annular,0,7.068374254786974,0.8475556347710639,3.267258610941701,1.0,3.3087330284498893,3.3087330284498893,0.0,4.051062016686921e-16,0.0,no_coupling,2.944557983366975e-07,1.1881886372087497e-06,8.693778384824369e-07,0.0,4.0901343285299573e-07,4.0901343325564793e-07,9.98706436759031e-07,2.4374865066786e-07,4.769195083246264e-06,2.267983213457057e-06,4.099844263643461e-07,3.1502723261134236e-06,0.0,nan,3.3087330284498893,3.600441965564376e-15,reference
dev_ring,annular,1,2.814703897598236,0.13578673097769559,1.1047010825924946,0.3097876002189544,6.975736996017264e-17,3.3087330284498893,0.0,4.051062016686921e-16,6.975736996017264e-17,no_coupling,5.430869223452607e-07,1.816780188125089e-06,1.1158988591009436e-06,2.1361366628246188e-07,0.013951473992034526,4.0901343325564793e-07,1.3081305091680008e-06,4.181373581563684e-07,5.31245436686661e-06,3.1294029858766408e-06,1.6530250495424308e-06,8.323487331657057e-09,8.323487261899686e-09,nan,3.3087330284498893,1.6632942105280362e-15,reference
dev_ring,annular,2,3.442654243265775,0.1905091905406807,1.5084682069214366,0.4740778841066188,1.4474836935999997,3.3087330284498893,0.0,4.051062016686921e-16,0.0,no_coupling,4.269924555583283e-07,1.4567795701277059e-06,1.0846200480305784e-06,4.0217781120911604e-07,1.534004188833311e-16,4.0901343325564793e-07,1.2508675409360143e-06,3.769675152011304e-07,4.94330418728608e-06,2.963313545379119e-06,4.830299570124931e-07,1.368446949978619e-06,1.368446949978619e-06,nan,3.3087330284498893,2.445939685745872e-15,reference
dev_ring,annular,3,2.4098579702860423,0.09334950336493351,1.0559277448450055,0.3318545188746331,1.01323858552,3.3087330284498893,0.0,4.051062016686921e-16,2.220446049250313e-16,no_coupling,4.2699245557310567e-07,1.456779570057651e-06,1.0846200476961177e-06,4.0217781122584367e-07,2.1914345554761584e-16,4.0901343325564793e-07,1.2508675405566677e-06,3.769675154180194e-07,4.94330418742377e-06,2.963313543222757e-06,4.830299570197706e-07,9.579128652514868e-07,9.579128650294422e-07,nan,3.3087330284498893,1.7316315031590592e-15,reference
dev_holes,perforated,0,6.294257832266551,1.034111994647295,4.887442567713493,1.0,3.3953564846871633,4.279850039577478,0.0,4.927371871816309e-16,0.0,no_coupling,3.4172472549453945e-07,1.340870207370089e-06,1.3345560439556855e-06,0.0,5.065451883037846e-07,9.65612079649429e-07,1.4929768719026398e-06,1.4757317984916115e-07,5.0044426973283245e-06,3.981317073034304e-06,5.050768674073696e-07,3.288211630616035e-06,0.0,nan,2.487136174462788,3.248215555862658e-15,reference
dev_holes,perforated,1,1.8619677207415326,0.1035173953990643,1.102963910331665,0.3077578253888587,1.3951473992034527e-16,4.279850039577478,0.0,4.927371871816309e-16,1.3951473992034527e-16,no_coupling,7.861930086170122e-07,2.264315399560398e-06,1.6522630684938603e-06,4.003133221908807e-07,0.018782746687389166,9.65612079649429e-07,1.881107193121805e-06,5.106919862291335e-07,8.941826260754355e-06,4.8697479164907615e-06,1.987139917238629e-06,6.380183479491276e-08,6.380183491218738e-08,nan,2.487136174462788,1.1233066794381174e-15,reference
dev_holes,perforated,2,2.8702898583418746,0.4415855542624423,2.3025503222969363,0.6505310564541094,2.187070943852445,4.279850039577478,0.0,4.927371871816309e-16,0.0,no_coupling,9.557026163262241e-07,2.19372648460833e-06,1.3510454285000939e-06,1.2523945298296728e-06,3.001699324186133e-07,9.65612079649429e-07,1.4994055093037072e-06,8.557896563909975e-07,7.006352931598659e-06,3.6734099351337927e-06,8.584787178833026e-07,3.925154791325592e-06,3.6279484709744736e-06,nan,2.487136174462788,2.3209617485138186e-15,reference
dev_holes,perforated,3,2.009202900839312,0.21637692158859664,1.6117852256078549,0.45537173951787646,1.5309496606967115,4.279850039577478,0.0,4.927371871816309e-16,2.220446049250313e-16,no_coupling,9.557026163189932e-07,2.193726484605909e-06,1.3510454284251217e-06,1.252394529829673e-06,3.0016993269418404e-07,9.65612079649429e-07,1.4994055092004296e-06,8.557896563942291e-07,7.0063529319342875e-06,3.673409935916538e-06,8.58478717876684e-07,2.7476083541188592e-06,2.5395639295933137e-06,nan,2.487136174462788,1.2377634540206229e-15,reference
dev_pattern,patterned,0,6.233317500623647,2.42277616149679,4.626967555410177,1.0,4.538920981114258,4.538920981114259,0.0,4.3193662226360623e-16,0.0,no_coupling,6.81970540270277e-07,2.670654733395014e-06,1.149292734088359e-06,0.0,2.3353677658400758e-07,2.3353677736672998e-07,1.2360566600259053e-06,3.699082099264401e-07,1.2577242209549894e-05,3.889203920271185e-06,3.056802293649273e-07,1.970731011269322e-06,0.0,nan,4.538920981114259,5.004013359303342e-15,reference
dev_pattern,patterned,1,1.0892868003078753,0.04351885753230196,0.8173690168473605,0.11036639538137324,2.092721098805179e-16,4.538920981114259,0.0,4.3193662226360623e-16,2.092721098805179e-16,no_coupling,2.697935337652438e-06,8.649043220514097e-06,8.77848745959856e-06,1.7414332786733174e-07,0.055805895968138106,2.3353677736672998e-07,9.683926264916144e-06,1.4357578804729046e-06,3.4534926363669894e-05,3.3968008331348893e-05,3.5452396708279786e-06,1.709796632839149e-07,1.7097966307464277e-07,nan,4.538920981114259,7.744068676474746e-16,reference
dev_pattern,patterned,2,1.9409792840682023,0.22784862969320516,1.3639626143530303,0.30574667303797215,1.4474836936000004,4.538920981114259,0.0,4.3193662226360623e-16,6.661338147750939e-16,no_coupling,9.097507047375046e-07,3.4053822488194506e-06,2.2310765862957743e-06,2.4318529821820764e-07,0.0,2.3353677736672998e-07,2.4220566516425317e-06,4.1973246524942157e-07,1.1047897338994371e-05,8.326829753142361e-06,3.9713795045851354e-07,5.906852869053125e-07,5.906852862391787e-07,nan,4.538920981114259,1.912632346762771e-15,reference
dev_pattern,patterned,3,1.3586854988477415,0.1116458285496705,0.9547738300471211,0.2140226711265805,1.0132385855199997,4.538920981114259,0.0,4.3193662226360623e-16,0.0,no_coupling,9.097507047093574e-07,3.4053822487742123e-06,2.23107658630382e-06,2.431852980885225e-07,2.191434555476159e-16,2.3353677736672998e-07,2.4220566516527406e-06,4.1973246534568506e-07,1.1047897338653965e-05,8.326829753754524e-06,3.97137950442377e-07,4.134797011445812e-07,4.134797011445812e-07,nan,4.538920981114259,1.3249267819503385e-15,reference
dev_stack,shield_stack,0,5.9190104246356015,0.9189817639923435,5.700239410142883,1.0,3.1526946643376412,3.1526946643376412,0.0,5.518080137931373e-16,0.0,no_coupling,0.2780431563094744,0.3706132555086925,0.6406806573948479,0.0,0.36398338188613555,0.3639833818861361,0.5366257501388133,1.242178138873815,1.1121214005531053,1.2373078916963314,0.16226683010558962,3.0113757039096356e-06,0.0,nan,3.1526946643376412,3.482115061155695e-15,reference
dev_stack,shield_stack,1,1.6756843298483182,0.10429261173546475,2.0139071898114467,0.21872858165873305,0.0,3.1526946643376412,0.0,5.518080137931373e-16,0.0,no_coupling,0.3332540522626208,0.4144455148837949,0.5282892170372385,0.2622167769582246,0.006975736996017263,0.3639833818861361,0.5104942556565875,0.4937932552379547,1.2670050453921577,1.0057218016269827,0.19415541527616248,0.21338809901084102,0.21338809901084102,nan,3.1526946643376412,1.0470173555754895e-15,reference
dev_stack,shield_stack,2,2.7635179232489087,0.199153816608346,2.603501418880147,0.463109728350914,1.4474836935999997,3.1526946643376412,0.0,5.518080137931373e-16,0.0,no_coupling,0.3830983020628573,0.43654004114401995,0.5439262489504965,0.2712707807279792,1.5340041888333116e-16,0.3639833818861361,0.5155657997743148,0.655816008216771,1.113004541928581,1.5386266678441272,0.16672109903040067,0.011755171326434777,0.011755171326434777,nan,3.1526946643376412,2.281164132943782e-15,reference
dev_stack,shield_stack,3,1.9344625462742358,0.09758537013808946,1.8224509932161024,0.32417680984563974,1.0132385855199995,3.1526946643376412,0.0,5.518080137931373e-16,2.220446049250313e-16,no_coupling,0.3830983020628574,0.43654004114401995,0.5439262489504962,0.2712707807279793,2.1914345554761594e-16,0.3639833818861361,0.5155657997743149,0.6558160082167718,1.1130045419285806,1.5386266678441276,0.16672109903040067,0.008228619928504433,0.008228619928504655,nan,3.1526946643376412,1.4399145985710744e-15,reference
dev_ring,annular,0,7.068374254786974,0.8475556347710639,3.267258610941701,1.0,3.3087330284498893,3.3087330284498893,0.0,4.708639299499147e-16,0.0,bare_flux_control,2.944557983366975e-07,1.1881886372087497e-06,8.693778384824369e-07,0.0,4.0901343285299573e-07,4.0901343325564793e-07,9.98706436759031e-07,2.4374865066786e-07,4.769195083246264e-06,2.267983213457057e-06,4.099844263643461e-07,3.1502723261134236e-06,0.0,0.0,3.3087330284498893,3.600441965564376e-15,reference
dev_ring,annular,1,3.1525407320948635,0.15828178081169514,1.221977837942587,0.360529389085731,0.16789103274613482,3.3087330284498893,0.0,4.708639299499147e-16,0.16789103274613482,bare_flux_control,0.12742409512810215,0.16809921953119186,0.15007350990390264,0.16379516745314637,16789103274613.49,4.0901343325564793e-07,0.155473567395301,0.1424389961014525,0.37738774329962343,0.4313800604857723,1.3230345655170581e-06,1.6817393982959672e-07,0.167890864572195,0.0,3.3087330284498893,1.987567324036294e-15,reference
dev_ring,annular,2,8.683962801047567,1.240846042326921,3.921306454720245,1.2167446768901071,3.9047698400156796,3.3087330284498893,0.0,4.708639299499147e-16,2.45728614641568,bare_flux_control,1.5248246733285757,1.6148380160926028,1.608573966163844,1.5665491437874242,1.6976261337384917,4.0901343325564793e-07,1.6255377141195617,1.5593279382026999,3.6253564692767215,4.623775040473436,4.312523141436045e-07,3.708049596706786e-06,2.457282438366083,0.0,3.3087330284498893,6.224055840575575e-15,reference
dev_ring,annular,3,6.078773960733297,0.6080145607401912,2.7449145183041703,0.8517212738230749,2.7333388880109744,3.3087330284498893,0.0,4.708639299499147e-16,1.7201003024909747,bare_flux_control,1.5248246733285757,1.6148380160926037,1.6085739661638438,1.5665491437874244,1.6976261337384901,4.0901343325564793e-07,1.6255377141195622,1.5593279382027005,3.625356469276724,4.62377504047344,4.3125231412369e-07,2.595634715163442e-06,1.7200977068562595,0.0,3.3087330284498893,4.61970117798415e-15,reference
dev_holes,perforated,0,6.294257832266551,1.034111994647295,4.887442567713493,1.0,3.3953564846871633,4.279850039577478,0.0,4.4232783870601506e-16,0.0,bare_flux_control,3.4172472549453945e-07,1.340870207370089e-06,1.3345560439556855e-06,0.0,5.065451883037846e-07,9.65612079649429e-07,1.4929768719026398e-06,1.4757317984916115e-07,5.0044426973283245e-06,3.981317073034304e-06,5.050768674073696e-07,3.288211630616035e-06,0.0,0.0,2.487136174462788,3.248215555862658e-15,reference
dev_holes,perforated,1,2.238826395899897,0.13957159536772962,1.3238047592453996,0.3835103614124177,0.208504172847086,4.279850039577478,0.0,4.4232783870601506e-16,0.208504172847086,bare_flux_control,0.21092396927616194,0.26191678620139547,0.24923425673972618,0.24681402734246674,20850417284708.61,9.65612079649429e-07,0.2562388999376033,0.22044537615418355,0.5506144980559339,0.5844633623586786,1.5432008929475355e-06,2.80889098794119e-07,0.20850392213095606,2.7755575615628914e-17,2.487136174462788,1.3429737495182258e-15,reference
dev_holes,perforated,2,7.48857866583684,4.971556735371775,4.670979568588365,2.389694157467948,6.592866513421688,4.279850039577478,0.0,4.4232783870601506e-16,4.769777485475014,bare_flux_control,1.9658243155067592,1.934296161966591,1.3453542227741924,2.833001557411243,2.195558807570527,9.65612079649429e-07,1.1097998635991722,2.389516292378321,6.893082764680795,3.2575907748568578,1.1031326766116984e-06,1.5813165228856607e-05,4.769761771920696,2.220446049250313e-16,2.487136174462788,3.693355189829276e-15,reference
dev_holes,perforated,3,5.2420050660857855,2.4360628003321674,3.269685698011854,1.6727859102275628,4.615006559395179,4.279850039577478,0.0,4.4232783870601506e-16,3.3388442398325076,bare_flux_control,1.9658243155067583,1.9342961619665895,1.3453542227741926,2.8330015574112424,2.195558807570526,9.65612079649429e-07,1.1097998635991722,2.38951629237832,6.893082764680792,3.2575907748568573,1.103132676593962e-06,1.1069215660081507e-05,3.338833240344485,0.0,2.487136174462788,2.1312996238867033e-15,reference
dev_pattern,patterned,0,6.233317500623647,2.42277616149679,4.626967555410177,1.0,4.538920981114258,4.538920981114259,0.0,5.370220752029012e-16,0.0,bare_flux_control,6.81970540270277e-07,2.670654733395014e-06,1.149292734088359e-06,0.0,2.3353677658400758e-07,2.3353677736672998e-07,1.2360566600259053e-06,3.699082099264401e-07,1.2577242209549894e-05,3.889203920271185e-06,3.056802293649273e-07,1.970731011269322e-06,0.0,0.0,4.538920981114259,5.004013359303342e-15,reference
dev_pattern,patterned,1,1.8018683315093877,0.14840240971231256,1.1020972069311736,0.23901648173431106,0.5839325761695109,4.538920981114259,0.0,5.370220752029012e-16,0.5839325761695109,bare_flux_control,0.7361837574971503,0.7573944896047453,0.7282616346793643,1.1656631920002416,58393257616951.055,2.3353677736672998e-07,0.7303127192121295,0.743976520909893,2.090914073578968,2.537120883775305,1.1663886697248877e-06,8.255505123955231e-08,0.5839324936144596,0.0,4.538920981114259,1.522930130326411e-15,reference
dev_pattern,patterned,2,11.769906981986294,8.599251061683907,8.65068828933326,1.883736735712782,8.609855897064497,4.538920981114259,0.0,5.370220752029012e-16,7.162372203464497,bare_flux_control,5.067602283406795,5.344610240094917,5.3530086390859735,5.161101472988888,4.948153982758272,2.3353677736672998e-07,5.393955757815735,5.119455152087427,14.75467276237898,18.648825850953735,3.157342983126135e-07,3.700479235035914e-06,7.162368502985262,0.0,4.538920981114259,1.1820926629120934e-14,reference
dev_pattern,patterned,3,8.238934887390405,4.213633020225114,6.055481802533283,1.3186157149989475,6.026899127945149,4.538920981114259,0.0,5.370220752029012e-16,5.013660542425149,bare_flux_control,5.067602283406797,5.3446102400949185,5.353008639085977,5.16110147298889,4.948153982758275,2.3353677736672998e-07,5.393955757815738,5.119455152087429,14.754672762378979,18.648825850953745,3.157342982192691e-07,2.5903354652356825e-06,5.013657952089684,2.220446049250313e-16,4.538920981114259,8.984300189731721e-15,reference
dev_stack,shield_stack,0,6.211699276071115,1.1655598070853528,4.802836735586018,1.0,2.311390207916824,2.311390207916824,0.0,5.139949536511665e-16,0.0,bare_flux_control,3.919863228196406e-07,1.1127837748847718e-06,1.2233644989217025e-06,0.0,1.0049546764920466e-06,1.004954676876309e-06,1.1429635185904069e-06,1.3800310660704197e-06,4.202248638378995e-06,3.581569966788569e-06,7.422358637451722e-07,2.3431309914556664e-06,0.0,0.0,2.311390207916824,3.4633092754923604e-15,reference
dev_stack,shield_stack,1,1.6223363509901954,0.07406432365591456,1.522681600858702,0.2334726349792244,0.13910739591092028,2.311390207916824,0.0,5.139949536511665e-16,0.13910739591092028,bare_flux_control,0.28658862093794324,0.31184085168046227,0.2103320497417023,0.3473002686553774,13910739591092.02,1.004954676876309e-06,0.2545503766723968,0.0903030159267124,0.6768816309217071,0.6802652500248549,1.6035009589962618e-06,6.611324634975269e-08,0.13910746202416663,0.0,2.311390207916824,1.1597152713078408e-15,reference
dev_stack,shield_stack,2,16.86214653863682,8.57054844139138,12.991404893412874,2.7113289698391925,6.24552860943553,2.311390207916824,0.0,5.139949536511665e-16,4.79804491583553,bare_flux_control,3.2483877331379403,3.281192182151235,3.288435504002653,3.266428715320308,3.3147488548920614,1.004954676876309e-06,3.281072833857005,3.2715660437217378,7.122140947008267,10.635578328555756,7.51977845126469e-07,6.305883491819486e-06,4.798038609952038,0.0,2.311390207916824,1.2857955764313788e-14,reference
dev_stack,shield_stack,3,11.803502577045773,4.199568736281774,9.093983425389013,1.8979302788874344,4.371870026604869,2.311390207916824,0.0,5.139949536511665e-16,3.358631441084869,bare_flux_control,3.2483877331379407,3.281192182151234,3.2884355040026536,3.266428715320308,3.3147488548920596,1.004954676876309e-06,3.281072833857007,3.271566043721739,7.122140947008269,10.63557832855576,7.519778451283325e-07,4.414118440543291e-06,3.3586270269664285,0.0,2.311390207916824,8.783738018341914e-15,reference
dev_ring,annular,0,7.153755228076782,0.8153458034190804,1.9428499937057495,1.0,3.032696961465598,3.032696961465598,0.0,2.18906933469043e-07,0.0,legacy,0.0336342548477005,0.1312011475856479,0.6709713550248542,0.0,0.08342614051875202,0.08342614051875165,0.8176105511490367,0.04493026573116247,0.9215933730380541,2.309418457888408,0.01814204414688803,0.1216447512245642,0.0,nan,3.032696961465598,0.0,reference
dev_ring,annular,1,3.1282599199973404,0.17434265233998986,0.9459592700004578,0.3385667280717558,7.668200779908929e-08,3.032696961465598,0.0,2.18906933469043e-07,7.668200779908929e-08,legacy,0.11324649945915244,0.14487309473482757,0.6028768925027597,0.09289931394923691,7668200.786884666,0.08342614051875165,0.7513578995561315,0.09724017748762923,0.417369079889239,1.567828236278916,0.08606447671889082,0.00012446954513216807,0.00012439286312436899,nan,3.032696961465598,0.0,reference
dev_ring,annular,2,3.7588727136776,0.2177302774437192,1.0143954753875732,0.5111276922001364,1.4474837059902317,3.032696961465598,0.0,2.18906933469043e-07,1.2390231951542319e-08,legacy,0.097060339390104,0.1468301419990598,0.6561663352145087,0.0781508772532591,8.559842010159218e-09,0.08342614051875165,0.8088884032109107,0.11385549247392192,1.0836623981133502,2.318956843502005,0.021601780735439002,0.041942848932268184,0.041942861322500136,nan,3.032696961465598,0.0,reference
dev_ring,annular,3,2.6312109220843305,0.1066878355371271,0.7100768685340881,0.35778938332545196,1.0132385690820316,3.032696961465598,0.0,2.18906933469043e-07,1.64379680978044e-08,legacy,0.09706034936106828,0.14683006205348198,0.6561663471941171,0.07815087359309202,1.622319636935021e-08,0.08342614051875165,0.8088884162843102,0.1138555079876202,1.083661541665666,2.318956674653474,0.02160178875680158,0.029359996447644088,0.02935998000967599,nan,3.032696961465598,0.0,reference
dev_holes,perforated,0,6.340029144655733,1.0034114725222159,3.6195592880249023,1.0,3.274997641592219,3.6561663630497128,0.04197259565799881,7.614831076807604e-08,0.0,legacy,0.03563965040867774,0.1546827479459536,0.7569369024995681,0.0,0.06203062190224705,0.2345582266220124,0.866614870952014,0.04337424845299054,1.1574283010727842,1.9148876164705362,0.019253571494104376,0.20367326130662183,0.0,nan,1.591021687078388,0.0,reference
dev_holes,perforated,1,1.9215696134086968,0.10349134791289932,0.823113203048706,0.306852634329665,1.1373634162200275e-08,3.6561663630497128,0.04197259565799881,7.614831076807604e-08,1.1373634162200275e-08,legacy,0.10940707834933053,0.23899237603415413,0.7000917578003527,0.07494046084154117,1137363.4230152515,0.2345582266220124,0.8210057818219492,0.1345306617347638,1.3741004419448395,2.0460009794882006,0.19821820806505014,0.035814775054093605,0.03581477537529393,nan,1.591021687078388,0.0,reference
dev_holes,perforated,2,3.266914502161734,0.7111550055990172,1.7707219123840332,0.9569471011163019,2.198371055124446,3.6561663630497128,0.04197259565799881,7.614831076807604e-08,3.6463768449124245e-08,legacy,0.3195456884986934,0.5305176044373009,0.7691982758139339,0.5477298297288826,0.0068788071005202915,0.2345582266220124,0.8946844495258595,0.2200851965569211,3.0694686286645796,1.8367736063107751,0.08347301782051124,1.1695126134998834,1.1694972592520845,nan,1.591021687078388,0.0,reference
dev_holes,perforated,3,2.2868401741417324,0.34846596289768117,1.239505410194397,0.6698629696944527,1.5388597722702508,3.6561663630497128,0.04197259565799881,7.614831076807604e-08,7.88548419894397e-08,legacy,0.31954568721929616,0.530517569920925,0.7691982854081304,0.5477298271013633,0.006878805858500127,0.2345582266220124,0.8946844590098146,0.22008519720037392,3.0694685934009907,1.8367735801616556,0.0834730138908567,0.8186587810333639,0.8186480861463106,nan,1.591021687078388,0.0,reference
dev_pattern,patterned,0,6.296034338861319,2.7248935490833475,2.996006965637207,1.0,4.198988076640367,4.198988076640367,0.0,1.4820371063706261e-07,0.0,legacy,0.17469952055325735,0.7944319234584926,0.7021574848397407,0.0,0.07489267278944815,0.07489267278944761,0.7933152453993337,0.10556895412376521,4.448920681153812,2.6509661224710763,0.16658104646463,0.9699362902127779,0.0,nan,4.198988076640367,0.0,reference
dev_pattern,patterned,1,1.1400697589641153,0.04909361845935469,0.4563139081001282,0.11750894759321678,2.17560197079969e-08,4.198988076640367,0.0,1.4820371063706261e-07,2.17560197079969e-08,legacy,0.11729138173144404,0.5129515431463749,0.8296094328355286,0.06471654459460412,2175602.005678375,0.07489267278944761,0.9366220890383764,0.10607509897607269,2.8093847641361935,2.648290266749677,0.3307408160559458,0.1547950628264982,0.15479504107047848,nan,4.198988076640367,0.0,reference
dev_pattern,patterned,2,2.1251365789447565,0.3026245207853161,0.9695419669151306,0.3318097491067932,1.4474837454507825,4.198988076640367,0.0,1.4820371063706261e-07,5.1850782778473103e-08,legacy,0.19384398905816408,0.8565866131842863,0.6966510206949715,0.08524375790781326,3.5821323819809335e-08,0.07489267278944761,0.7911650003074625,0.15405981021704504,5.060786600886922,2.25535109240001,0.1625014541036595,0.33645464900161626,0.33645470085239904,nan,4.198988076640367,0.0,reference
dev_pattern,patterned,3,1.4875956029121877,0.14828600850938461,0.678679347038269,0.23226682354773537,1.0132385398518426,4.198988076640367,0.0,1.4820371063706261e-07,4.566815703377358e-08,legacy,0.19384400803111826,0.8565866158540486,0.6966510171689022,0.08524375404364502,4.507147468370544e-08,0.07489267278944761,0.791164996226731,0.15405976283139242,5.0607846354075905,2.2553511040093386,0.1625014301149182,0.23551841717318567,0.23551837150502863,nan,4.198988076640367,0.0,reference
dev_stack,shield_stack,0,6.408969301012048,1.3071308586190726,3.258650302886963,1.0,1.9456475717576578,1.9456475717576578,0.0,2.2272277533375018e-07,0.0,legacy,0.08791509727720032,0.22406897676496282,0.8158690801719267,0.0,0.1582340703957423,0.158234070395742,0.8374496368314607,0.2248581673903675,0.85866658734703,2.8026188734391937,0.15229561001431374,0.049227567510300885,0.0,nan,1.9456475717576578,0.0,reference
dev_stack,shield_stack,1,1.4463495271197178,0.07234297492805503,1.2651901245117188,0.19157365145678734,7.741861041132836e-10,1.9456475717576578,0.0,2.2272277533375018e-07,7.741861041132836e-10,legacy,0.13474088730955605,0.22185761265668702,0.6402342481735607,0.10551385218224364,77418.61738706536,0.158234070395742,0.7644014488111224,0.03472844338642175,0.9317069850702902,2.740570609969367,0.11324232976726262,0.008417521537857063,0.008417522312043168,nan,1.9456475717576578,0.0,reference
dev_stack,shield_stack,2,4.814449347497546,0.7359069816149026,2.3727965354919434,0.7478431728512318,1.4474836196763239,1.9456475717576578,0.0,2.2272277533375018e-07,7.392367584735382e-08,legacy,0.23048244859664377,0.3111180761713815,0.8409222824457274,0.17677331769813912,5.1070472124943625e-08,0.158234070395742,0.8519398774785986,0.15548998565355795,0.9825182253320535,2.9007851909615994,0.15421940499215642,0.02337551807054039,0.023375444146864544,nan,1.9456475717576578,0.0,reference
dev_stack,shield_stack,3,3.3701148681089723,0.36059447669207456,1.66095769405365,0.523490222619694,1.0132385461079334,1.9456475717576578,0.0,2.2272277533375018e-07,3.941206627722238e-08,legacy,0.23048255550445873,0.3111181173207736,0.8409222809195076,0.17677332134841164,3.8897123382836714e-08,0.158234070395742,0.8519398756851277,0.15548994151053916,0.9825181213667222,2.900785238150527,0.15421941643715564,0.01636263046427544,0.016362591052209163,nan,1.9456475717576578,0.0,reference
dev_ring,annular,0,7.153755228076782,0.8153458034190804,1.9428499937057495,1.0,3.032696961465598,3.032696961465598,0.0,2.18906933469043e-07,0.0,uncoupled,0.0336342548477005,0.1312011475856479,0.6709713550248542,0.0,0.08342614051875202,0.08342614051875165,0.8176105511490367,0.04493026573116247,0.9215933730380541,2.309418457888408,0.01814204414688803,0.1216447512245642,0.0,nan,3.032696961465598,0.0,reference
dev_ring,annular,1,3.1282599199973404,0.17434265233998986,0.9459592700004578,0.3385667280717558,7.668200779908929e-08,3.032696961465598,0.0,2.18906933469043e-07,7.668200779908929e-08,uncoupled,0.11324649945915244,0.14487309473482757,0.6028768925027597,0.09289931394923691,7668200.786884666,0.08342614051875165,0.7513578995561315,0.09724017748762923,0.417369079889239,1.567828236278916,0.08606447671889082,0.00012446954513216807,0.00012439286312436899,nan,3.032696961465598,0.0,reference
dev_ring,annular,2,3.7588727136776,0.2177302774437192,1.0143954753875732,0.5111276922001364,1.4474837059902317,3.032696961465598,0.0,2.18906933469043e-07,1.2390231951542319e-08,uncoupled,0.097060339390104,0.1468301419990598,0.6561663352145087,0.0781508772532591,8.559842010159218e-09,0.08342614051875165,0.8088884032109107,0.11385549247392192,1.0836623981133502,2.318956843502005,0.021601780735439002,0.041942848932268184,0.041942861322500136,nan,3.032696961465598,0.0,reference
dev_ring,annular,3,2.6312109220843305,0.1066878355371271,0.7100768685340881,0.35778938332545196,1.0132385690820316,3.032696961465598,0.0,2.18906933469043e-07,1.64379680978044e-08,uncoupled,0.09706034936106828,0.14683006205348198,0.6561663471941171,0.07815087359309202,1.622319636935021e-08,0.08342614051875165,0.8088884162843102,0.1138555079876202,1.083661541665666,2.318956674653474,0.02160178875680158,0.029359996447644088,0.02935998000967599,nan,3.032696961465598,0.0,reference
dev_holes,perforated,0,6.340029144655733,1.0034114725222159,3.6195592880249023,1.0,3.274997641592219,3.6561663630497128,0.04197259565799881,7.614831076807604e-08,0.0,uncoupled,0.03563965040867774,0.1546827479459536,0.7569369024995681,0.0,0.06203062190224705,0.2345582266220124,0.866614870952014,0.04337424845299054,1.1574283010727842,1.9148876164705362,0.019253571494104376,0.20367326130662183,0.0,nan,1.591021687078388,0.0,reference
dev_holes,perforated,1,1.9215696134086968,0.10349134791289932,0.823113203048706,0.306852634329665,1.1373634162200275e-08,3.6561663630497128,0.04197259565799881,7.614831076807604e-08,1.1373634162200275e-08,uncoupled,0.10940707834933053,0.23899237603415413,0.7000917578003527,0.07494046084154117,1137363.4230152515,0.2345582266220124,0.8210057818219492,0.1345306617347638,1.3741004419448395,2.0460009794882006,0.19821820806505014,0.035814775054093605,0.03581477537529393,nan,1.591021687078388,0.0,reference
dev_holes,perforated,2,3.266914502161734,0.7111550055990172,1.7707219123840332,0.9569471011163019,2.198371055124446,3.6561663630497128,0.04197259565799881,7.614831076807604e-08,3.6463768449124245e-08,uncoupled,0.3195456884986934,0.5305176044373009,0.7691982758139339,0.5477298297288826,0.0068788071005202915,0.2345582266220124,0.8946844495258595,0.2200851965569211,3.0694686286645796,1.8367736063107751,0.08347301782051124,1.1695126134998834,1.1694972592520845,nan,1.591021687078388,0.0,reference
dev_holes,perforated,3,2.2868401741417324,0.34846596289768117,1.239505410194397,0.6698629696944527,1.5388597722702508,3.6561663630497128,0.04197259565799881,7.614831076807604e-08,7.88548419894397e-08,uncoupled,0.31954568721929616,0.530517569920925,0.7691982854081304,0.5477298271013633,0.006878805858500127,0.2345582266220124,0.8946844590098146,0.22008519720037392,3.0694685934009907,1.8367735801616556,0.0834730138908567,0.8186587810333639,0.8186480861463106,nan,1.591021687078388,0.0,reference
dev_pattern,patterned,0,6.296034338861319,2.7248935490833475,2.996006965637207,1.0,4.198988076640367,4.198988076640367,0.0,1.4820371063706261e-07,0.0,uncoupled,0.17469952055325735,0.7944319234584926,0.7021574848397407,0.0,0.07489267278944815,0.07489267278944761,0.7933152453993337,0.10556895412376521,4.448920681153812,2.6509661224710763,0.16658104646463,0.9699362902127779,0.0,nan,4.198988076640367,0.0,reference
dev_pattern,patterned,1,1.1400697589641153,0.04909361845935469,0.4563139081001282,0.11750894759321678,2.17560197079969e-08,4.198988076640367,0.0,1.4820371063706261e-07,2.17560197079969e-08,uncoupled,0.11729138173144404,0.5129515431463749,0.8296094328355286,0.06471654459460412,2175602.005678375,0.07489267278944761,0.9366220890383764,0.10607509897607269,2.8093847641361935,2.648290266749677,0.3307408160559458,0.1547950628264982,0.15479504107047848,nan,4.198988076640367,0.0,reference
dev_pattern,patterned,2,2.1251365789447565,0.3026245207853161,0.9695419669151306,0.3318097491067932,1.4474837454507825,4.198988076640367,0.0,1.4820371063706261e-07,5.1850782778473103e-08,uncoupled,0.19384398905816408,0.8565866131842863,0.6966510206949715,0.08524375790781326,3.5821323819809335e-08,0.07489267278944761,0.7911650003074625,0.15405981021704504,5.060786600886922,2.25535109240001,0.1625014541036595,0.33645464900161626,0.33645470085239904,nan,4.198988076640367,0.0,reference
dev_pattern,patterned,3,1.4875956029121877,0.14828600850938461,0.678679347038269,0.23226682354773537,1.0132385398518426,4.198988076640367,0.0,1.4820371063706261e-07,4.566815703377358e-08,uncoupled,0.19384400803111826,0.8565866158540486,0.6966510171689022,0.08524375404364502,4.507147468370544e-08,0.07489267278944761,0.791164996226731,0.15405976283139242,5.0607846354075905,2.2553511040093386,0.1625014301149182,0.23551841717318567,0.23551837150502863,nan,4.198988076640367,0.0,reference
dev_stack,shield_stack,0,5.97744070759746,0.886796337183658,4.479292392730713,1.0,2.961461474331916,2.961461474331916,0.0,2.0250372756436263e-07,0.0,uncoupled,0.2784222209967203,0.38846597834766994,0.9050709687275587,0.0,0.2812481597971028,0.2812481597971033,0.8844847563731129,1.2759672821913037,1.1121214005531053,3.0389733734547173,0.1720460790217045,0.03760616473592604,0.0,nan,2.961461474331916,0.0,reference
dev_stack,shield_stack,1,1.8103677726598917,0.12102728311135441,1.7510404586791992,0.23473014551550217,7.738066271079092e-08,2.961461474331916,0.0,2.0250372756436263e-07,7.738066271079092e-08,uncoupled,0.4196078376951528,0.47689073088813777,0.7666372270525903,0.3545569832742652,7738066.278054829,0.2812481597971033,0.8827341710450993,0.5374039595444814,1.3157978630920166,3.2495463007742487,0.2205260939716586,0.2212519289787739,0.2212518515981112,nan,2.961461474331916,0.0,reference
dev_stack,shield_stack,2,2.925955914650323,0.21397446857144128,2.1043598651885986,0.4857353192883884,1.4474836477929567,2.961461474331916,0.0,2.0250372756436263e-07,4.5807043047574325e-08,uncoupled,0.3547655366753276,0.4448798222086769,0.841948491715199,0.23566814012238096,3.164598193959906e-08,0.2812481597971033,0.8508243540348358,0.7417631983461968,1.079206545144412,3.145381761042037,0.17436959180801637,0.01608964884112396,0.016089694648167008,nan,2.961461474331916,0.0,reference
dev_stack,shield_stack,3,2.048169152336364,0.10484748571045391,1.4730520248413086,0.34001472487893175,1.0132385324354105,2.961461474331916,0.0,2.0250372756436263e-07,5.3084589168861385e-08,uncoupled,0.35476553020143037,0.44487976230321374,0.8419484637381359,0.2356681370268363,5.2391006350807375e-08,0.2812481597971033,0.8508243281855651,0.7417631749890867,1.0792065082586837,3.145381805287665,0.17436959400232752,0.011262758879703405,0.011262811964292574,nan,2.961461474331916,0.0,reference
dev_ring,annular,0,7.153755228076782,0.8153458034190804,3.126810546184298,1.0,3.032696961465598,3.032696961465598,0.0,2.3631815809740048e-07,0.0,legacy_exact_readout,0.0336342548477005,0.1312011475856479,0.17293842459651246,0.0,0.08342614051875202,0.08342614051875165,0.20728358570971261,0.028889610266922137,0.9215933730380541,0.9237928115992343,0.01814204414688803,0.1216447512245642,0.0,nan,3.032696961465598,0.0,reference
dev_ring,annular,1,3.1282599199973404,0.17434265233998986,1.2317268210548273,0.3385667280717558,7.668200779908929e-08,3.032696961465598,0.0,2.3631815809740048e-07,7.668200779908929e-08,legacy_exact_readout,0.11324649945915244,0.14487309473482757,0.12543098801161826,0.09289931394923691,7668200.786884666,0.08342614051875165,0.12929373015720594,0.10695085901393764,0.417369079889239,0.27041727914271385,0.08606447671889082,0.00012446954513216807,0.00012439286312436899,nan,3.032696961465598,0.0,reference
dev_ring,annular,2,3.7588727136776,0.2177302774437192,1.5645154845023732,0.5111276922001364,1.4474837059902317,3.032696961465598,0.0,2.3631815809740048e-07,1.2390231951542319e-08,legacy_exact_readout,0.097060339390104,0.1468301419990598,0.1915158621969688,0.0781508772532591,8.559842010159218e-09,0.08342614051875165,0.22781253829610373,0.08919633429673679,1.0836623981133502,0.9748793390505743,0.021601780735439002,0.041942848932268184,0.041942861322500136,nan,3.032696961465598,0.0,reference
dev_ring,annular,3,2.6312109220843305,0.1066878355371271,1.0951608256809593,0.35778938332545196,1.0132385690820316,3.032696961465598,0.0,2.3631815809740048e-07,1.64379680978044e-08,legacy_exact_readout,0.09706034936106828,0.14683006205348198,0.1915157230370748,0.07815087359309202,1.622319636935021e-08,0.08342614051875165,0.22781236033717922,0.0891963587739395,1.083661541665666,0.9748785801899018,0.02160178875680158,0.029359996447644088,0.02935998000967599,nan,3.032696961465598,0.0,reference
dev_holes,perforated,0,6.340029144655733,1.0034114725222159,4.789094465871578,1.0,3.274997641592219,3.6561663630497128,0.04197259565799881,1.0679483408339852e-07,0.0,legacy_exact_readout,0.03563965040867774,0.1546827479459536,0.05012883731466487,0.0,0.06203062190224705,0.2345582266220124,0.052378187696248704,0.03558451865166394,1.1574283010727842,0.13161247303753612,0.019253571494104376,0.20367326130662183,0.0,nan,1.591021687078388,0.0,reference
dev_holes,perforated,1,1.9215696134086968,0.10349134791289932,1.1055935474015637,0.306852634329665,1.1373634162200275e-08,3.6561663630497128,0.04197259565799881,1.0679483408339852e-07,1.1373634162200275e-08,legacy_exact_readout,0.10940707834933053,0.23899237603415413,0.1753185110126147,0.07494046084154117,1137363.4230152515,0.2345582266220124,0.18590873275404995,0.14125794198273464,1.3741004419448395,0.793282905515606,0.19821820806505014,0.035814775054093605,0.03581477537529393,nan,1.591021687078388,0.0,reference
dev_holes,perforated,2,3.266914502161734,0.7111550055990172,2.4473235570846525,0.9569471011163019,2.198371055124446,3.6561663630497128,0.04197259565799881,1.0679483408339852e-07,3.6463768449124245e-08,legacy_exact_readout,0.3195456884986934,0.5305176044373009,0.21193992690061744,0.5477298297288826,0.0068788071005202915,0.2345582266220124,0.1847613384343605,0.33742039646409866,3.0694686286645796,0.6571511539730915,0.08347301782051124,1.1695126134998834,1.1694972592520845,nan,1.591021687078388,0.0,reference
dev_holes,perforated,3,2.2868401741417324,0.34846596289768117,1.7131264523691434,0.6698629696944527,1.5388597722702508,3.6561663630497128,0.04197259565799881,1.0679483408339852e-07,7.88548419894397e-08,legacy_exact_readout,0.31954568721929616,0.530517569920925,0.21193994839645802,0.5477298271013633,0.006878805858500127,0.2345582266220124,0.18476136745261404,0.33742039361801396,3.0694685934009907,0.657151389836682,0.0834730138908567,0.8186587810333639,0.8186480861463106,nan,1.591021687078388,0.0,reference
dev_pattern,patterned,0,6.296034338861319,2.7248935490833475,4.824566171770029,1.0,4.198988076640367,4.198988076640367,0.0,2.1695198079069216e-07,0.0,legacy_exact_readout,0.17469952055325735,0.7944319234584926,0.6324542012020884,0.0,0.07489267278944815,0.07489267278944761,0.7025541909753333,0.06523388338411033,4.448920681153812,3.223614708047112,0.16658104646463,0.9699362902127779,0.0,nan,4.198988076640367,0.0,reference
dev_pattern,patterned,1,1.1400697589641153,0.04909361845935469,0.9322012424926325,0.11750894759321678,2.17560197079969e-08,4.198988076640367,0.0,2.1695198079069216e-07,2.17560197079969e-08,legacy_exact_readout,0.11729138173144404,0.5129515431463749,0.33247823423776784,0.06471654459460412,2175602.005678375,0.07489267278944761,0.3666158259817027,0.06512612386612286,2.8093847641361935,1.7221385212327458,0.3307408160559458,0.1547950628264982,0.15479504107047848,nan,4.198988076640367,0.0,reference
dev_pattern,patterned,2,2.1251365789447565,0.3026245207853161,1.526638270901404,0.3318097491067932,1.4474837454507825,4.198988076640367,0.0,2.1695198079069216e-07,5.1850782778473103e-08,legacy_exact_readout,0.19384398905816408,0.8565866131842863,0.621343912762818,0.08524375790781326,3.5821323819809335e-08,0.07489267278944761,0.694293880640342,0.11029388136534052,5.060786600886922,3.169673236059018,0.1625014541036595,0.33645464900161626,0.33645470085239904,nan,4.198988076640367,0.0,reference
dev_pattern,patterned,3,1.4875956029121877,0.14828600850938461,1.068646939306012,0.23226682354773537,1.0132385398518426,4.198988076640367,0.0,2.1695198079069216e-07,4.566815703377358e-08,legacy_exact_readout,0.19384400803111826,0.8565866158540486,0.6213440744701432,0.08524375404364502,4.507147468370544e-08,0.07489267278944761,0.6942940626165812,0.11029384807169816,5.0607846354075905,3.1696740031327786,0.1625014301149182,0.23551841717318567,0.23551837150502863,nan,4.198988076640367,0.0,reference
dev_stack,shield_stack,0,6.408969301012048,1.3071308586190726,4.668496257123322,1.0,1.9456475717576578,1.9456475717576578,0.0,2.2517843570459525e-07,0.0,legacy_exact_readout,0.08791509727720032,0.22406897676496282,0.30778204741433574,0.0,0.1582340703957423,0.158234070395742,0.28299331155830343,0.2648134272805329,0.85866658734703,1.0203099373629934,0.15229561001431374,0.049227567510300885,0.0,nan,1.9456475717576578,0.0,reference
dev_stack,shield_stack,1,1.4463495271197178,0.07234297492805503,1.4691271135925537,0.19157365145678734,7.741861041132836e-10,1.9456475717576578,0.0,2.2517843570459525e-07,7.741861041132836e-10,legacy_exact_readout,0.13474088730955605,0.22185761265668702,0.12151149873650513,0.10551385218224364,77418.61738706536,0.158234070395742,0.14148285820861534,0.05904121610365483,0.9317069850702902,0.4584941448192882,0.11324232976726262,0.008417521537857063,0.008417522312043168,nan,1.9456475717576578,0.0,reference
dev_stack,shield_stack,2,4.814449347497546,0.7359069816149026,3.4650998166309956,0.7478431728512318,1.4474836196763239,1.9456475717576578,0.0,2.2517843570459525e-07,7.392367584735382e-08,legacy_exact_readout,0.23048244859664377,0.3111180761713815,0.36895083679116497,0.17677331769813912,5.1070472124943625e-08,0.158234070395742,0.3470312680185558,0.19012191791807978,0.9825182253320535,1.048129292728973,0.15421940499215642,0.02337551807054039,0.023375444146864544,nan,1.9456475717576578,0.0,reference
dev_stack,shield_stack,3,3.3701148681089723,0.36059447669207456,2.4255699836436504,0.523490222619694,1.0132385461079334,1.9456475717576578,0.0,2.2517843570459525e-07,3.941206627722238e-08,legacy_exact_readout,0.23048255550445873,0.3111181173207736,0.3689507855586365,0.17677332134841164,3.8897123382836714e-08,0.158234070395742,0.34703123057543267,0.19012185103187815,0.9825181213667222,1.0481291636829129,0.15421941643715564,0.01636263046427544,0.016362591052209163,nan,1.9456475717576578,0.0,reference
