row_id,case,family,method,cutoff,sector,level,energy,gap,dimension,elapsed_s,vacuum_energy,uncertainty,retained_dimension,generated_dimension,generated_cutoff,momentum_window
quadratic:raw:12:even:0,quadratic,quadratic,raw,12.0,even,0,-0.278238286614809,0.0,92,0.013395167014095932,-0.278238286614809,,92,0,0,
quadratic:raw:12:even:1,quadratic,quadratic,raw,12.0,even,1,3.306093597726562,3.5843318843413714,92,0.013395167014095932,-0.278238286614809,,92,0,0,
quadratic:raw:12:even:2,quadratic,quadratic,raw,12.0,even,2,4.199280945960776,4.4775192325755855,92,0.013395167014095932,-0.278238286614809,,92,0,0,
quadratic:raw:12:odd:0,quadratic,quadratic,raw,12.0,odd,0,1.5116960759586342,1.7899343625734432,92,0.013395167014095932,-0.278238286614809,,92,0,0,
quadratic:raw:12:odd:1,quadratic,quadratic,raw,12.0,odd,1,5.1037048124039766,5.381943099018786,92,0.013395167014095932,-0.278238286614809,,92,0,0,
quadratic:raw:12:odd:2,quadratic,quadratic,raw,12.0,odd,2,6.00251407879037,6.28075236540518,92,0.013395167014095932,-0.278238286614809,,92,0,0,
quadratic:local_tail:12:even:0,quadratic,quadratic,local_tail,12.0,even,0,-0.2842934625615331,0.0,92,0.013388786988798529,-0.2842934625615331,,92,0,0,
quadratic:local_tail:12:even:1,quadratic,quadratic,local_tail,12.0,even,1,3.3000384217798375,3.5843318843413705,92,0.013388786988798529,-0.2842934625615331,,92,0,0,
quadratic:local_tail:12:even:2,quadratic,quadratic,local_tail,12.0,even,2,4.1932257700140525,4.4775192325755855,92,0.013388786988798529,-0.2842934625615331,,92,0,0,
quadratic:local_tail:12:odd:0,quadratic,quadratic,local_tail,12.0,odd,0,1.50564090001191,1.789934362573443,92,0.013388786988798529,-0.2842934625615331,,92,0,0,
quadratic:local_tail:12:odd:1,quadratic,quadratic,local_tail,12.0,odd,1,5.097649636457253,5.381943099018786,92,0.013388786988798529,-0.2842934625615331,,92,0,0,
quadratic:local_tail:12:odd:2,quadratic,quadratic,local_tail,12.0,odd,2,5.996458902843641,6.280752365405174,92,0.013388786988798529,-0.2842934625615331,,92,0,0,
quadratic:raw:14:even:0,quadratic,quadratic,raw,14.0,even,0,-0.28029495051655473,0.0,177,0.00912441499531269,-0.28029495051655473,,177,0,0,
quadratic:raw:14:even:1,quadratic,quadratic,raw,14.0,even,1,3.3007686258231317,3.5810635763396865,177,0.00912441499531269,-0.28029495051655473,,177,0,0,
quadratic:raw:14:even:2,quadratic,quadratic,raw,14.0,even,2,4.192962995622178,4.473257946138733,177,0.00912441499531269,-0.28029495051655473,,177,0,0,
quadratic:raw:14:odd:0,quadratic,quadratic,raw,14.0,odd,0,1.5105128725346209,1.7908078230511757,177,0.00912441499531269,-0.28029495051655473,,177,0,0,
quadratic:raw:14:odd:1,quadratic,quadratic,raw,14.0,odd,1,5.092472815967032,5.3727677664835864,177,0.00912441499531269,-0.28029495051655473,,177,0,0,
quadratic:raw:14:odd:2,quadratic,quadratic,raw,14.0,odd,2,5.98585088643326,6.266145836949815,177,0.00912441499531269,-0.28029495051655473,,177,0,0,
quadratic:local_tail:14:even:0,quadratic,quadratic,local_tail,14.0,even,0,-0.2843904713988388,0.0,177,0.00953447405481711,-0.2843904713988388,,177,0,0,
quadratic:local_tail:14:even:1,quadratic,quadratic,local_tail,14.0,even,1,3.2966731049408544,3.581063576339693,177,0.00953447405481711,-0.2843904713988388,,177,0,0,
quadratic:local_tail:14:even:2,quadratic,quadratic,local_tail,14.0,even,2,4.188867474739895,4.473257946138734,177,0.00953447405481711,-0.2843904713988388,,177,0,0,
quadratic:local_tail:14:odd:0,quadratic,quadratic,local_tail,14.0,odd,0,1.5064173516523427,1.7908078230511815,177,0.00953447405481711,-0.2843904713988388,,177,0,0,
quadratic:local_tail:14:odd:1,quadratic,quadratic,local_tail,14.0,odd,1,5.088377295084753,5.372767766483591,177,0.00953447405481711,-0.2843904713988388,,177,0,0,
quadratic:local_tail:14:odd:2,quadratic,quadratic,local_tail,14.0,odd,2,5.981755365550988,6.266145836949827,177,0.00953447405481711,-0.2843904713988388,,177,0,0,
quadratic:raw:16:even:0,quadratic,quadratic,raw,16.0,even,0,-0.2805114343727362,0.0,334,0.010480741912033409,-0.2805114343727362,,334,0,0,
quadratic:raw:16:even:1,quadratic,quadratic,raw,16.0,even,1,3.2980813577976376,3.5785927921703737,334,0.010480741912033409,-0.2805114343727362,,334,0,0,
quadratic:raw:16:even:2,quadratic,quadratic,raw,16.0,even,2,4.188515311743459,4.469026746116196,334,0.010480741912033409,-0.2805114343727362,,334,0,0,
quadratic:raw:16:odd:0,quadratic,quadratic,raw,16.0,odd,0,1.5086417483254342,1.7891531826981704,334,0.010480741912033409,-0.2805114343727362,,334,0,0,
quadratic:raw:16:odd:1,quadratic,quadratic,raw,16.0,odd,1,5.088779797490621,5.369291231863357,334,0.010480741912033409,-0.2805114343727362,,334,0,0,
quadratic:raw:16:odd:2,quadratic,quadratic,raw,16.0,odd,2,5.978497614663748,6.259009049036484,334,0.010480741912033409,-0.2805114343727362,,334,0,0,
quadratic:local_tail:16:even:0,quadratic,quadratic,local_tail,16.0,even,0,-0.2846069552550149,0.0,334,0.01067084597889334,-0.2846069552550149,,334,0,0,
quadratic:local_tail:16:even:1,quadratic,quadratic,local_tail,16.0,even,1,3.293985836915353,3.578592792170368,334,0.01067084597889334,-0.2846069552550149,,334,0,0,
quadratic:local_tail:16:even:2,quadratic,quadratic,local_tail,16.0,even,2,4.184419790861178,4.469026746116193,334,0.01067084597889334,-0.2846069552550149,,334,0,0,
quadratic:local_tail:16:odd:0,quadratic,quadratic,local_tail,16.0,odd,0,1.5045462274431551,1.7891531826981701,334,0.01067084597889334,-0.2846069552550149,,334,0,0,
quadratic:local_tail:16:odd:1,quadratic,quadratic,local_tail,16.0,odd,1,5.084684276608342,5.3692912318633566,334,0.01067084597889334,-0.2846069552550149,,334,0,0,
quadratic:local_tail:16:odd:2,quadratic,quadratic,local_tail,16.0,odd,2,5.974402093781475,6.259009049036489,334,0.01067084597889334,-0.2846069552550149,,334,0,0,
periodic:raw:12:even:0,periodic,periodic,raw,12.0,even,0,-0.3352392761113737,0.0,129,0.01021925697568804,-0.3352392761113737,,129,0,0,
periodic:raw:12:even:1,periodic,periodic,raw,12.0,even,1,1.328805142679075,1.6640444187904486,129,0.01021925697568804,-0.3352392761113737,,129,0,0,
periodic:raw:12:even:2,periodic,periodic,raw,12.0,even,2,2.9359802872528498,3.2712195633642236,129,0.01021925697568804,-0.3352392761113737,,129,0,0,
periodic:raw:12:odd:0,periodic,periodic,raw,12.0,odd,0,0.3065272756389637,0.6417665517503375,129,0.01021925697568804,-0.3352392761113737,,129,0,0,
periodic:raw:12:odd:1,periodic,periodic,raw,12.0,odd,1,2.698200048107048,3.033439324218422,129,0.01021925697568804,-0.3352392761113737,,129,0,0,
periodic:raw:12:odd:2,periodic,periodic,raw,12.0,odd,2,4.356477868002093,4.691717144113467,129,0.01021925697568804,-0.3352392761113737,,129,0,0,
periodic:local_tail:12:even:0,periodic,periodic,local_tail,12.0,even,0,-0.6417901069236129,0.0,129,0.010838188987690955,-0.6417901069236129,,129,0,0,
periodic:local_tail:12:even:1,periodic,periodic,local_tail,12.0,even,1,0.8327927709586624,1.4745828778822754,129,0.010838188987690955,-0.6417901069236129,,129,0,0,
periodic:local_tail:12:even:2,periodic,periodic,local_tail,12.0,even,2,2.5051041403382937,3.1468942472619066,129,0.010838188987690955,-0.6417901069236129,,129,0,0,
periodic:local_tail:12:odd:0,periodic,periodic,local_tail,12.0,odd,0,-0.11869194316084666,0.5230981637627663,129,0.010838188987690955,-0.6417901069236129,,129,0,0,
periodic:local_tail:12:odd:1,periodic,periodic,local_tail,12.0,odd,1,2.121191122179207,2.7629812291028197,129,0.010838188987690955,-0.6417901069236129,,129,0,0,
periodic:local_tail:12:odd:2,periodic,periodic,local_tail,12.0,odd,2,3.837293957520707,4.47908406444432,129,0.010838188987690955,-0.6417901069236129,,129,0,0,
periodic:generated_raw:12:even:0,periodic,periodic,generated_raw,12.0,even,0,-0.5349574602428881,0.0,70547,24.889929682016373,-0.5349574602428881,,129,70547,33.0,
periodic:generated_raw:12:even:1,periodic,periodic,generated_raw,12.0,even,1,0.9079208418314606,1.4428783020743488,70547,24.889929682016373,-0.5349574602428881,,129,70547,33.0,
periodic:generated_raw:12:even:2,periodic,periodic,generated_raw,12.0,even,2,2.5084663193523706,3.043423779595259,70547,24.889929682016373,-0.5349574602428881,,129,70547,33.0,
periodic:generated_raw:12:odd:0,periodic,periodic,generated_raw,12.0,odd,0,-0.011524387498723917,0.5234330727441643,70547,24.889929682016373,-0.5349574602428881,,129,70547,33.0,
periodic:generated_raw:12:odd:1,periodic,periodic,generated_raw,12.0,odd,1,2.100375919111735,2.635333379354623,70547,24.889929682016373,-0.5349574602428881,,129,70547,33.0,
periodic:generated_raw:12:odd:2,periodic,periodic,generated_raw,12.0,odd,2,3.7528087854117658,4.2877662456546535,70547,24.889929682016373,-0.5349574602428881,,129,70547,33.0,
periodic:generated_local:12:even:0,periodic,periodic,generated_local,12.0,even,0,-0.6075188294515659,0.0,70547,24.889929682016373,-0.6075188294515659,,129,70547,33.0,
periodic:generated_local:12:even:1,periodic,periodic,generated_local,12.0,even,1,0.8050448479319237,1.4125636773834895,70547,24.889929682016373,-0.6075188294515659,,129,70547,33.0,
periodic:generated_local:12:even:2,periodic,periodic,generated_local,12.0,even,2,2.418405964853538,3.0259247943051037,70547,24.889929682016373,-0.6075188294515659,,129,70547,33.0,
periodic:generated_local:12:odd:0,periodic,periodic,generated_local,12.0,odd,0,-0.10446316882730222,0.5030556606242637,70547,24.889929682016373,-0.6075188294515659,,129,70547,33.0,
periodic:generated_local:12:odd:1,periodic,periodic,generated_local,12.0,odd,1,1.9859153111482644,2.5934341405998302,70547,24.889929682016373,-0.6075188294515659,,129,70547,33.0,
periodic:generated_local:12:odd:2,periodic,periodic,generated_local,12.0,odd,2,3.646171969613093,4.253690799064659,70547,24.889929682016373,-0.6075188294515659,,129,70547,33.0,
periodic:raw:14:even:0,periodic,periodic,raw,14.0,even,0,-0.37570261773184777,0.0,259,0.009816740057431161,-0.37570261773184777,,259,0,0,
periodic:raw:14:even:1,periodic,periodic,raw,14.0,even,1,1.236471333030134,1.6121739507619819,259,0.009816740057431161,-0.37570261773184777,,259,0,0,
periodic:raw:14:even:2,periodic,periodic,raw,14.0,even,2,2.8285284274655407,3.2042310451973885,259,0.009816740057431161,-0.37570261773184777,,259,0,0,
periodic:raw:14:odd:0,periodic,periodic,raw,14.0,odd,0,0.23313640124252716,0.6088390189743749,259,0.009816740057431161,-0.37570261773184777,,259,0,0,
periodic:raw:14:odd:1,periodic,periodic,raw,14.0,odd,1,2.5426770431882195,2.9183796609200674,259,0.009816740057431161,-0.37570261773184777,,259,0,0,
periodic:raw:14:odd:2,periodic,periodic,raw,14.0,odd,2,4.231214854988796,4.606917472720643,259,0.009816740057431161,-0.37570261773184777,,259,0,0,
periodic:local_tail:14:even:0,periodic,periodic,local_tail,14.0,even,0,-0.6203007866116866,0.0,259,0.010704606014769524,-0.6203007866116866,,259,0,0,
periodic:local_tail:14:even:1,periodic,periodic,local_tail,14.0,even,1,0.8522235648655984,1.472524351477285,259,0.010704606014769524,-0.6203007866116866,,259,0,0,
periodic:local_tail:14:even:2,periodic,periodic,local_tail,14.0,even,2,2.4960111603759083,3.116311946987595,259,0.010704606014769524,-0.6203007866116866,,259,0,0,
periodic:local_tail:14:odd:0,periodic,periodic,local_tail,14.0,odd,0,-0.09900906957998386,0.5212917170317027,259,0.010704606014769524,-0.6203007866116866,,259,0,0,
periodic:local_tail:14:odd:1,periodic,periodic,local_tail,14.0,odd,1,2.100383792571193,2.7206845791828798,259,0.010704606014769524,-0.6203007866116866,,259,0,0,
periodic:local_tail:14:odd:2,periodic,periodic,local_tail,14.0,odd,2,3.8236226494535055,4.443923436065192,259,0.010704606014769524,-0.6203007866116866,,259,0,0,
periodic:generated_raw:14:even:0,periodic,periodic,generated_raw,14.0,even,0,-0.5349574602428881,0.0,70547,24.889929682016373,-0.5349574602428881,,259,70547,33.0,
periodic:generated_raw:14:even:1,periodic,periodic,generated_raw,14.0,even,1,0.9079208418314606,1.4428783020743488,70547,24.889929682016373,-0.5349574602428881,,259,70547,33.0,
periodic:generated_raw:14:even:2,periodic,periodic,generated_raw,14.0,even,2,2.5084663193523706,3.043423779595259,70547,24.889929682016373,-0.5349574602428881,,259,70547,33.0,
periodic:generated_raw:14:odd:0,periodic,periodic,generated_raw,14.0,odd,0,-0.011524387498723917,0.5234330727441643,70547,24.889929682016373,-0.5349574602428881,,259,70547,33.0,
periodic:generated_raw:14:odd:1,periodic,periodic,generated_raw,14.0,odd,1,2.100375919111735,2.635333379354623,70547,24.889929682016373,-0.5349574602428881,,259,70547,33.0,
periodic:generated_raw:14:odd:2,periodic,periodic,generated_raw,14.0,odd,2,3.7528087854117658,4.2877662456546535,70547,24.889929682016373,-0.5349574602428881,,259,70547,33.0,
periodic:generated_local:14:even:0,periodic,periodic,generated_local,14.0,even,0,-0.6075188294515659,0.0,70547,24.889929682016373,-0.6075188294515659,,259,70547,33.0,
periodic:generated_local:14:even:1,periodic,periodic,generated_local,14.0,even,1,0.8050448479319237,1.4125636773834895,70547,24.889929682016373,-0.6075188294515659,,259,70547,33.0,
periodic:generated_local:14:even:2,periodic,periodic,generated_local,14.0,even,2,2.418405964853538,3.0259247943051037,70547,24.889929682016373,-0.6075188294515659,,259,70547,33.0,
periodic:generated_local:14:odd:0,periodic,periodic,generated_local,14.0,odd,0,-0.10446316882730222,0.5030556606242637,70547,24.889929682016373,-0.6075188294515659,,259,70547,33.0,
periodic:generated_local:14:odd:1,periodic,periodic,generated_local,14.0,odd,1,1.9859153111482644,2.5934341405998302,70547,24.889929682016373,-0.6075188294515659,,259,70547,33.0,
periodic:generated_local:14:odd:2,periodic,periodic,generated_local,14.0,odd,2,3.646171969613093,4.253690799064659,70547,24.889929682016373,-0.6075188294515659,,259,70547,33.0,
periodic:raw:16:even:0,periodic,periodic,raw,16.0,even,0,-0.41352335403384616,0.0,522,0.016106359020341188,-0.41352335403384616,,522,0,0,
periodic:raw:16:even:1,periodic,periodic,raw,16.0,even,1,1.1541822788125102,1.5677056328463563,522,0.016106359020341188,-0.41352335403384616,,522,0,0,
periodic:raw:16:even:2,periodic,periodic,raw,16.0,even,2,2.747219232313497,3.1607425863473435,522,0.016106359020341188,-0.41352335403384616,,522,0,0,
periodic:raw:16:odd:0,periodic,periodic,raw,16.0,odd,0,0.17477207014295632,0.5882954241768025,522,0.016106359020341188,-0.41352335403384616,,522,0,0,
periodic:raw:16:odd:1,periodic,periodic,raw,16.0,odd,1,2.4366100190259603,2.8501333730598066,522,0.016106359020341188,-0.41352335403384616,,522,0,0,
periodic:raw:16:odd:2,periodic,periodic,raw,16.0,odd,2,4.109865101707685,4.523388455741531,522,0.016106359020341188,-0.41352335403384616,,522,0,0,
periodic:local_tail:16:even:0,periodic,periodic,local_tail,16.0,even,0,-0.6114949566461446,0.0,522,0.01669827103614807,-0.6114949566461446,,522,0,0,
periodic:local_tail:16:even:1,periodic,periodic,local_tail,16.0,even,1,0.8518471587618801,1.4633421154080248,522,0.01669827103614807,-0.6114949566461446,,522,0,0,
periodic:local_tail:16:even:2,periodic,periodic,local_tail,16.0,even,2,2.4849032640574986,3.096398220703643,522,0.01669827103614807,-0.6114949566461446,,522,0,0,
periodic:local_tail:16:odd:0,periodic,periodic,local_tail,16.0,odd,0,-0.09069853549871316,0.5207964211474314,522,0.01669827103614807,-0.6114949566461446,,522,0,0,
periodic:local_tail:16:odd:1,periodic,periodic,local_tail,16.0,odd,1,2.0908296433991413,2.702324600045286,522,0.01669827103614807,-0.6114949566461446,,522,0,0,
periodic:local_tail:16:odd:2,periodic,periodic,local_tail,16.0,odd,2,3.7881326266903184,4.399627583336463,522,0.01669827103614807,-0.6114949566461446,,522,0,0,
periodic:generated_raw:16:even:0,periodic,periodic,generated_raw,16.0,even,0,-0.5349574602428881,0.0,70547,24.889929682016373,-0.5349574602428881,,522,70547,33.0,
periodic:generated_raw:16:even:1,periodic,periodic,generated_raw,16.0,even,1,0.9079208418314606,1.4428783020743488,70547,24.889929682016373,-0.5349574602428881,,522,70547,33.0,
periodic:generated_raw:16:even:2,periodic,periodic,generated_raw,16.0,even,2,2.5084663193523706,3.043423779595259,70547,24.889929682016373,-0.5349574602428881,,522,70547,33.0,
periodic:generated_raw:16:odd:0,periodic,periodic,generated_raw,16.0,odd,0,-0.011524387498723917,0.5234330727441643,70547,24.889929682016373,-0.5349574602428881,,522,70547,33.0,
periodic:generated_raw:16:odd:1,periodic,periodic,generated_raw,16.0,odd,1,2.100375919111735,2.635333379354623,70547,24.889929682016373,-0.5349574602428881,,522,70547,33.0,
periodic:generated_raw:16:odd:2,periodic,periodic,generated_raw,16.0,odd,2,3.7528087854117658,4.2877662456546535,70547,24.889929682016373,-0.5349574602428881,,522,70547,33.0,
periodic:generated_local:16:even:0,periodic,periodic,generated_local,16.0,even,0,-0.6075188294515659,0.0,70547,24.889929682016373,-0.6075188294515659,,522,70547,33.0,
periodic:generated_local:16:even:1,periodic,periodic,generated_local,16.0,even,1,0.8050448479319237,1.4125636773834895,70547,24.889929682016373,-0.6075188294515659,,522,70547,33.0,
periodic:generated_local:16:even:2,periodic,periodic,generated_local,16.0,even,2,2.418405964853538,3.0259247943051037,70547,24.889929682016373,-0.6075188294515659,,522,70547,33.0,
periodic:generated_local:16:odd:0,periodic,periodic,generated_local,16.0,odd,0,-0.10446316882730222,0.5030556606242637,70547,24.889929682016373,-0.6075188294515659,,522,70547,33.0,
periodic:generated_local:16:odd:1,periodic,periodic,generated_local,16.0,odd,1,1.9859153111482644,2.5934341405998302,70547,24.889929682016373,-0.6075188294515659,,522,70547,33.0,
periodic:generated_local:16:odd:2,periodic,periodic,generated_local,16.0,odd,2,3.646171969613093,4.253690799064659,70547,24.889929682016373,-0.6075188294515659,,522,70547,33.0,
twisted:raw:12:even:0,twisted,antiperiodic,raw,12.0,even,0,-0.33791743723971013,0.0,84,0.010044072987511754,-0.33791743723971013,,84,0,0,
twisted:raw:12:even:1,twisted,antiperiodic,raw,12.0,even,1,2.2514499384854023,2.5893673757251126,84,0.010044072987511754,-0.33791743723971013,,84,0,0,
twisted:raw:12:even:2,twisted,antiperiodic,raw,12.0,even,2,4.392844925406671,4.730762362646381,84,0.010044072987511754,-0.33791743723971013,,84,0,0,
twisted:raw:12:odd:0,twisted,antiperiodic,raw,12.0,odd,0,0.5368928666939992,0.8748103039337093,84,0.010044072987511754,-0.33791743723971013,,84,0,0,
twisted:raw:12:odd:1,twisted,antiperiodic,raw,12.0,odd,1,3.8903754797085544,4.228292916948265,84,0.010044072987511754,-0.33791743723971013,,84,0,0,
twisted:raw:12:odd:2,twisted,antiperiodic,raw,12.0,odd,2,4.875827515264641,5.213744952504351,84,0.010044072987511754,-0.33791743723971013,,84,0,0,
twisted:local_tail:12:even:0,twisted,antiperiodic,local_tail,12.0,even,0,-0.6596488822759756,0.0,84,0.010989850969053805,-0.6596488822759756,,84,0,0,
twisted:local_tail:12:even:1,twisted,antiperiodic,local_tail,12.0,even,1,1.7584302636102611,2.418079145886237,84,0.010989850969053805,-0.6596488822759756,,84,0,0,
twisted:local_tail:12:even:2,twisted,antiperiodic,local_tail,12.0,even,2,3.962846311182816,4.622495193458791,84,0.010989850969053805,-0.6596488822759756,,84,0,0,
twisted:local_tail:12:odd:0,twisted,antiperiodic,local_tail,12.0,odd,0,0.10628547836254257,0.7659343606385182,84,0.010989850969053805,-0.6596488822759756,,84,0,0,
twisted:local_tail:12:odd:1,twisted,antiperiodic,local_tail,12.0,odd,1,3.3049082910670484,3.964557173343024,84,0.010989850969053805,-0.6596488822759756,,84,0,0,
twisted:local_tail:12:odd:2,twisted,antiperiodic,local_tail,12.0,odd,2,4.301951800149736,4.961600682425711,84,0.010989850969053805,-0.6596488822759756,,84,0,0,
twisted:generated_raw:12:even:0,twisted,antiperiodic,generated_raw,12.0,even,0,-0.5533966434698367,0.0,35711,10.087078553042375,-0.5533966434698367,,84,35711,34.0,
twisted:generated_raw:12:even:1,twisted,antiperiodic,generated_raw,12.0,even,1,1.7829147495326603,2.336311393002497,35711,10.087078553042375,-0.5533966434698367,,84,35711,34.0,
twisted:generated_raw:12:even:2,twisted,antiperiodic,generated_raw,12.0,even,2,3.916290526634657,4.469687170104494,35711,10.087078553042375,-0.5533966434698367,,84,35711,34.0,
twisted:generated_raw:12:odd:0,twisted,antiperiodic,generated_raw,12.0,odd,0,0.21726044786149126,0.770657091331328,35711,10.087078553042375,-0.5533966434698367,,84,35711,34.0,
twisted:generated_raw:12:odd:1,twisted,antiperiodic,generated_raw,12.0,odd,1,3.2476293436418833,3.80102598711172,35711,10.087078553042375,-0.5533966434698367,,84,35711,34.0,
twisted:generated_raw:12:odd:2,twisted,antiperiodic,generated_raw,12.0,odd,2,4.225674020535873,4.77907066400571,35711,10.087078553042375,-0.5533966434698367,,84,35711,34.0,
twisted:generated_local:12:even:0,twisted,antiperiodic,generated_local,12.0,even,0,-0.6259769056396842,0.0,35711,10.087078553042375,-0.6259769056396842,,84,35711,34.0,
twisted:generated_local:12:even:1,twisted,antiperiodic,generated_local,12.0,even,1,1.6881555732166287,2.3141324788563127,35711,10.087078553042375,-0.6259769056396842,,84,35711,34.0,
twisted:generated_local:12:even:2,twisted,antiperiodic,generated_local,12.0,even,2,3.8282661515049177,4.454243057144602,35711,10.087078553042375,-0.6259769056396842,,84,35711,34.0,
twisted:generated_local:12:odd:0,twisted,antiperiodic,generated_local,12.0,odd,0,0.12809047008792412,0.7540673757276084,35711,10.087078553042375,-0.6259769056396842,,84,35711,34.0,
twisted:generated_local:12:odd:1,twisted,antiperiodic,generated_local,12.0,odd,1,3.138060897086249,3.7640378027259334,35711,10.087078553042375,-0.6259769056396842,,84,35711,34.0,
twisted:generated_local:12:odd:2,twisted,antiperiodic,generated_local,12.0,odd,2,4.117406780678452,4.743383686318136,35711,10.087078553042375,-0.6259769056396842,,84,35711,34.0,
twisted:raw:14:even:0,twisted,antiperiodic,raw,14.0,even,0,-0.3809477665031928,0.0,148,0.010602433991152793,-0.3809477665031928,,148,0,0,
twisted:raw:14:even:1,twisted,antiperiodic,raw,14.0,even,1,2.136680897835245,2.517628664338438,148,0.010602433991152793,-0.3809477665031928,,148,0,0,
twisted:raw:14:even:2,twisted,antiperiodic,raw,14.0,even,2,4.2912888879982045,4.672236654501397,148,0.010602433991152793,-0.3809477665031928,,148,0,0,
twisted:raw:14:odd:0,twisted,antiperiodic,raw,14.0,odd,0,0.4766134471512794,0.8575612136544721,148,0.010602433991152793,-0.3809477665031928,,148,0,0,
twisted:raw:14:odd:1,twisted,antiperiodic,raw,14.0,odd,1,3.7673180781697617,4.148265844672954,148,0.010602433991152793,-0.3809477665031928,,148,0,0,
twisted:raw:14:odd:2,twisted,antiperiodic,raw,14.0,odd,2,4.7492820473968695,5.130229813900062,148,0.010602433991152793,-0.3809477665031928,,148,0,0,
twisted:local_tail:14:even:0,twisted,antiperiodic,local_tail,14.0,even,0,-0.6462176356006273,0.0,148,0.01152682100655511,-0.6462176356006273,,148,0,0,
twisted:local_tail:14:even:1,twisted,antiperiodic,local_tail,14.0,even,1,1.758267653217162,2.4044852888177894,148,0.01152682100655511,-0.6462176356006273,,148,0,0,
twisted:local_tail:14:even:2,twisted,antiperiodic,local_tail,14.0,even,2,3.9485208280240647,4.594738463624692,148,0.01152682100655511,-0.6462176356006273,,148,0,0,
twisted:local_tail:14:odd:0,twisted,antiperiodic,local_tail,14.0,odd,0,0.13555158484812085,0.7817692204487481,148,0.01152682100655511,-0.6462176356006273,,148,0,0,
twisted:local_tail:14:odd:1,twisted,antiperiodic,local_tail,14.0,odd,1,3.3186989323464626,3.96491656794709,148,0.01152682100655511,-0.6462176356006273,,148,0,0,
twisted:local_tail:14:odd:2,twisted,antiperiodic,local_tail,14.0,odd,2,4.31052976429258,4.9567473998932075,148,0.01152682100655511,-0.6462176356006273,,148,0,0,
twisted:generated_raw:14:even:0,twisted,antiperiodic,generated_raw,14.0,even,0,-0.5533966434698367,0.0,35711,10.087078553042375,-0.5533966434698367,,148,35711,34.0,
twisted:generated_raw:14:even:1,twisted,antiperiodic,generated_raw,14.0,even,1,1.7829147495326603,2.336311393002497,35711,10.087078553042375,-0.5533966434698367,,148,35711,34.0,
twisted:generated_raw:14:even:2,twisted,antiperiodic,generated_raw,14.0,even,2,3.916290526634657,4.469687170104494,35711,10.087078553042375,-0.5533966434698367,,148,35711,34.0,
twisted:generated_raw:14:odd:0,twisted,antiperiodic,generated_raw,14.0,odd,0,0.21726044786149126,0.770657091331328,35711,10.087078553042375,-0.5533966434698367,,148,35711,34.0,
twisted:generated_raw:14:odd:1,twisted,antiperiodic,generated_raw,14.0,odd,1,3.2476293436418833,3.80102598711172,35711,10.087078553042375,-0.5533966434698367,,148,35711,34.0,
twisted:generated_raw:14:odd:2,twisted,antiperiodic,generated_raw,14.0,odd,2,4.225674020535873,4.77907066400571,35711,10.087078553042375,-0.5533966434698367,,148,35711,34.0,
twisted:generated_local:14:even:0,twisted,antiperiodic,generated_local,14.0,even,0,-0.6259769056396842,0.0,35711,10.087078553042375,-0.6259769056396842,,148,35711,34.0,
twisted:generated_local:14:even:1,twisted,antiperiodic,generated_local,14.0,even,1,1.6881555732166287,2.3141324788563127,35711,10.087078553042375,-0.6259769056396842,,148,35711,34.0,
twisted:generated_local:14:even:2,twisted,antiperiodic,generated_local,14.0,even,2,3.8282661515049177,4.454243057144602,35711,10.087078553042375,-0.6259769056396842,,148,35711,34.0,
twisted:generated_local:14:odd:0,twisted,antiperiodic,generated_local,14.0,odd,0,0.12809047008792412,0.7540673757276084,35711,10.087078553042375,-0.6259769056396842,,148,35711,34.0,
twisted:generated_local:14:odd:1,twisted,antiperiodic,generated_local,14.0,odd,1,3.138060897086249,3.7640378027259334,35711,10.087078553042375,-0.6259769056396842,,148,35711,34.0,
twisted:generated_local:14:odd:2,twisted,antiperiodic,generated_local,14.0,odd,2,4.117406780678452,4.743383686318136,35711,10.087078553042375,-0.6259769056396842,,148,35711,34.0,
twisted:raw:16:even:0,twisted,antiperiodic,raw,16.0,even,0,-0.42214174889522543,0.0,308,0.011921098979655653,-0.42214174889522543,,308,0,0,
twisted:raw:16:even:1,twisted,antiperiodic,raw,16.0,even,1,2.041211257293526,2.4633530061887514,308,0.011921098979655653,-0.42214174889522543,,308,0,0,
twisted:raw:16:even:2,twisted,antiperiodic,raw,16.0,even,2,4.2224645309760565,4.644606279871282,308,0.011921098979655653,-0.42214174889522543,,308,0,0,
twisted:raw:16:odd:0,twisted,antiperiodic,raw,16.0,odd,0,0.415600439587238,0.8377421884824634,308,0.011921098979655653,-0.42214174889522543,,308,0,0,
twisted:raw:16:odd:1,twisted,antiperiodic,raw,16.0,odd,1,3.6414358793952264,4.063577628290452,308,0.011921098979655653,-0.42214174889522543,,308,0,0,
twisted:raw:16:odd:2,twisted,antiperiodic,raw,16.0,odd,2,4.619405889277316,5.041547638172542,308,0.011921098979655653,-0.42214174889522543,,308,0,0,
twisted:local_tail:16:even:0,twisted,antiperiodic,local_tail,16.0,even,0,-0.645593774050907,0.0,308,0.013018240977544338,-0.645593774050907,,308,0,0,
twisted:local_tail:16:even:1,twisted,antiperiodic,local_tail,16.0,even,1,1.7240615059182374,2.3696552799691446,308,0.013018240977544338,-0.645593774050907,,308,0,0,
twisted:local_tail:16:even:2,twisted,antiperiodic,local_tail,16.0,even,2,3.933239610220274,4.578833384271181,308,0.013018240977544338,-0.645593774050907,,308,0,0,
twisted:local_tail:16:odd:0,twisted,antiperiodic,local_tail,16.0,odd,0,0.12460404674811423,0.7701978207990212,308,0.013018240977544338,-0.645593774050907,,308,0,0,
twisted:local_tail:16:odd:1,twisted,antiperiodic,local_tail,16.0,odd,1,3.2621623928481114,3.907756166899018,308,0.013018240977544338,-0.645593774050907,,308,0,0,
twisted:local_tail:16:odd:2,twisted,antiperiodic,local_tail,16.0,odd,2,4.2456415618227386,4.891235335873645,308,0.013018240977544338,-0.645593774050907,,308,0,0,
twisted:generated_raw:16:even:0,twisted,antiperiodic,generated_raw,16.0,even,0,-0.5533966434698367,0.0,35711,10.087078553042375,-0.5533966434698367,,308,35711,34.0,
twisted:generated_raw:16:even:1,twisted,antiperiodic,generated_raw,16.0,even,1,1.7829147495326603,2.336311393002497,35711,10.087078553042375,-0.5533966434698367,,308,35711,34.0,
twisted:generated_raw:16:even:2,twisted,antiperiodic,generated_raw,16.0,even,2,3.916290526634657,4.469687170104494,35711,10.087078553042375,-0.5533966434698367,,308,35711,34.0,
twisted:generated_raw:16:odd:0,twisted,antiperiodic,generated_raw,16.0,odd,0,0.21726044786149126,0.770657091331328,35711,10.087078553042375,-0.5533966434698367,,308,35711,34.0,
twisted:generated_raw:16:odd:1,twisted,antiperiodic,generated_raw,16.0,odd,1,3.2476293436418833,3.80102598711172,35711,10.087078553042375,-0.5533966434698367,,308,35711,34.0,
twisted:generated_raw:16:odd:2,twisted,antiperiodic,generated_raw,16.0,odd,2,4.225674020535873,4.77907066400571,35711,10.087078553042375,-0.5533966434698367,,308,35711,34.0,
twisted:generated_local:16:even:0,twisted,antiperiodic,generated_local,16.0,even,0,-0.6259769056396842,0.0,35711,10.087078553042375,-0.6259769056396842,,308,35711,34.0,
twisted:generated_local:16:even:1,twisted,antiperiodic,generated_local,16.0,even,1,1.6881555732166287,2.3141324788563127,35711,10.087078553042375,-0.6259769056396842,,308,35711,34.0,
twisted:generated_local:16:even:2,twisted,antiperiodic,generated_local,16.0,even,2,3.8282661515049177,4.454243057144602,35711,10.087078553042375,-0.6259769056396842,,308,35711,34.0,
twisted:generated_local:16:odd:0,twisted,antiperiodic,generated_local,16.0,odd,0,0.12809047008792412,0.7540673757276084,35711,10.087078553042375,-0.6259769056396842,,308,35711,34.0,
twisted:generated_local:16:odd:1,twisted,antiperiodic,generated_local,16.0,odd,1,3.138060897086249,3.7640378027259334,35711,10.087078553042375,-0.6259769056396842,,308,35711,34.0,
twisted:generated_local:16:odd:2,twisted,antiperiodic,generated_local,16.0,odd,2,4.117406780678452,4.743383686318136,35711,10.087078553042375,-0.6259769056396842,,308,35711,34.0,
biased:raw:12:mixed:0,biased,source_broken,raw,12.0,mixed,0,-0.4378498375446125,0.0,54,0.007336531009059399,-0.4378498375446125,,54,0,0,
biased:raw:12:mixed:1,biased,source_broken,raw,12.0,mixed,1,0.6001928355328003,1.0380426730774128,54,0.007336531009059399,-0.4378498375446125,,54,0,0,
biased:raw:12:mixed:2,biased,source_broken,raw,12.0,mixed,2,1.7359027196172616,2.1737525571618743,54,0.007336531009059399,-0.4378498375446125,,54,0,0,
biased:local_tail:12:mixed:0,biased,source_broken,local_tail,12.0,mixed,0,-0.6444558635397559,0.0,54,0.007730987970717251,-0.6444558635397559,,54,0,0,
biased:local_tail:12:mixed:1,biased,source_broken,local_tail,12.0,mixed,1,0.40086179392945837,1.0453176574692142,54,0.007730987970717251,-0.6444558635397559,,54,0,0,
biased:local_tail:12:mixed:2,biased,source_broken,local_tail,12.0,mixed,2,1.4618209780668192,2.106276841606575,54,0.007730987970717251,-0.6444558635397559,,54,0,0,
biased:generated_raw:12:mixed:0,biased,source_broken,generated_raw,12.0,mixed,0,-0.5967604012928984,0.0,10191,3.789230848022271,-0.5967604012928984,,54,10191,34.0,
biased:generated_raw:12:mixed:1,biased,source_broken,generated_raw,12.0,mixed,1,0.4302333160601145,1.026993717353013,10191,3.789230848022271,-0.5967604012928984,,54,10191,34.0,
biased:generated_raw:12:mixed:2,biased,source_broken,generated_raw,12.0,mixed,2,1.4554160404243526,2.052176441717251,10191,3.789230848022271,-0.5967604012928984,,54,10191,34.0,
biased:generated_local:12:mixed:0,biased,source_broken,generated_local,12.0,mixed,0,-0.6472643257193313,0.0,10191,3.789230848022271,-0.6472643257193313,,54,10191,34.0,
biased:generated_local:12:mixed:1,biased,source_broken,generated_local,12.0,mixed,1,0.38334310049179915,1.0306074262111304,10191,3.789230848022271,-0.6472643257193313,,54,10191,34.0,
biased:generated_local:12:mixed:2,biased,source_broken,generated_local,12.0,mixed,2,1.3940725222500427,2.041336847969374,10191,3.789230848022271,-0.6472643257193313,,54,10191,34.0,
biased:raw:14:mixed:0,biased,source_broken,raw,14.0,mixed,0,-0.46744696455637647,0.0,87,0.006676459044683725,-0.46744696455637647,,87,0,0,
biased:raw:14:mixed:1,biased,source_broken,raw,14.0,mixed,1,0.5645986487415442,1.0320456132979205,87,0.006676459044683725,-0.46744696455637647,,87,0,0,
biased:raw:14:mixed:2,biased,source_broken,raw,14.0,mixed,2,1.660372815343818,2.1278197799001943,87,0.006676459044683725,-0.46744696455637647,,87,0,0,
biased:local_tail:14:mixed:0,biased,source_broken,local_tail,14.0,mixed,0,-0.6756509204067753,0.0,87,0.007112227031029761,-0.6756509204067753,,87,0,0,
biased:local_tail:14:mixed:1,biased,source_broken,local_tail,14.0,mixed,1,0.36895587896933935,1.0446067993761146,87,0.007112227031029761,-0.6756509204067753,,87,0,0,
biased:local_tail:14:mixed:2,biased,source_broken,local_tail,14.0,mixed,2,1.3923652238155129,2.0680161442222884,87,0.007112227031029761,-0.6756509204067753,,87,0,0,
biased:generated_raw:14:mixed:0,biased,source_broken,generated_raw,14.0,mixed,0,-0.5967604012928984,0.0,10191,3.789230848022271,-0.5967604012928984,,87,10191,34.0,
biased:generated_raw:14:mixed:1,biased,source_broken,generated_raw,14.0,mixed,1,0.4302333160601145,1.026993717353013,10191,3.789230848022271,-0.5967604012928984,,87,10191,34.0,
biased:generated_raw:14:mixed:2,biased,source_broken,generated_raw,14.0,mixed,2,1.4554160404243526,2.052176441717251,10191,3.789230848022271,-0.5967604012928984,,87,10191,34.0,
biased:generated_local:14:mixed:0,biased,source_broken,generated_local,14.0,mixed,0,-0.6472643257193313,0.0,10191,3.789230848022271,-0.6472643257193313,,87,10191,34.0,
biased:generated_local:14:mixed:1,biased,source_broken,generated_local,14.0,mixed,1,0.38334310049179915,1.0306074262111304,10191,3.789230848022271,-0.6472643257193313,,87,10191,34.0,
biased:generated_local:14:mixed:2,biased,source_broken,generated_local,14.0,mixed,2,1.3940725222500427,2.041336847969374,10191,3.789230848022271,-0.6472643257193313,,87,10191,34.0,
biased:raw:16:mixed:0,biased,source_broken,raw,16.0,mixed,0,-0.502913184906215,0.0,162,0.007139506982639432,-0.502913184906215,,162,0,0,
biased:raw:16:mixed:1,biased,source_broken,raw,16.0,mixed,1,0.532343572563853,1.035256757470068,162,0.007139506982639432,-0.502913184906215,,162,0,0,
biased:raw:16:mixed:2,biased,source_broken,raw,16.0,mixed,2,1.6103021864558027,2.113215371362018,162,0.007139506982639432,-0.502913184906215,,162,0,0,
biased:local_tail:16:mixed:0,biased,source_broken,local_tail,16.0,mixed,0,-0.6470886979531911,0.0,162,0.007677646994125098,-0.6470886979531911,,162,0,0,
biased:local_tail:16:mixed:1,biased,source_broken,local_tail,16.0,mixed,1,0.3964877432860785,1.0435764412392696,162,0.007677646994125098,-0.6470886979531911,,162,0,0,
biased:local_tail:16:mixed:2,biased,source_broken,local_tail,16.0,mixed,2,1.4248486048669835,2.0719373028201744,162,0.007677646994125098,-0.6470886979531911,,162,0,0,
biased:generated_raw:16:mixed:0,biased,source_broken,generated_raw,16.0,mixed,0,-0.5967604012928984,0.0,10191,3.789230848022271,-0.5967604012928984,,162,10191,34.0,
biased:generated_raw:16:mixed:1,biased,source_broken,generated_raw,16.0,mixed,1,0.4302333160601145,1.026993717353013,10191,3.789230848022271,-0.5967604012928984,,162,10191,34.0,
biased:generated_raw:16:mixed:2,biased,source_broken,generated_raw,16.0,mixed,2,1.4554160404243526,2.052176441717251,10191,3.789230848022271,-0.5967604012928984,,162,10191,34.0,
biased:generated_local:16:mixed:0,biased,source_broken,generated_local,16.0,mixed,0,-0.6472643257193313,0.0,10191,3.789230848022271,-0.6472643257193313,,162,10191,34.0,
biased:generated_local:16:mixed:1,biased,source_broken,generated_local,16.0,mixed,1,0.38334310049179915,1.0306074262111304,10191,3.789230848022271,-0.6472643257193313,,162,10191,34.0,
biased:generated_local:16:mixed:2,biased,source_broken,generated_local,16.0,mixed,2,1.3940725222500427,2.041336847969374,10191,3.789230848022271,-0.6472643257193313,,162,10191,34.0,
modulated:raw:12:even:0,modulated,inhomogeneous,raw,12.0,even,0,-0.15634208217814788,0.0,236,0.03348130494123325,-0.15634208217814788,,236,0,0,
modulated:raw:12:even:1,modulated,inhomogeneous,raw,12.0,even,1,1.9580345760748004,2.114376658252948,236,0.03348130494123325,-0.15634208217814788,,236,0,0,
modulated:raw:12:even:2,modulated,inhomogeneous,raw,12.0,even,2,3.5110314350354805,3.6673735172136284,236,0.03348130494123325,-0.15634208217814788,,236,0,0,
modulated:raw:12:odd:0,modulated,inhomogeneous,raw,12.0,odd,0,0.5962382216212382,0.7525803037993861,236,0.03348130494123325,-0.15634208217814788,,236,0,0,
modulated:raw:12:odd:1,modulated,inhomogeneous,raw,12.0,odd,1,2.1926654276368263,2.349007509814974,236,0.03348130494123325,-0.15634208217814788,,236,0,0,
modulated:raw:12:odd:2,modulated,inhomogeneous,raw,12.0,odd,2,2.19968195535043,2.3560240375285777,236,0.03348130494123325,-0.15634208217814788,,236,0,0,
modulated:local_tail:12:even:0,modulated,inhomogeneous,local_tail,12.0,even,0,-0.2594871300639965,0.0,236,0.03571402793750167,-0.2594871300639965,,236,0,0,
modulated:local_tail:12:even:1,modulated,inhomogeneous,local_tail,12.0,even,1,1.7443750187701013,2.0038621488340977,236,0.03571402793750167,-0.2594871300639965,,236,0,0,
modulated:local_tail:12:even:2,modulated,inhomogeneous,local_tail,12.0,even,2,3.315970899246471,3.5754580293104676,236,0.03571402793750167,-0.2594871300639965,,236,0,0,
modulated:local_tail:12:odd:0,modulated,inhomogeneous,local_tail,12.0,odd,0,0.42207628275166054,0.681563412815657,236,0.03571402793750167,-0.2594871300639965,,236,0,0,
modulated:local_tail:12:odd:1,modulated,inhomogeneous,local_tail,12.0,odd,1,2.0741918574733305,2.333678987537327,236,0.03571402793750167,-0.2594871300639965,,236,0,0,
modulated:local_tail:12:odd:2,modulated,inhomogeneous,local_tail,12.0,odd,2,2.080236760742131,2.3397238908061273,236,0.03571402793750167,-0.2594871300639965,,236,0,0,
modulated:generated_raw:12:even:0,modulated,inhomogeneous,generated_raw,12.0,even,0,-0.225204491151633,0.0,25181,23.560647608013824,-0.225204491151633,,236,25181,34.0,8
modulated:generated_raw:12:even:1,modulated,inhomogeneous,generated_raw,12.0,even,1,1.7698346516045051,1.9950391427561383,25181,23.560647608013824,-0.225204491151633,,236,25181,34.0,8
modulated:generated_raw:12:even:2,modulated,inhomogeneous,generated_raw,12.0,even,2,3.298885935905772,3.5240904270574047,25181,23.560647608013824,-0.225204491151633,,236,25181,34.0,8
modulated:generated_raw:12:odd:0,modulated,inhomogeneous,generated_raw,12.0,odd,0,0.4669165275122864,0.6921210186639194,25181,23.560647608013824,-0.225204491151633,,236,25181,34.0,8
modulated:generated_raw:12:odd:1,modulated,inhomogeneous,generated_raw,12.0,odd,1,2.0799472588726604,2.3051517500242933,25181,23.560647608013824,-0.225204491151633,,236,25181,34.0,8
modulated:generated_raw:12:odd:2,modulated,inhomogeneous,generated_raw,12.0,odd,2,2.08674043028712,2.311944921438753,25181,23.560647608013824,-0.225204491151633,,236,25181,34.0,8
modulated:generated_local:12:even:0,modulated,inhomogeneous,generated_local,12.0,even,0,-0.2492886468054859,0.0,25181,23.560647608013824,-0.2492886468054859,,236,25181,34.0,8
modulated:generated_local:12:even:1,modulated,inhomogeneous,generated_local,12.0,even,1,1.727981173819061,1.9772698206245467,25181,23.560647608013824,-0.2492886468054859,,236,25181,34.0,8
modulated:generated_local:12:even:2,modulated,inhomogeneous,generated_local,12.0,even,2,3.260125062665913,3.509413709471399,25181,23.560647608013824,-0.2492886468054859,,236,25181,34.0,8
modulated:generated_local:12:odd:0,modulated,inhomogeneous,generated_local,12.0,odd,0,0.43068007671844993,0.6799687235239358,25181,23.560647608013824,-0.2492886468054859,,236,25181,34.0,8
modulated:generated_local:12:odd:1,modulated,inhomogeneous,generated_local,12.0,odd,1,2.053567114031798,2.302855760837284,25181,23.560647608013824,-0.2492886468054859,,236,25181,34.0,8
modulated:generated_local:12:odd:2,modulated,inhomogeneous,generated_local,12.0,odd,2,2.060053718289245,2.309342365094731,25181,23.560647608013824,-0.2492886468054859,,236,25181,34.0,8
modulated:raw:14:even:0,modulated,inhomogeneous,raw,14.0,even,0,-0.16604395823071338,0.0,442,0.036185314995236695,-0.16604395823071338,,442,0,0,
modulated:raw:14:even:1,modulated,inhomogeneous,raw,14.0,even,1,1.9253961067613679,2.0914400649920815,442,0.036185314995236695,-0.16604395823071338,,442,0,0,
modulated:raw:14:even:2,modulated,inhomogeneous,raw,14.0,even,2,3.4627924642555508,3.6288364224862644,442,0.036185314995236695,-0.16604395823071338,,442,0,0,
modulated:raw:14:odd:0,modulated,inhomogeneous,raw,14.0,odd,0,0.5664675036934848,0.7325114619241981,442,0.036185314995236695,-0.16604395823071338,,442,0,0,
modulated:raw:14:odd:1,modulated,inhomogeneous,raw,14.0,odd,1,2.160451004662059,2.326494962892772,442,0.036185314995236695,-0.16604395823071338,,442,0,0,
modulated:raw:14:odd:2,modulated,inhomogeneous,raw,14.0,odd,2,2.168194770306687,2.3342387285374,442,0.036185314995236695,-0.16604395823071338,,442,0,0,
modulated:local_tail:14:even:0,modulated,inhomogeneous,local_tail,14.0,even,0,-0.25955962394695115,0.0,442,0.040967057982925326,-0.25955962394695115,,442,0,0,
modulated:local_tail:14:even:1,modulated,inhomogeneous,local_tail,14.0,even,1,1.7449164701676805,2.0044760941146316,442,0.040967057982925326,-0.25955962394695115,,442,0,0,
modulated:local_tail:14:even:2,modulated,inhomogeneous,local_tail,14.0,even,2,3.2977479184353333,3.5573075423822846,442,0.040967057982925326,-0.25955962394695115,,442,0,0,
modulated:local_tail:14:odd:0,modulated,inhomogeneous,local_tail,14.0,odd,0,0.4144734512260513,0.6740330751730024,442,0.040967057982925326,-0.25955962394695115,,442,0,0,
modulated:local_tail:14:odd:1,modulated,inhomogeneous,local_tail,14.0,odd,1,2.0541995201188574,2.3137591440658087,442,0.040967057982925326,-0.25955962394695115,,442,0,0,
modulated:local_tail:14:odd:2,modulated,inhomogeneous,local_tail,14.0,odd,2,2.0609005821986974,2.3204602061456487,442,0.040967057982925326,-0.25955962394695115,,442,0,0,
modulated:generated_raw:14:even:0,modulated,inhomogeneous,generated_raw,14.0,even,0,-0.225204491151633,0.0,25181,23.560647608013824,-0.225204491151633,,442,25181,34.0,8
modulated:generated_raw:14:even:1,modulated,inhomogeneous,generated_raw,14.0,even,1,1.7698346516045051,1.9950391427561383,25181,23.560647608013824,-0.225204491151633,,442,25181,34.0,8
modulated:generated_raw:14:even:2,modulated,inhomogeneous,generated_raw,14.0,even,2,3.298885935905772,3.5240904270574047,25181,23.560647608013824,-0.225204491151633,,442,25181,34.0,8
modulated:generated_raw:14:odd:0,modulated,inhomogeneous,generated_raw,14.0,odd,0,0.4669165275122864,0.6921210186639194,25181,23.560647608013824,-0.225204491151633,,442,25181,34.0,8
modulated:generated_raw:14:odd:1,modulated,inhomogeneous,generated_raw,14.0,odd,1,2.0799472588726604,2.3051517500242933,25181,23.560647608013824,-0.225204491151633,,442,25181,34.0,8
modulated:generated_raw:14:odd:2,modulated,inhomogeneous,generated_raw,14.0,odd,2,2.08674043028712,2.311944921438753,25181,23.560647608013824,-0.225204491151633,,442,25181,34.0,8
modulated:generated_local:14:even:0,modulated,inhomogeneous,generated_local,14.0,even,0,-0.2492886468054859,0.0,25181,23.560647608013824,-0.2492886468054859,,442,25181,34.0,8
modulated:generated_local:14:even:1,modulated,inhomogeneous,generated_local,14.0,even,1,1.727981173819061,1.9772698206245467,25181,23.560647608013824,-0.2492886468054859,,442,25181,34.0,8
modulated:generated_local:14:even:2,modulated,inhomogeneous,generated_local,14.0,even,2,3.260125062665913,3.509413709471399,25181,23.560647608013824,-0.2492886468054859,,442,25181,34.0,8
modulated:generated_local:14:odd:0,modulated,inhomogeneous,generated_local,14.0,odd,0,0.43068007671844993,0.6799687235239358,25181,23.560647608013824,-0.2492886468054859,,442,25181,34.0,8
modulated:generated_local:14:odd:1,modulated,inhomogeneous,generated_local,14.0,odd,1,2.053567114031798,2.302855760837284,25181,23.560647608013824,-0.2492886468054859,,442,25181,34.0,8
modulated:generated_local:14:odd:2,modulated,inhomogeneous,generated_local,14.0,odd,2,2.060053718289245,2.309342365094731,25181,23.560647608013824,-0.2492886468054859,,442,25181,34.0,8
modulated:raw:16:even:0,modulated,inhomogeneous,raw,16.0,even,0,-0.18470088030570173,0.0,788,0.04494276503100991,-0.18470088030570173,,788,0,0,
modulated:raw:16:even:1,modulated,inhomogeneous,raw,16.0,even,1,1.877346183105973,2.0620470634116748,788,0.04494276503100991,-0.18470088030570173,,788,0,0,
modulated:raw:16:even:2,modulated,inhomogeneous,raw,16.0,even,2,3.420301353523677,3.6050022338293783,788,0.04494276503100991,-0.18470088030570173,,788,0,0,
modulated:raw:16:odd:0,modulated,inhomogeneous,raw,16.0,odd,0,0.5431581744577172,0.727859054763419,788,0.04494276503100991,-0.18470088030570173,,788,0,0,
modulated:raw:16:odd:1,modulated,inhomogeneous,raw,16.0,odd,1,2.147253853527388,2.3319547338330895,788,0.04494276503100991,-0.18470088030570173,,788,0,0,
modulated:raw:16:odd:2,modulated,inhomogeneous,raw,16.0,odd,2,2.154822905257854,2.3395237855635553,788,0.04494276503100991,-0.18470088030570173,,788,0,0,
modulated:local_tail:16:even:0,modulated,inhomogeneous,local_tail,16.0,even,0,-0.2531239554127591,0.0,788,0.051452630024868995,-0.2531239554127591,,788,0,0,
modulated:local_tail:16:even:1,modulated,inhomogeneous,local_tail,16.0,even,1,1.7444103036151,1.997534259027859,788,0.051452630024868995,-0.2531239554127591,,788,0,0,
modulated:local_tail:16:even:2,modulated,inhomogeneous,local_tail,16.0,even,2,3.2965091098377632,3.5496330652505224,788,0.051452630024868995,-0.2531239554127591,,788,0,0,
modulated:local_tail:16:odd:0,modulated,inhomogeneous,local_tail,16.0,odd,0,0.4326638287783975,0.6857877841911566,788,0.051452630024868995,-0.2531239554127591,,788,0,0,
modulated:local_tail:16:odd:1,modulated,inhomogeneous,local_tail,16.0,odd,1,2.0700869346722937,2.3232108900850528,788,0.051452630024868995,-0.2531239554127591,,788,0,0,
modulated:local_tail:16:odd:2,modulated,inhomogeneous,local_tail,16.0,odd,2,2.0769347488000593,2.3300587042128185,788,0.051452630024868995,-0.2531239554127591,,788,0,0,
modulated:generated_raw:16:even:0,modulated,inhomogeneous,generated_raw,16.0,even,0,-0.225204491151633,0.0,25181,23.560647608013824,-0.225204491151633,,788,25181,34.0,8
modulated:generated_raw:16:even:1,modulated,inhomogeneous,generated_raw,16.0,even,1,1.7698346516045051,1.9950391427561383,25181,23.560647608013824,-0.225204491151633,,788,25181,34.0,8
modulated:generated_raw:16:even:2,modulated,inhomogeneous,generated_raw,16.0,even,2,3.298885935905772,3.5240904270574047,25181,23.560647608013824,-0.225204491151633,,788,25181,34.0,8
modulated:generated_raw:16:odd:0,modulated,inhomogeneous,generated_raw,16.0,odd,0,0.4669165275122864,0.6921210186639194,25181,23.560647608013824,-0.225204491151633,,788,25181,34.0,8
modulated:generated_raw:16:odd:1,modulated,inhomogeneous,generated_raw,16.0,odd,1,2.0799472588726604,2.3051517500242933,25181,23.560647608013824,-0.225204491151633,,788,25181,34.0,8
modulated:generated_raw:16:odd:2,modulated,inhomogeneous,generated_raw,16.0,odd,2,2.08674043028712,2.311944921438753,25181,23.560647608013824,-0.225204491151633,,788,25181,34.0,8
modulated:generated_local:16:even:0,modulated,inhomogeneous,generated_local,16.0,even,0,-0.2492886468054859,0.0,25181,23.560647608013824,-0.2492886468054859,,788,25181,34.0,8
modulated:generated_local:16:even:1,modulated,inhomogeneous,generated_local,16.0,even,1,1.727981173819061,1.9772698206245467,25181,23.560647608013824,-0.2492886468054859,,788,25181,34.0,8
modulated:generated_local:16:even:2,modulated,inhomogeneous,generated_local,16.0,even,2,3.260125062665913,3.509413709471399,25181,23.560647608013824,-0.2492886468054859,,788,25181,34.0,8
modulated:generated_local:16:odd:0,modulated,inhomogeneous,generated_local,16.0,odd,0,0.43068007671844993,0.6799687235239358,25181,23.560647608013824,-0.2492886468054859,,788,25181,34.0,8
modulated:generated_local:16:odd:1,modulated,inhomogeneous,generated_local,16.0,odd,1,2.053567114031798,2.302855760837284,25181,23.560647608013824,-0.2492886468054859,,788,25181,34.0,8
modulated:generated_local:16:odd:2,modulated,inhomogeneous,generated_local,16.0,odd,2,2.060053718289245,2.309342365094731,25181,23.560647608013824,-0.2492886468054859,,788,25181,34.0,8
